变压器资产ID,相位,数据时间,氢气(μL/L),甲烷(μL/L),乙烷(μL/L),乙烯(μL/L),乙炔(μL/L),一氧化碳(μL/L),二氧化碳(μL/L),总烃(μL/L),运行状态,数据质量
500KV-1号主变压器,A相,2024-06-01 00:00:00,145.04,10.88,5.5,7.31,0.29,1139.6,1933.7,22.91,注意,良好
500KV-2号主变压器,A相,2024-06-01 00:00:00,102.54,5.24,10.14,12.34,0.21,1119.2,2758.8,28.01,注意,良好
500KV-3号主变压器,A相,2024-06-01 00:00:00,121.37,8.96,26.19,5.15,0.82,1098.4,3562.0,41.23,注意,一般
500KV-1号主变压器,A相,2024-06-02 00:00:00,55.82,11.34,14.11,3.28,0.23,1295.5,2154.8,30.03,注意,良好
500KV-2号主变压器,A相,2024-06-02 00:00:00,174.72,14.07,32.3,2.35,0.7,562.7,1659.2,51.38,注意,良好
500KV-3号主变压器,A相,2024-06-02 00:00:00,215.93,8.87,3.5,3.85,0.09,1183.2,1115.3,16.11,注意,良好
500KV-1号主变压器,A相,2024-06-03 00:00:00,84.57,11.15,17.5,11.61,0.27,1466.8,932.8,41.29,注意,良好
500KV-2号主变压器,A相,2024-06-03 00:00:00,78.54,4.76,26.52,15.55,0.03,1098.6,3214.6,45.69,注意,良好
500KV-3号主变压器,A相,2024-06-03 00:00:00,20.89,8.22,7.49,5.83,0.42,658.1,3220.0,22.93,注意,良好
500KV-1号主变压器,A相,2024-06-04 00:00:00,48.61,7.58,8.52,6.81,0.19,675.6,811.4,23.11,注意,良好
500KV-2号主变压器,A相,2024-06-04 00:00:00,192.69,12.89,19.92,3.62,0.04,1018.6,2876.8,37.54,注意,差
500KV-3号主变压器,A相,2024-06-04 00:00:00,182.27,4.4,27.71,12.57,0.47,918.5,2705.0,47.02,注意,良好
500KV-1号主变压器,A相,2024-06-05 00:00:00,133.98,4.54,6.6,10.48,0.71,230.3,1368.0,22.62,注意,良好
500KV-2号主变压器,A相,2024-06-05 00:00:00,27.8,11.5,4.63,9.34,0.29,1166.6,3149.3,26.56,注意,良好
500KV-3号主变压器,A相,2024-06-05 00:00:00,201.96,6.06,10.61,2.61,0.25,1194.4,1439.8,19.64,注意,良好
500KV-1号主变压器,A相,2024-06-06 00:00:00,155.85,5.93,3.62,0.85,1.16,1141.1,2069.4,11.68,注意,良好
500KV-2号主变压器,A相,2024-06-06 00:00:00,10.0,13.57,6.11,13.81,1.14,639.7,3559.1,35.1,注意,良好
500KV-3号主变压器,A相,2024-06-06 00:00:00,161.41,7.66,23.46,10.0,1.3,1131.5,2161.8,41.04,注意,良好
500KV-1号主变压器,A相,2024-06-07 00:00:00,101.21,10.7,35.5,5.35,0.33,375.4,2739.5,54.29,注意,良好
500KV-2号主变压器,A相,2024-06-07 00:00:00,182.31,7.33,20.64,18.46,0.74,1240.1,1718.6,45.53,注意,良好
500KV-3号主变压器,A相,2024-06-07 00:00:00,90.1,4.65,2.09,5.02,0.06,749.4,2110.3,12.41,注意,良好
500KV-1号主变压器,A相,2024-06-08 00:00:00,81.47,3.15,18.06,17.17,0.04,1124.3,2037.2,40.11,注意,良好
500KV-2号主变压器,A相,2024-06-08 00:00:00,98.17,6.66,25.13,2.85,0.12,1024.6,1787.6,34.72,注意,良好
500KV-3号主变压器,A相,2024-06-08 00:00:00,94.24,12.12,9.3,10.78,1.1,487.0,2853.8,32.41,注意,良好
500KV-1号主变压器,A相,2024-06-09 00:00:00,179.6,12.72,20.5,17.63,0.34,1227.4,3772.4,52.44,注意,良好
500KV-2号主变压器,A相,2024-06-09 00:00:00,60.02,12.83,9.49,12.52,0.38,356.6,1520.5,33.52,注意,良好
500KV-3号主变压器,A相,2024-06-09 00:00:00,46.27,11.57,3.39,14.25,0.43,537.5,1140.9,30.5,注意,良好
500KV-1号主变压器,A相,2024-06-10 00:00:00,171.07,11.55,25.34,4.55,0.14,1066.7,3475.4,42.67,注意,良好
500KV-2号主变压器,A相,2024-06-10 00:00:00,62.51,13.94,7.42,16.88,0.19,198.6,1405.5,37.27,注意,良好
500KV-3号主变压器,A相,2024-06-10 00:00:00,138.72,12.87,26.4,12.65,0.98,605.8,2102.8,51.16,注意,良好
500KV-1号主变压器,A相,2024-06-11 00:00:00,238.19,6.08,25.28,20.09,0.09,1322.9,2550.9,49.5,注意,良好
500KV-2号主变压器,A相,2024-06-11 00:00:00,194.66,8.17,11.99,5.9,0.14,1061.7,2252.6,26.58,注意,良好
500KV-3号主变压器,A相,2024-06-11 00:00:00,202.3,11.06,1.24,1.93,1.3,1435.9,2223.4,15.33,注意,良好
500KV-1号主变压器,A相,2024-06-12 00:00:00,35.78,10.67,30.52,1.23,1.43,789.6,3214.9,42.82,注意,一般
500KV-2号主变压器,A相,2024-06-12 00:00:00,146.76,3.92,22.94,20.42,0.16,266.7,1797.3,48.29,注意,良好
500KV-3号主变压器,A相,2024-06-12 00:00:00,23.06,7.21,17.71,16.82,1.29,545.3,2836.0,43.67,注意,良好
500KV-1号主变压器,A相,2024-06-13 00:00:00,43.2,3.38,14.0,14.36,0.94,461.8,1289.9,31.59,注意,良好
500KV-2号主变压器,A相,2024-06-13 00:00:00,46.07,3.21,12.73,17.47,0.32,1136.6,2335.2,32.19,注意,良好
500KV-3号主变压器,A相,2024-06-13 00:00:00,216.19,6.94,18.67,0.65,0.36,430.5,2975.3,25.99,注意,差
500KV-1号主变压器,A相,2024-06-14 00:00:00,78.12,10.9,31.62,11.32,0.01,400.1,2439.5,51.71,注意,差
500KV-2号主变压器,A相,2024-06-14 00:00:00,89.12,11.34,27.87,10.49,0.13,247.0,2965.4,49.02,注意,良好
500KV-3号主变压器,A相,2024-06-14 00:00:00,56.1,7.68,21.0,20.77,0.55,879.3,2768.4,52.15,注意,良好
500KV-1号主变压器,A相,2024-06-15 00:00:00,206.16,10.44,25.98,20.73,9.13,1155.9,2518.3,69.1,注意,良好
500KV-2号主变压器,A相,2024-06-15 00:00:00,92.25,4.6,27.53,0.91,0.54,1155.7,1028.9,33.36,注意,一般
500KV-3号主变压器,A相,2024-06-15 00:00:00,253.26,5.08,18.65,0.94,1.34,343.0,3129.2,27.3,注意,良好
500KV-1号主变压器,A相,2024-06-16 00:00:00,181.42,14.55,18.58,11.54,0.98,846.7,839.3,47.93,注意,差
500KV-2号主变压器,A相,2024-06-16 00:00:00,111.92,14.52,11.41,0.86,0.76,900.2,3347.5,27.74,注意,良好
500KV-3号主变压器,A相,2024-06-16 00:00:00,132.04,13.12,27.35,8.95,0.62,1248.6,3617.3,51.5,注意,良好
500KV-1号主变压器,A相,2024-06-17 00:00:00,6.97,14.03,16.78,3.42,1.31,1332.9,2261.2,35.0,注意,良好
500KV-2号主变压器,A相,2024-06-17 00:00:00,145.98,10.84,23.06,21.01,0.6,996.4,883.4,54.99,注意,良好
500KV-3号主变压器,A相,2024-06-17 00:00:00,206.83,3.38,27.39,1.33,0.52,575.8,1513.7,32.53,注意,良好
500KV-1号主变压器,A相,2024-06-18 00:00:00,211.38,12.14,11.18,9.43,0.59,331.4,2423.8,31.76,注意,一般
500KV-2号主变压器,A相,2024-06-18 00:00:00,113.29,5.19,15.05,4.95,0.08,1156.1,1346.9,24.87,注意,一般
500KV-3号主变压器,A相,2024-06-18 00:00:00,129.38,5.09,3.12,17.95,0.14,655.5,2735.0,25.41,注意,良好
500KV-1号主变压器,A相,2024-06-19 00:00:00,184.24,4.44,28.5,13.85,0.03,904.0,2638.4,44.73,注意,良好
500KV-2号主变压器,A相,2024-06-19 00:00:00,207.39,11.2,20.01,10.63,0.1,1250.1,1125.9,43.01,注意,良好
500KV-3号主变压器,A相,2024-06-19 00:00:00,143.46,5.07,3.53,8.18,0.03,1320.4,1576.5,17.35,注意,一般
500KV-1号主变压器,A相,2024-06-20 00:00:00,60.76,5.43,27.41,11.87,0.2,1332.6,1810.9,46.74,注意,良好
500KV-2号主变压器,A相,2024-06-20 00:00:00,142.96,10.84,7.8,8.1,0.09,460.7,866.0,26.04,注意,良好
500KV-3号主变压器,A相,2024-06-20 00:00:00,33.46,13.78,5.8,6.5,0.91,1089.2,2541.3,28.14,注意,良好
500KV-1号主变压器,A相,2024-06-21 00:00:00,226.96,10.56,17.96,4.1,0.03,1132.4,3028.9,31.51,注意,良好
500KV-2号主变压器,A相,2024-06-21 00:00:00,88.59,9.54,8.81,12.84,0.02,1514.3,2538.0,30.66,注意,差
500KV-3号主变压器,A相,2024-06-21 00:00:00,199.31,2.94,5.21,3.64,0.26,432.6,1980.6,12.07,注意,良好
500KV-1号主变压器,A相,2024-06-22 00:00:00,126.75,7.2,19.28,21.09,1.23,1297.5,2720.8,48.0,注意,良好
500KV-2号主变压器,A相,2024-06-22 00:00:00,164.47,13.39,17.17,7.14,0.44,392.8,1543.3,39.73,注意,良好
500KV-3号主变压器,A相,2024-06-22 00:00:00,78.81,9.94,6.95,2.16,1.21,374.3,2239.7,21.09,注意,良好
500KV-1号主变压器,A相,2024-06-23 00:00:00,151.13,12.1,12.38,8.73,0.21,1082.7,1354.4,32.18,注意,良好
500KV-2号主变压器,A相,2024-06-23 00:00:00,134.05,5.74,27.08,11.05,0.25,1126.8,2083.7,42.59,注意,良好
500KV-3号主变压器,A相,2024-06-23 00:00:00,168.99,7.2,13.48,3.32,0.11,1330.1,2321.0,23.73,注意,一般
500KV-1号主变压器,A相,2024-06-24 00:00:00,58.09,14.19,28.66,15.15,0.96,289.3,1313.8,56.92,注意,良好
500KV-2号主变压器,A相,2024-06-24 00:00:00,94.01,8.93,9.7,8.47,1.36,1177.3,1560.1,27.22,注意,良好
500KV-3号主变压器,A相,2024-06-24 00:00:00,197.3,13.25,11.42,9.45,0.91,508.7,2504.8,35.11,注意,一般
500KV-1号主变压器,A相,2024-06-25 00:00:00,24.35,14.24,16.94,4.32,0.81,935.1,2646.9,36.74,注意,良好
500KV-2号主变压器,A相,2024-06-25 00:00:00,231.29,12.92,24.93,11.57,0.03,1392.2,1466.3,47.12,注意,良好
500KV-3号主变压器,A相,2024-06-25 00:00:00,77.42,12.29,28.54,17.55,0.17,1122.9,2503.3,56.95,注意,良好
500KV-1号主变压器,A相,2024-06-26 00:00:00,133.14,10.24,19.81,3.72,0.28,211.2,2426.7,35.32,注意,良好
500KV-2号主变压器,A相,2024-06-26 00:00:00,112.89,12.27,13.31,14.1,0.84,1065.9,1376.1,41.91,注意,一般
500KV-3号主变压器,A相,2024-06-26 00:00:00,153.41,11.13,2.22,10.96,1.21,973.6,814.5,25.76,注意,良好
500KV-1号主变压器,A相,2024-06-27 00:00:00,14.61,11.98,7.67,19.19,0.99,750.2,3009.3,38.63,注意,良好
500KV-2号主变压器,A相,2024-06-27 00:00:00,49.52,6.72,10.1,14.5,1.01,1199.5,3908.2,31.11,注意,良好
500KV-3号主变压器,A相,2024-06-27 00:00:00,208.93,5.89,13.77,4.68,0.63,445.9,1298.1,25.06,注意,良好
500KV-1号主变压器,A相,2024-06-28 00:00:00,118.84,6.28,23.83,11.09,0.17,269.8,3177.8,40.83,注意,良好
500KV-2号主变压器,A相,2024-06-28 00:00:00,199.58,11.69,10.03,13.8,0.73,507.8,1765.3,36.14,注意,良好
500KV-3号主变压器,A相,2024-06-28 00:00:00,190.12,10.51,6.56,4.34,0.23,1055.5,2969.6,20.87,注意,良好
500KV-1号主变压器,A相,2024-06-29 00:00:00,6.11,8.16,20.01,12.86,1.09,363.3,1549.4,44.18,注意,良好
500KV-2号主变压器,A相,2024-06-29 00:00:00,90.37,7.95,16.59,5.5,0.88,766.9,2825.5,32.3,注意,良好
500KV-3号主变压器,A相,2024-06-29 00:00:00,140.87,14.07,36.77,6.11,0.65,1099.6,2544.5,54.85,注意,良好
500KV-1号主变压器,A相,2024-06-30 00:00:00,106.74,9.97,1.44,0.93,0.15,619.6,2297.1,12.2,注意,良好
500KV-2号主变压器,A相,2024-06-30 00:00:00,242.28,11.24,12.89,5.65,0.6,700.7,3358.8,29.09,注意,良好
500KV-3号主变压器,A相,2024-06-30 00:00:00,119.18,6.21,15.39,7.88,0.38,958.3,3263.8,29.51,注意,良好
500KV-1号主变压器,A相,2024-07-01 00:00:00,181.48,4.19,19.28,6.7,0.43,477.3,1980.1,31.89,注意,良好
500KV-2号主变压器,A相,2024-07-01 00:00:00,87.1,8.64,16.08,12.63,0.7,895.6,2072.2,38.44,注意,良好
500KV-3号主变压器,A相,2024-07-01 00:00:00,108.0,9.91,5.29,14.46,0.11,731.4,2745.9,30.05,注意,良好
500KV-1号主变压器,A相,2024-07-02 00:00:00,96.6,14.11,27.2,9.59,0.1,1153.7,2593.6,52.82,注意,良好
500KV-2号主变压器,A相,2024-07-02 00:00:00,112.99,8.17,25.22,9.71,0.29,766.1,1053.7,43.04,注意,良好
500KV-3号主变压器,A相,2024-07-02 00:00:00,212.09,12.24,29.06,9.24,0.22,1007.4,1368.5,50.32,注意,良好
500KV-1号主变压器,A相,2024-07-03 00:00:00,41.65,9.2,30.68,14.38,1.24,1248.9,2402.4,56.35,注意,良好
500KV-2号主变压器,A相,2024-07-03 00:00:00,14.01,4.66,24.89,1.35,0.14,1346.4,1319.7,31.45,注意,良好
500KV-3号主变压器,A相,2024-07-03 00:00:00,69.21,12.02,22.36,4.59,0.38,464.7,983.1,40.79,注意,一般
500KV-1号主变压器,A相,2024-07-04 00:00:00,89.28,14.86,1.74,23.0,0.0,944.1,1889.7,41.39,注意,良好
500KV-2号主变压器,A相,2024-07-04 00:00:00,88.39,8.74,4.32,7.99,0.07,962.2,3119.0,20.78,注意,良好
500KV-3号主变压器,A相,2024-07-04 00:00:00,37.53,8.72,15.13,18.83,0.11,1242.2,3058.9,42.13,注意,良好
500KV-1号主变压器,A相,2024-07-05 00:00:00,15.7,10.23,28.06,1.03,0.83,992.2,2873.1,41.0,注意,良好
500KV-2号主变压器,A相,2024-07-05 00:00:00,115.43,2.98,21.0,16.38,0.07,1328.4,1798.8,39.62,注意,一般
500KV-3号主变压器,A相,2024-07-05 00:00:00,140.24,4.19,26.69,4.47,0.83,1036.6,2867.0,35.64,注意,良好
500KV-1号主变压器,A相,2024-07-06 00:00:00,232.48,3.02,3.12,0.72,1.48,831.9,3747.7,8.71,注意,良好
500KV-2号主变压器,A相,2024-07-06 00:00:00,216.96,4.14,20.2,9.56,0.31,722.2,929.6,32.69,注意,良好
500KV-3号主变压器,A相,2024-07-06 00:00:00,177.97,10.59,16.73,0.83,0.64,1315.4,2966.4,28.24,注意,良好
500KV-1号主变压器,A相,2024-07-07 00:00:00,39.16,3.54,1.72,8.64,0.17,1259.8,1553.4,14.64,注意,良好
500KV-2号主变压器,A相,2024-07-07 00:00:00,199.34,8.35,12.3,14.01,0.05,1323.4,2477.4,33.7,注意,良好
500KV-3号主变压器,A相,2024-07-07 00:00:00,176.07,4.41,28.57,3.01,0.68,593.9,2002.6,38.48,注意,良好
500KV-1号主变压器,A相,2024-07-08 00:00:00,9.07,12.4,22.37,0.28,0.68,430.9,2524.9,36.9,注意,良好
500KV-2号主变压器,A相,2024-07-08 00:00:00,194.75,9.95,24.74,6.21,0.47,296.9,917.4,43.43,注意,差
500KV-3号主变压器,A相,2024-07-08 00:00:00,148.77,14.46,1.27,9.75,0.15,819.5,887.9,26.08,注意,一般
500KV-1号主变压器,A相,2024-07-09 00:00:00,209.8,6.33,2.27,8.53,0.64,402.4,1194.4,17.78,注意,一般
500KV-2号主变压器,A相,2024-07-09 00:00:00,176.23,5.49,25.6,11.07,0.32,1320.1,2189.0,44.58,注意,良好
500KV-3号主变压器,A相,2024-07-09 00:00:00,185.46,3.8,17.12,15.85,0.23,390.5,1075.8,36.81,注意,良好
500KV-1号主变压器,A相,2024-07-10 00:00:00,164.91,6.47,25.05,13.28,0.02,231.3,2553.0,43.67,注意,良好
500KV-2号主变压器,A相,2024-07-10 00:00:00,240.68,8.68,16.04,9.57,0.69,219.0,1554.6,33.71,注意,良好
500KV-3号主变压器,A相,2024-07-10 00:00:00,160.37,10.23,12.16,14.09,0.18,522.2,1268.8,36.32,注意,良好
500KV-1号主变压器,A相,2024-07-11 00:00:00,55.84,14.25,3.86,13.97,0.26,914.0,2884.7,33.71,注意,差
500KV-2号主变压器,A相,2024-07-11 00:00:00,239.99,8.35,30.58,15.83,0.2,579.1,2594.8,56.6,注意,良好
500KV-3号主变压器,A相,2024-07-11 00:00:00,71.41,4.21,3.04,5.75,0.61,1037.1,2527.2,13.98,注意,良好
500KV-1号主变压器,A相,2024-07-12 00:00:00,165.93,7.11,18.7,10.09,0.58,946.3,2675.4,35.31,注意,一般
500KV-2号主变压器,A相,2024-07-12 00:00:00,222.43,13.07,1.71,8.84,0.42,839.6,2270.6,24.88,注意,一般
500KV-3号主变压器,A相,2024-07-12 00:00:00,25.86,8.96,0.95,12.42,0.05,334.3,2832.5,21.51,注意,良好
500KV-1号主变压器,A相,2024-07-13 00:00:00,150.23,11.92,10.18,7.7,0.05,1235.4,1857.6,31.07,注意,良好
500KV-2号主变压器,A相,2024-07-13 00:00:00,159.74,7.14,23.64,16.31,0.4,944.7,3102.3,45.82,注意,差
500KV-3号主变压器,A相,2024-07-13 00:00:00,12.56,6.75,11.23,6.02,0.19,394.8,768.1,24.27,注意,良好
500KV-1号主变压器,A相,2024-07-14 00:00:00,150.35,11.65,16.95,17.55,0.33,948.4,2784.8,47.71,注意,良好
500KV-2号主变压器,A相,2024-07-14 00:00:00,35.37,7.25,16.56,13.43,0.84,1249.2,2991.4,38.24,注意,良好
500KV-3号主变压器,A相,2024-07-14 00:00:00,13.34,11.34,21.75,14.1,0.08,573.7,3725.4,47.73,注意,良好
500KV-1号主变压器,A相,2024-07-15 00:00:00,209.82,13.41,20.23,3.75,0.44,1263.1,2213.3,36.83,注意,良好
500KV-2号主变压器,A相,2024-07-15 00:00:00,106.32,3.92,14.04,6.19,0.22,742.1,2846.6,23.22,注意,良好
500KV-3号主变压器,A相,2024-07-15 00:00:00,8.45,5.56,7.4,2.35,0.98,268.8,2796.5,15.78,正常,良好
500KV-1号主变压器,A相,2024-07-16 00:00:00,56.95,6.52,1.5,14.67,0.65,222.8,1069.8,23.24,注意,良好
500KV-2号主变压器,A相,2024-07-16 00:00:00,122.75,6.89,23.65,12.22,0.34,930.7,2352.3,44.24,注意,差
500KV-3号主变压器,A相,2024-07-16 00:00:00,35.76,6.58,23.58,16.83,0.89,379.0,770.7,50.0,注意,差
500KV-1号主变压器,A相,2024-07-17 00:00:00,187.9,11.99,24.45,13.81,0.28,452.4,3160.7,50.96,注意,良好
500KV-2号主变压器,A相,2024-07-17 00:00:00,90.98,4.99,12.35,13.63,0.42,1268.2,1814.6,30.89,注意,良好
500KV-3号主变压器,A相,2024-07-17 00:00:00,81.66,8.23,10.04,2.85,0.94,566.0,1566.1,22.6,注意,良好
500KV-1号主变压器,A相,2024-07-18 00:00:00,66.92,11.02,28.56,2.23,1.12,1076.7,2706.6,44.67,注意,良好
500KV-2号主变压器,A相,2024-07-18 00:00:00,104.96,13.92,26.76,9.75,0.16,676.8,3028.8,48.43,注意,一般
500KV-3号主变压器,A相,2024-07-18 00:00:00,72.6,12.9,23.38,8.51,0.8,622.4,2951.2,45.11,注意,良好
500KV-1号主变压器,A相,2024-07-19 00:00:00,227.52,8.84,9.38,12.11,0.07,1348.3,1828.3,31.1,注意,良好
500KV-2号主变压器,A相,2024-07-19 00:00:00,182.4,13.08,23.17,18.16,0.66,1067.3,798.9,53.81,注意,良好
500KV-3号主变压器,A相,2024-07-19 00:00:00,201.43,6.59,7.97,3.65,0.58,998.7,2300.5,19.26,注意,良好
500KV-1号主变压器,A相,2024-07-20 00:00:00,217.52,4.62,16.3,17.84,0.34,647.5,1072.3,40.27,注意,良好
500KV-2号主变压器,A相,2024-07-20 00:00:00,37.79,3.18,19.89,10.97,0.18,248.9,3169.9,34.11,注意,良好
500KV-3号主变压器,A相,2024-07-20 00:00:00,79.98,5.41,19.97,1.18,0.0,1341.1,2447.3,27.52,注意,良好
500KV-1号主变压器,A相,2024-07-21 00:00:00,59.03,4.64,24.17,16.44,0.55,1284.4,2464.4,46.94,注意,一般
500KV-2号主变压器,A相,2024-07-21 00:00:00,139.89,9.45,2.7,4.54,0.59,972.4,1705.6,16.57,注意,良好
500KV-3号主变压器,A相,2024-07-21 00:00:00,150.77,3.42,15.67,3.07,0.16,958.2,3338.8,21.25,注意,一般
500KV-1号主变压器,A相,2024-07-22 00:00:00,82.11,5.61,18.28,10.82,1.04,867.4,3279.9,36.95,注意,良好
500KV-2号主变压器,A相,2024-07-22 00:00:00,222.09,11.8,19.66,9.69,0.63,347.1,2726.5,42.82,注意,良好
500KV-3号主变压器,A相,2024-07-22 00:00:00,228.57,7.2,0.86,3.14,0.46,673.8,3593.8,11.17,注意,良好
500KV-1号主变压器,A相,2024-07-23 00:00:00,157.69,6.99,12.22,7.75,0.77,977.5,2166.0,26.9,注意,良好
500KV-2号主变压器,A相,2024-07-23 00:00:00,143.41,9.93,20.27,0.7,0.26,1065.2,2727.2,31.15,注意,良好
500KV-3号主变压器,A相,2024-07-23 00:00:00,203.08,8.4,26.61,12.83,0.03,403.2,3279.3,47.26,注意,良好
500KV-1号主变压器,A相,2024-07-24 00:00:00,208.4,8.84,23.85,4.43,0.1,1292.3,914.0,37.31,注意,良好
500KV-2号主变压器,A相,2024-07-24 00:00:00,124.62,6.78,24.52,5.85,0.18,1156.8,2376.6,38.14,注意,良好
500KV-3号主变压器,A相,2024-07-24 00:00:00,92.13,10.75,6.51,2.25,0.23,812.7,1576.8,18.97,注意,一般
500KV-1号主变压器,A相,2024-07-25 00:00:00,53.15,13.06,14.86,9.63,0.03,235.3,2825.6,38.67,注意,差
500KV-2号主变压器,A相,2024-07-25 00:00:00,44.5,6.72,31.63,10.25,0.21,1278.8,1899.2,50.82,注意,良好
500KV-3号主变压器,A相,2024-07-25 00:00:00,126.69,14.68,21.03,2.48,0.06,1102.6,3253.8,38.94,注意,良好
500KV-1号主变压器,A相,2024-07-26 00:00:00,122.71,4.93,28.61,9.6,0.12,533.4,3555.9,41.46,注意,良好
500KV-2号主变压器,A相,2024-07-26 00:00:00,85.04,3.84,28.58,1.9,0.4,881.1,1694.3,33.29,注意,良好
500KV-3号主变压器,A相,2024-07-26 00:00:00,169.8,7.33,26.57,1.19,0.11,1152.6,1362.1,34.87,注意,良好
500KV-1号主变压器,A相,2024-07-27 00:00:00,154.17,10.24,15.22,8.44,0.15,1254.8,2057.2,33.92,注意,一般
500KV-2号主变压器,A相,2024-07-27 00:00:00,37.93,5.7,31.81,20.2,0.43,852.1,2316.2,55.69,注意,良好
500KV-3号主变压器,A相,2024-07-27 00:00:00,248.69,14.7,13.2,8.45,0.49,844.7,2697.1,38.26,注意,一般
500KV-1号主变压器,A相,2024-07-28 00:00:00,240.8,6.87,1.9,8.51,0.0,942.8,1591.4,16.89,注意,良好
500KV-2号主变压器,A相,2024-07-28 00:00:00,46.78,7.77,15.17,12.74,0.36,673.3,3456.3,35.41,注意,良好
500KV-3号主变压器,A相,2024-07-28 00:00:00,195.55,12.85,10.95,19.51,0.4,858.4,3371.5,44.69,注意,良好
500KV-1号主变压器,A相,2024-07-29 00:00:00,21.53,8.17,22.66,13.47,2.93,396.4,2864.2,45.54,注意,良好
500KV-2号主变压器,A相,2024-07-29 00:00:00,164.8,8.19,1.24,11.13,0.34,500.4,1138.7,20.03,注意,良好
500KV-3号主变压器,A相,2024-07-29 00:00:00,159.1,2.94,20.04,7.4,0.51,612.9,1678.7,32.07,注意,良好
500KV-1号主变压器,A相,2024-07-30 00:00:00,42.2,8.0,16.62,9.27,0.63,1366.5,2084.7,35.16,注意,良好
500KV-2号主变压器,A相,2024-07-30 00:00:00,126.43,15.51,12.4,17.82,0.94,700.9,1794.3,46.85,注意,良好
500KV-3号主变压器,A相,2024-07-30 00:00:00,86.65,13.13,31.57,20.15,0.77,1225.9,2248.4,65.79,注意,良好
500KV-1号主变压器,A相,2024-07-31 00:00:00,112.69,9.57,24.63,1.64,0.28,497.9,1235.7,35.92,注意,良好
500KV-2号主变压器,A相,2024-07-31 00:00:00,152.1,14.61,6.13,0.27,0.52,592.9,3235.0,21.33,注意,良好
500KV-3号主变压器,A相,2024-07-31 00:00:00,258.54,7.47,11.23,13.44,0.67,1239.8,2763.2,32.66,注意,良好
500KV-1号主变压器,A相,2024-08-01 00:00:00,259.67,14.65,25.97,9.94,0.81,1238.4,2001.4,51.68,注意,良好
500KV-2号主变压器,A相,2024-08-01 00:00:00,94.12,6.55,4.96,4.35,0.4,842.4,2864.8,16.89,注意,一般
500KV-3号主变压器,A相,2024-08-01 00:00:00,166.57,8.66,28.62,13.23,0.03,1007.0,1349.9,50.29,注意,良好
500KV-1号主变压器,A相,2024-08-02 00:00:00,73.36,13.8,8.91,13.91,0.34,1255.7,1261.7,35.34,注意,良好
500KV-2号主变压器,A相,2024-08-02 00:00:00,205.16,13.53,7.14,9.02,0.29,1025.8,1812.0,28.82,注意,良好
500KV-3号主变压器,A相,2024-08-02 00:00:00,204.72,7.88,22.14,3.71,0.75,956.4,1102.3,33.17,注意,良好
500KV-1号主变压器,A相,2024-08-03 00:00:00,161.08,8.01,3.36,6.57,0.56,766.9,1592.3,18.09,注意,良好
500KV-2号主变压器,A相,2024-08-03 00:00:00,180.54,14.52,9.07,10.76,1.28,933.3,2722.4,36.85,注意,良好
500KV-3号主变压器,A相,2024-08-03 00:00:00,51.79,4.79,29.19,12.04,0.1,1069.4,3433.7,47.31,注意,差
500KV-1号主变压器,A相,2024-08-04 00:00:00,125.05,4.72,8.87,16.41,0.82,945.3,2098.5,30.0,注意,良好
500KV-2号主变压器,A相,2024-08-04 00:00:00,104.8,3.53,6.91,6.69,0.44,677.1,3569.1,17.12,注意,良好
500KV-3号主变压器,A相,2024-08-04 00:00:00,126.34,7.98,23.62,15.63,0.96,697.1,1623.6,48.92,注意,良好
500KV-1号主变压器,A相,2024-08-05 00:00:00,155.74,12.83,20.19,8.56,0.15,621.8,2396.0,41.38,注意,良好
500KV-2号主变压器,A相,2024-08-05 00:00:00,154.98,14.07,27.44,8.82,0.21,436.8,1161.4,50.04,注意,良好
500KV-3号主变压器,A相,2024-08-05 00:00:00,183.53,7.58,21.87,20.06,0.49,267.4,1891.4,48.75,注意,良好
500KV-1号主变压器,A相,2024-08-06 00:00:00,41.64,13.06,23.23,1.77,0.06,698.5,999.8,37.14,注意,良好
500KV-2号主变压器,A相,2024-08-06 00:00:00,111.08,9.82,27.02,10.93,0.16,1092.3,2196.4,46.47,注意,良好
500KV-3号主变压器,A相,2024-08-06 00:00:00,186.58,11.09,18.66,14.33,0.32,328.5,2079.9,45.08,注意,良好
500KV-1号主变压器,A相,2024-08-07 00:00:00,222.87,5.01,8.8,6.12,0.38,515.1,3293.2,20.15,注意,良好
500KV-2号主变压器,A相,2024-08-07 00:00:00,40.37,5.31,13.48,1.46,1.0,377.7,1206.7,21.46,注意,良好
500KV-3号主变压器,A相,2024-08-07 00:00:00,81.31,4.98,0.52,1.31,0.95,329.9,3235.9,7.55,注意,良好
500KV-1号主变压器,A相,2024-08-08 00:00:00,140.98,7.42,23.28,16.74,0.16,568.2,1083.0,47.53,注意,良好
500KV-2号主变压器,A相,2024-08-08 00:00:00,209.86,7.98,10.34,0.98,0.19,442.4,1211.2,20.35,注意,良好
500KV-3号主变压器,A相,2024-08-08 00:00:00,80.31,4.74,10.76,1.24,0.25,278.1,1401.9,17.0,注意,良好
500KV-1号主变压器,A相,2024-08-09 00:00:00,242.93,10.31,13.04,7.67,0.22,1022.4,3092.1,31.95,注意,良好
500KV-2号主变压器,A相,2024-08-09 00:00:00,223.87,14.43,15.06,0.78,0.63,632.7,2576.4,30.51,注意,一般
500KV-3号主变压器,A相,2024-08-09 00:00:00,76.78,4.52,2.62,1.97,0.52,935.4,2255.6,9.37,注意,良好
500KV-1号主变压器,A相,2024-08-10 00:00:00,24.97,12.69,1.17,0.93,0.39,363.7,1526.9,15.1,注意,良好
500KV-2号主变压器,A相,2024-08-10 00:00:00,186.25,3.98,23.16,2.33,0.57,1179.6,1874.9,30.46,注意,差
500KV-3号主变压器,A相,2024-08-10 00:00:00,109.23,9.51,2.42,9.57,0.53,549.2,2860.2,21.74,注意,一般
500KV-1号主变压器,A相,2024-08-11 00:00:00,45.19,3.21,18.41,3.44,1.13,558.2,2314.7,26.03,注意,良好
500KV-2号主变压器,A相,2024-08-11 00:00:00,96.39,3.78,17.19,14.61,0.28,1168.0,2080.6,35.44,注意,良好
500KV-3号主变压器,A相,2024-08-11 00:00:00,97.06,10.8,24.27,1.11,0.39,1274.0,2936.2,35.78,注意,良好
500KV-1号主变压器,A相,2024-08-12 00:00:00,74.1,6.58,14.21,15.99,0.14,1220.6,1220.3,36.04,注意,良好
500KV-2号主变压器,A相,2024-08-12 00:00:00,8.05,14.82,26.56,5.92,0.23,690.6,3226.0,47.21,注意,一般
500KV-3号主变压器,A相,2024-08-12 00:00:00,96.59,10.83,19.96,16.31,0.09,340.4,3573.0,48.24,注意,良好
500KV-1号主变压器,A相,2024-08-13 00:00:00,44.96,7.19,18.78,5.53,0.9,1376.2,1246.8,32.7,注意,良好
500KV-2号主变压器,A相,2024-08-13 00:00:00,131.36,5.54,12.15,3.88,1.0,1212.4,1795.0,22.91,注意,良好
500KV-3号主变压器,A相,2024-08-13 00:00:00,124.47,10.63,17.83,8.61,0.3,783.7,3067.4,38.45,注意,良好
500KV-1号主变压器,A相,2024-08-14 00:00:00,116.01,6.12,25.41,18.07,0.26,1316.2,1082.8,49.68,注意,良好
500KV-2号主变压器,A相,2024-08-14 00:00:00,88.85,10.07,18.71,7.65,0.27,468.1,2363.0,37.44,注意,良好
500KV-3号主变压器,A相,2024-08-14 00:00:00,195.69,3.73,11.08,16.06,0.36,1334.7,2154.8,32.15,注意,良好
500KV-1号主变压器,A相,2024-08-15 00:00:00,54.47,5.89,29.78,4.32,0.18,253.8,2996.9,39.3,注意,良好
500KV-2号主变压器,A相,2024-08-15 00:00:00,122.46,9.84,13.08,20.97,0.32,267.9,3656.1,46.02,注意,良好
500KV-3号主变压器,A相,2024-08-15 00:00:00,142.92,15.01,17.72,8.42,0.33,1280.3,1051.2,43.05,注意,良好
500KV-1号主变压器,A相,2024-08-16 00:00:00,118.66,3.55,30.4,6.07,1.01,197.3,877.4,40.43,注意,良好
500KV-2号主变压器,A相,2024-08-16 00:00:00,66.98,8.68,32.39,19.07,0.25,560.0,1985.1,60.08,注意,良好
500KV-3号主变压器,A相,2024-08-16 00:00:00,77.4,6.93,4.89,13.94,0.06,668.6,1965.0,24.67,注意,良好
500KV-1号主变压器,A相,2024-08-17 00:00:00,120.34,9.12,23.18,8.59,0.12,1004.0,1913.5,42.46,注意,良好
500KV-2号主变压器,A相,2024-08-17 00:00:00,131.64,3.51,29.11,19.33,0.01,1487.0,2377.6,51.78,注意,良好
500KV-3号主变压器,A相,2024-08-17 00:00:00,58.27,11.12,35.94,7.33,0.77,275.3,2055.8,56.56,注意,良好
500KV-1号主变压器,A相,2024-08-18 00:00:00,219.85,7.48,23.63,17.21,0.31,749.4,2752.9,49.44,注意,良好
500KV-2号主变压器,A相,2024-08-18 00:00:00,115.41,4.02,0.86,4.1,0.66,1107.9,2799.3,10.0,注意,良好
500KV-3号主变压器,A相,2024-08-18 00:00:00,33.55,7.12,13.87,9.14,1.09,804.2,1440.6,32.6,注意,良好
500KV-1号主变压器,A相,2024-08-19 00:00:00,181.43,3.38,16.75,4.95,0.74,440.5,3487.8,26.84,注意,良好
500KV-2号主变压器,A相,2024-08-19 00:00:00,125.72,13.2,16.94,13.05,0.29,955.6,1252.6,43.3,注意,良好
500KV-3号主变压器,A相,2024-08-19 00:00:00,64.42,12.94,7.45,9.19,0.08,491.5,2970.5,30.77,注意,良好
500KV-1号主变压器,A相,2024-08-20 00:00:00,35.26,7.72,14.72,14.15,0.48,1232.0,3535.8,38.72,注意,一般
500KV-2号主变压器,A相,2024-08-20 00:00:00,43.97,7.56,34.73,14.83,0.29,241.8,3491.1,57.96,注意,良好
500KV-3号主变压器,A相,2024-08-20 00:00:00,18.24,15.07,3.88,2.45,0.27,720.3,2186.4,21.76,注意,良好
500KV-1号主变压器,A相,2024-08-21 00:00:00,241.71,11.58,11.79,17.8,0.63,1166.0,1232.1,42.45,注意,良好
500KV-2号主变压器,A相,2024-08-21 00:00:00,251.26,3.02,13.71,13.05,0.19,590.5,1557.9,29.35,注意,差
500KV-3号主变压器,A相,2024-08-21 00:00:00,209.23,7.82,6.62,7.48,0.22,267.3,2403.9,22.88,注意,良好
500KV-1号主变压器,A相,2024-08-22 00:00:00,83.83,8.35,7.56,9.93,0.13,584.6,2507.4,25.82,注意,一般
500KV-2号主变压器,A相,2024-08-22 00:00:00,90.81,13.03,8.98,1.03,0.24,255.0,771.8,22.6,注意,良好
500KV-3号主变压器,A相,2024-08-22 00:00:00,145.74,12.59,21.02,2.46,0.0,1230.5,3194.0,35.04,注意,良好
500KV-1号主变压器,A相,2024-08-23 00:00:00,155.49,11.31,25.85,20.72,0.48,1167.9,1701.4,59.38,注意,良好
500KV-2号主变压器,A相,2024-08-23 00:00:00,89.17,9.56,5.89,4.21,0.13,249.1,2277.8,19.36,注意,良好
500KV-3号主变压器,A相,2024-08-23 00:00:00,250.94,10.22,16.05,2.77,0.5,270.7,1634.9,30.47,注意,良好
500KV-1号主变压器,A相,2024-08-24 00:00:00,218.23,5.2,21.15,6.4,0.16,533.4,1110.6,34.5,注意,良好
500KV-2号主变压器,A相,2024-08-24 00:00:00,68.82,10.15,34.6,2.87,0.26,1082.5,1732.3,46.31,注意,良好
500KV-3号主变压器,A相,2024-08-24 00:00:00,21.25,7.7,1.25,2.22,0.84,1129.4,2306.9,12.18,注意,良好
500KV-1号主变压器,A相,2024-08-25 00:00:00,157.7,6.23,2.56,13.0,0.42,857.0,788.2,23.23,注意,良好
500KV-2号主变压器,A相,2024-08-25 00:00:00,116.98,14.3,25.33,13.04,0.44,976.3,1427.0,51.09,注意,良好
500KV-3号主变压器,A相,2024-08-25 00:00:00,186.13,11.34,11.23,1.57,0.67,449.9,2752.5,25.66,注意,良好
500KV-1号主变压器,A相,2024-08-26 00:00:00,76.85,11.03,19.51,13.44,0.62,932.0,2333.1,45.16,注意,良好
500KV-2号主变压器,A相,2024-08-26 00:00:00,221.86,3.25,29.58,9.09,0.12,289.2,1144.2,41.0,注意,良好
500KV-3号主变压器,A相,2024-08-26 00:00:00,155.87,12.8,13.55,2.66,0.3,229.0,1991.2,29.25,注意,良好
500KV-1号主变压器,A相,2024-08-27 00:00:00,120.63,4.13,18.44,4.34,0.24,1132.4,2949.0,28.42,注意,良好
500KV-2号主变压器,A相,2024-08-27 00:00:00,50.82,4.41,5.47,1.31,0.22,1352.9,2959.2,10.92,注意,良好
500KV-3号主变压器,A相,2024-08-27 00:00:00,170.58,11.27,35.74,13.15,0.34,1064.5,1127.0,63.34,注意,良好
500KV-1号主变压器,A相,2024-08-28 00:00:00,177.99,7.94,21.18,1.74,0.75,461.0,2434.9,31.45,注意,良好
500KV-2号主变压器,A相,2024-08-28 00:00:00,137.89,8.45,18.6,12.94,1.5,456.8,2920.8,39.94,注意,良好
500KV-3号主变压器,A相,2024-08-28 00:00:00,146.41,4.61,20.78,16.47,0.37,1257.6,3292.6,41.4,注意,良好
500KV-1号主变压器,A相,2024-08-29 00:00:00,165.19,9.11,29.02,2.99,0.6,501.4,2709.4,40.38,注意,良好
500KV-2号主变压器,A相,2024-08-29 00:00:00,81.95,4.43,24.73,0.28,0.95,941.1,2234.3,30.96,注意,一般
500KV-3号主变压器,A相,2024-08-29 00:00:00,198.6,9.51,10.73,7.42,0.75,536.8,2326.4,27.54,注意,一般
500KV-1号主变压器,B相,2024-06-01 00:00:00,118.36,8.86,18.24,12.85,0.58,392.7,2370.8,41.61,注意,一般
500KV-2号主变压器,B相,2024-06-01 00:00:00,188.86,5.16,5.7,13.62,0.57,1509.9,1019.5,25.31,注意,良好
500KV-3号主变压器,B相,2024-06-01 00:00:00,154.4,5.2,30.23,5.92,0.71,347.8,1795.6,42.82,注意,良好
500KV-1号主变压器,B相,2024-06-02 00:00:00,133.71,14.09,20.2,8.42,0.1,368.3,2183.4,42.76,注意,良好
500KV-2号主变压器,B相,2024-06-02 00:00:00,103.64,11.99,12.58,14.82,0.17,691.1,1436.4,40.19,注意,良好
500KV-3号主变压器,B相,2024-06-02 00:00:00,51.36,3.24,19.57,1.69,0.04,541.4,1355.5,24.59,注意,一般
500KV-1号主变压器,B相,2024-06-03 00:00:00,159.38,9.42,30.06,8.04,0.8,456.4,1875.2,48.59,注意,良好
500KV-2号主变压器,B相,2024-06-03 00:00:00,71.71,6.63,15.01,12.89,0.48,286.9,1053.1,36.4,注意,一般
500KV-3号主变压器,B相,2024-06-03 00:00:00,45.15,7.84,18.14,12.8,0.57,1237.8,2199.5,40.75,注意,良好
500KV-1号主变压器,B相,2024-06-04 00:00:00,36.13,3.7,26.25,1.5,0.1,911.4,1837.0,31.65,注意,良好
500KV-2号主变压器,B相,2024-06-04 00:00:00,71.37,11.5,21.86,3.2,0.92,693.3,2913.9,38.28,注意,良好
500KV-3号主变压器,B相,2024-06-04 00:00:00,194.17,13.23,23.59,8.35,0.1,1068.9,1914.1,43.03,注意,良好
500KV-1号主变压器,B相,2024-06-05 00:00:00,199.68,14.66,14.51,10.98,0.78,899.5,1007.1,39.14,注意,良好
500KV-2号主变压器,B相,2024-06-05 00:00:00,54.11,7.37,7.56,15.53,1.03,1140.8,1804.1,31.57,注意,差
500KV-3号主变压器,B相,2024-06-05 00:00:00,234.2,10.51,22.66,8.62,0.03,1162.4,2536.8,40.24,注意,良好
500KV-1号主变压器,B相,2024-06-06 00:00:00,12.41,12.5,27.1,4.92,0.45,994.7,775.8,45.04,注意,良好
500KV-2号主变压器,B相,2024-06-06 00:00:00,32.66,11.68,12.33,10.6,0.07,593.1,1836.4,34.62,注意,良好
500KV-3号主变压器,B相,2024-06-06 00:00:00,55.45,13.26,20.17,2.05,0.24,1001.5,1854.2,36.12,注意,良好
500KV-1号主变压器,B相,2024-06-07 00:00:00,64.85,13.89,0.71,15.06,0.56,1065.5,1682.2,30.14,注意,良好
500KV-2号主变压器,B相,2024-06-07 00:00:00,204.68,9.42,24.52,1.47,0.34,1049.5,2780.5,37.01,注意,良好
500KV-3号主变压器,B相,2024-06-07 00:00:00,131.62,8.44,1.41,2.4,0.17,237.1,1448.4,12.28,注意,差
500KV-1号主变压器,B相,2024-06-08 00:00:00,164.32,3.34,9.63,19.02,0.86,1271.4,3407.0,31.62,注意,良好
500KV-2号主变压器,B相,2024-06-08 00:00:00,206.09,13.32,8.52,10.85,0.13,761.8,1520.1,31.33,注意,良好
500KV-3号主变压器,B相,2024-06-08 00:00:00,129.82,8.74,11.78,4.65,0.13,337.4,2777.8,25.16,注意,良好
500KV-1号主变压器,B相,2024-06-09 00:00:00,16.48,7.18,19.25,4.61,0.26,227.3,882.4,31.91,注意,良好
500KV-2号主变压器,B相,2024-06-09 00:00:00,253.36,4.06,24.47,15.45,0.58,493.8,3133.8,45.38,注意,一般
500KV-3号主变压器,B相,2024-06-09 00:00:00,171.95,4.2,3.59,5.37,0.2,923.6,2410.1,13.76,注意,良好
500KV-1号主变压器,B相,2024-06-10 00:00:00,217.35,12.57,17.62,2.04,0.23,527.2,2877.8,33.98,注意,良好
500KV-2号主变压器,B相,2024-06-10 00:00:00,168.76,6.96,15.67,3.06,0.05,834.9,3087.4,24.66,注意,良好
500KV-3号主变压器,B相,2024-06-10 00:00:00,25.73,11.01,13.15,18.66,0.28,908.7,2886.1,42.5,注意,良好
500KV-1号主变压器,B相,2024-06-11 00:00:00,64.41,4.28,0.93,9.85,0.52,1028.1,2596.6,15.87,注意,良好
500KV-2号主变压器,B相,2024-06-11 00:00:00,85.79,8.38,27.25,19.88,0.4,1312.8,2634.2,53.15,注意,一般
500KV-3号主变压器,B相,2024-06-11 00:00:00,126.68,6.08,22.17,12.72,0.59,715.7,1404.2,39.63,注意,一般
500KV-1号主变压器,B相,2024-06-12 00:00:00,43.79,12.86,14.07,5.67,0.27,1383.2,2089.8,32.57,注意,良好
500KV-2号主变压器,B相,2024-06-12 00:00:00,237.46,13.82,18.84,1.66,1.11,695.1,3304.0,33.81,注意,良好
500KV-3号主变压器,B相,2024-06-12 00:00:00,126.83,13.12,27.11,6.86,0.13,1261.7,3081.1,48.71,注意,良好
500KV-1号主变压器,B相,2024-06-13 00:00:00,22.82,13.64,19.37,5.23,0.9,274.0,2770.7,38.64,注意,良好
500KV-2号主变压器,B相,2024-06-13 00:00:00,64.74,12.98,10.71,2.99,0.17,885.2,1885.7,27.51,注意,良好
500KV-3号主变压器,B相,2024-06-13 00:00:00,201.3,12.53,17.42,4.38,0.13,450.1,1538.9,35.09,注意,良好
500KV-1号主变压器,B相,2024-06-14 00:00:00,44.52,9.52,6.07,18.47,0.71,590.2,1308.5,35.23,注意,良好
500KV-2号主变压器,B相,2024-06-14 00:00:00,40.12,4.88,3.67,12.23,0.18,1225.7,1469.6,20.02,注意,良好
500KV-3号主变压器,B相,2024-06-14 00:00:00,101.69,15.42,25.61,8.1,0.24,1395.7,2885.1,48.28,注意,良好
500KV-1号主变压器,B相,2024-06-15 00:00:00,228.15,9.02,21.94,17.12,1.25,1276.4,721.7,50.44,注意,一般
500KV-2号主变压器,B相,2024-06-15 00:00:00,151.04,9.6,20.21,1.93,0.1,1046.8,990.8,31.22,注意,良好
500KV-3号主变压器,B相,2024-06-15 00:00:00,212.86,12.24,20.46,17.23,0.16,497.0,2971.1,48.91,注意,良好
500KV-1号主变压器,B相,2024-06-16 00:00:00,118.41,10.94,1.1,13.5,0.61,1036.6,1964.7,26.32,注意,良好
500KV-2号主变压器,B相,2024-06-16 00:00:00,236.08,9.16,3.52,8.41,0.24,460.3,2599.8,21.59,注意,良好
500KV-3号主变压器,B相,2024-06-16 00:00:00,140.33,9.52,26.69,6.75,0.2,322.8,2307.9,41.11,注意,良好
500KV-1号主变压器,B相,2024-06-17 00:00:00,101.73,7.86,21.95,4.47,0.5,985.0,2250.9,35.26,注意,良好
500KV-2号主变压器,B相,2024-06-17 00:00:00,239.0,9.09,7.39,2.63,0.37,578.0,1225.9,20.25,注意,良好
500KV-3号主变压器,B相,2024-06-17 00:00:00,124.23,9.14,9.74,6.45,0.24,370.6,2848.2,25.61,注意,差
500KV-1号主变压器,B相,2024-06-18 00:00:00,121.31,8.81,4.0,7.73,0.63,1101.4,3228.4,21.2,注意,良好
500KV-2号主变压器,B相,2024-06-18 00:00:00,130.77,8.52,26.63,3.37,0.11,537.5,1649.3,39.73,注意,良好
500KV-3号主变压器,B相,2024-06-18 00:00:00,171.54,7.94,27.94,5.0,0.24,1378.3,2905.5,41.79,注意,良好
500KV-1号主变压器,B相,2024-06-19 00:00:00,51.25,8.18,16.8,12.19,0.61,310.7,1395.9,36.05,注意,良好
500KV-2号主变压器,B相,2024-06-19 00:00:00,73.18,13.29,3.0,4.95,0.28,867.0,2396.0,21.28,注意,良好
500KV-3号主变压器,B相,2024-06-19 00:00:00,267.66,13.69,27.81,7.51,0.4,1201.1,2230.4,51.88,注意,良好
500KV-1号主变压器,B相,2024-06-20 00:00:00,80.49,4.72,18.65,19.86,0.58,956.3,2938.6,43.94,注意,良好
500KV-2号主变压器,B相,2024-06-20 00:00:00,16.07,6.09,24.07,7.52,0.62,292.5,3577.2,37.48,注意,一般
500KV-3号主变压器,B相,2024-06-20 00:00:00,131.06,5.1,25.25,11.55,0.33,698.7,760.4,40.2,注意,良好
500KV-1号主变压器,B相,2024-06-21 00:00:00,230.76,7.12,13.44,1.64,0.2,658.9,2406.7,22.84,注意,良好
500KV-2号主变压器,B相,2024-06-21 00:00:00,86.98,12.2,16.6,6.38,1.02,1010.9,2610.8,36.96,注意,良好
500KV-3号主变压器,B相,2024-06-21 00:00:00,39.93,13.91,10.7,11.64,0.06,813.9,950.7,35.38,注意,良好
500KV-1号主变压器,B相,2024-06-22 00:00:00,147.57,8.72,3.82,18.07,0.03,981.6,3251.4,30.41,注意,一般
500KV-2号主变压器,B相,2024-06-22 00:00:00,216.07,11.54,9.53,4.36,0.22,973.3,1228.8,24.69,注意,一般
500KV-3号主变压器,B相,2024-06-22 00:00:00,132.86,3.21,13.35,10.42,0.52,385.2,1364.0,27.23,注意,良好
500KV-1号主变压器,B相,2024-06-23 00:00:00,225.49,11.41,25.63,5.89,0.92,392.4,2230.8,45.78,注意,良好
500KV-2号主变压器,B相,2024-06-23 00:00:00,164.49,7.69,12.78,0.31,1.19,752.6,2878.6,21.13,注意,良好
500KV-3号主变压器,B相,2024-06-23 00:00:00,132.48,11.28,6.41,4.61,0.38,1481.6,2961.6,23.17,注意,良好
500KV-1号主变压器,B相,2024-06-24 00:00:00,89.25,8.98,12.44,2.84,0.49,610.9,3168.4,24.81,注意,良好
500KV-2号主变压器,B相,2024-06-24 00:00:00,121.27,4.34,7.44,10.81,0.12,379.9,873.2,21.73,注意,良好
500KV-3号主变压器,B相,2024-06-24 00:00:00,179.74,12.65,16.22,10.15,0.41,444.1,1354.1,39.74,注意,良好
500KV-1号主变压器,B相,2024-06-25 00:00:00,161.74,12.07,12.85,16.49,0.08,601.1,2060.4,41.24,注意,良好
500KV-2号主变压器,B相,2024-06-25 00:00:00,148.8,10.07,11.53,16.09,0.48,1273.2,1931.1,39.43,注意,良好
500KV-3号主变压器,B相,2024-06-25 00:00:00,34.5,11.6,12.36,0.79,0.12,1100.9,3339.0,24.72,注意,良好
500KV-1号主变压器,B相,2024-06-26 00:00:00,128.13,3.16,9.99,18.71,0.04,537.3,2697.9,30.5,注意,良好
500KV-2号主变压器,B相,2024-06-26 00:00:00,200.3,3.59,14.42,2.16,0.61,1400.3,2543.4,19.76,注意,一般
500KV-3号主变压器,B相,2024-06-26 00:00:00,149.61,7.21,19.53,12.53,0.16,868.8,2284.4,41.36,注意,良好
500KV-1号主变压器,B相,2024-06-27 00:00:00,31.84,5.68,30.45,0.61,0.2,874.6,3137.5,35.17,注意,良好
500KV-2号主变压器,B相,2024-06-27 00:00:00,209.3,6.83,29.99,11.45,1.03,1421.3,3260.6,48.28,注意,良好
500KV-3号主变压器,B相,2024-06-27 00:00:00,72.99,10.74,32.22,4.56,0.31,1098.3,2105.4,46.64,注意,良好
500KV-1号主变压器,B相,2024-06-28 00:00:00,160.64,12.92,24.09,7.73,0.58,1264.1,1206.2,45.56,注意,一般
500KV-2号主变压器,B相,2024-06-28 00:00:00,19.62,13.41,7.67,0.68,0.63,353.5,2918.6,23.27,注意,良好
500KV-3号主变压器,B相,2024-06-28 00:00:00,40.56,13.4,14.58,3.11,1.46,188.0,3708.5,33.98,注意,良好
500KV-1号主变压器,B相,2024-06-29 00:00:00,260.0,3.78,19.68,7.45,0.93,949.7,1673.5,31.27,注意,良好
500KV-2号主变压器,B相,2024-06-29 00:00:00,50.61,3.76,11.3,0.7,0.89,831.5,1111.0,16.6,注意,差
500KV-3号主变压器,B相,2024-06-29 00:00:00,159.19,6.23,11.48,13.26,0.08,489.2,2560.6,32.28,注意,良好
500KV-1号主变压器,B相,2024-06-30 00:00:00,53.18,7.23,27.49,15.18,0.11,640.0,1884.3,49.8,注意,良好
500KV-2号主变压器,B相,2024-06-30 00:00:00,46.83,5.99,30.07,17.6,0.49,824.7,2721.4,55.27,注意,良好
500KV-3号主变压器,B相,2024-06-30 00:00:00,87.32,9.67,18.67,17.46,0.06,1112.0,957.0,45.37,注意,良好
500KV-1号主变压器,B相,2024-07-01 00:00:00,18.03,10.3,8.82,17.08,0.19,300.7,837.0,38.17,注意,良好
500KV-2号主变压器,B相,2024-07-01 00:00:00,118.56,5.21,4.53,1.6,0.13,279.9,2381.1,11.49,注意,良好
500KV-3号主变压器,B相,2024-07-01 00:00:00,96.59,13.7,6.6,0.81,0.06,763.2,960.5,20.58,注意,一般
500KV-1号主变压器,B相,2024-07-02 00:00:00,169.22,7.55,31.16,5.94,0.02,225.0,1785.9,45.97,注意,一般
500KV-2号主变压器,B相,2024-07-02 00:00:00,93.03,5.14,4.98,15.32,0.39,822.0,2226.9,27.03,注意,良好
500KV-3号主变压器,B相,2024-07-02 00:00:00,67.4,7.17,16.61,13.2,0.39,950.0,857.3,38.1,注意,良好
500KV-1号主变压器,B相,2024-07-03 00:00:00,162.33,12.89,24.85,0.45,0.06,713.7,1686.4,38.62,注意,良好
500KV-2号主变压器,B相,2024-07-03 00:00:00,89.25,9.51,8.69,9.43,0.04,244.0,1671.8,26.51,注意,良好
500KV-3号主变压器,B相,2024-07-03 00:00:00,76.67,4.11,3.39,15.88,0.02,621.5,2608.1,24.47,注意,一般
500KV-1号主变压器,B相,2024-07-04 00:00:00,147.12,12.56,23.1,14.09,0.27,995.5,1685.3,50.15,注意,良好
500KV-2号主变压器,B相,2024-07-04 00:00:00,89.09,3.82,16.92,2.53,0.12,1200.9,3075.8,24.48,注意,良好
500KV-3号主变压器,B相,2024-07-04 00:00:00,192.17,9.36,19.05,0.27,0.24,861.1,2911.8,28.25,注意,良好
500KV-1号主变压器,B相,2024-07-05 00:00:00,249.04,6.61,1.3,17.12,0.65,373.1,2321.0,26.64,注意,良好
500KV-2号主变压器,B相,2024-07-05 00:00:00,200.87,14.76,19.19,11.7,0.22,249.1,3498.8,43.92,注意,良好
500KV-3号主变压器,B相,2024-07-05 00:00:00,8.11,7.85,29.67,0.42,0.1,517.6,1900.8,38.44,注意,一般
500KV-1号主变压器,B相,2024-07-06 00:00:00,6.3,6.4,8.49,17.99,0.59,1091.1,1969.0,32.06,注意,良好
500KV-2号主变压器,B相,2024-07-06 00:00:00,134.15,6.29,10.39,12.26,0.11,1044.6,1249.8,27.8,注意,良好
500KV-3号主变压器,B相,2024-07-06 00:00:00,212.12,3.34,13.98,5.08,0.88,1348.7,1376.9,23.71,注意,良好
500KV-1号主变压器,B相,2024-07-07 00:00:00,53.01,14.15,28.46,7.62,0.69,825.5,3323.2,52.8,注意,良好
500KV-2号主变压器,B相,2024-07-07 00:00:00,218.14,4.4,8.66,13.62,0.59,647.0,2718.5,27.59,注意,良好
500KV-3号主变压器,B相,2024-07-07 00:00:00,51.14,10.51,33.8,19.67,0.88,320.1,3188.7,62.17,注意,良好
500KV-1号主变压器,B相,2024-07-08 00:00:00,113.89,7.29,6.09,17.04,0.3,1147.8,1627.9,30.84,注意,良好
500KV-2号主变压器,B相,2024-07-08 00:00:00,9.85,11.87,19.55,7.75,0.99,801.2,2513.9,39.55,注意,良好
500KV-3号主变压器,B相,2024-07-08 00:00:00,186.71,14.83,25.77,2.19,0.06,225.8,1544.9,42.71,注意,一般
500KV-1号主变压器,B相,2024-07-09 00:00:00,227.62,7.28,17.21,3.35,0.08,835.6,1798.3,27.93,注意,良好
500KV-2号主变压器,B相,2024-07-09 00:00:00,143.1,8.11,12.28,8.7,1.18,604.9,2595.0,29.46,注意,良好
500KV-3号主变压器,B相,2024-07-09 00:00:00,206.9,7.72,17.36,13.42,0.57,544.0,3420.0,38.25,注意,良好
500KV-1号主变压器,B相,2024-07-10 00:00:00,60.21,10.86,4.0,14.77,0.25,1219.5,1765.2,29.1,注意,良好
500KV-2号主变压器,B相,2024-07-10 00:00:00,89.2,4.44,8.53,16.4,0.51,493.0,2686.9,29.83,注意,一般
500KV-3号主变压器,B相,2024-07-10 00:00:00,198.29,4.16,3.8,7.95,0.06,663.6,1410.0,15.58,注意,良好
500KV-1号主变压器,B相,2024-07-11 00:00:00,184.36,11.31,27.31,1.86,0.21,912.7,3669.2,39.53,注意,良好
500KV-2号主变压器,B相,2024-07-11 00:00:00,39.05,11.19,27.29,18.02,0.27,1458.3,3377.8,56.07,注意,良好
500KV-3号主变压器,B相,2024-07-11 00:00:00,126.15,4.91,14.69,7.67,0.75,625.7,2412.3,26.71,注意,良好
500KV-1号主变压器,B相,2024-07-12 00:00:00,211.08,10.14,3.9,8.96,1.11,905.3,1433.0,23.12,注意,一般
500KV-2号主变压器,B相,2024-07-12 00:00:00,112.38,8.82,31.54,19.62,0.25,1094.2,3524.9,62.87,注意,良好
500KV-3号主变压器,B相,2024-07-12 00:00:00,126.17,9.64,24.42,9.64,0.15,1019.5,2293.4,43.03,注意,一般
500KV-1号主变压器,B相,2024-07-13 00:00:00,54.97,12.11,3.9,10.06,0.18,1013.6,962.8,26.46,注意,差
500KV-2号主变压器,B相,2024-07-13 00:00:00,20.16,14.75,15.26,10.81,0.42,1146.5,939.3,42.18,注意,一般
500KV-3号主变压器,B相,2024-07-13 00:00:00,26.63,12.25,11.77,17.32,1.03,1033.1,892.3,40.63,注意,良好
500KV-1号主变压器,B相,2024-07-14 00:00:00,221.4,3.56,18.94,13.92,0.32,1211.9,2741.3,37.07,注意,良好
500KV-2号主变压器,B相,2024-07-14 00:00:00,147.37,7.96,32.05,17.21,0.74,741.8,3781.3,59.73,注意,差
500KV-3号主变压器,B相,2024-07-14 00:00:00,53.72,10.77,11.39,13.78,0.64,737.8,3816.9,37.63,注意,良好
500KV-1号主变压器,B相,2024-07-15 00:00:00,237.97,11.74,25.11,3.99,0.16,1348.1,1594.3,41.57,注意,良好
500KV-2号主变压器,B相,2024-07-15 00:00:00,194.6,7.47,8.2,3.36,2.08,358.3,2362.7,21.46,注意,良好
500KV-3号主变压器,B相,2024-07-15 00:00:00,260.65,9.99,28.83,6.74,0.0,970.7,2220.3,46.92,注意,良好
500KV-1号主变压器,B相,2024-07-16 00:00:00,175.22,10.81,13.21,9.21,0.78,1209.7,3169.1,35.16,注意,良好
500KV-2号主变压器,B相,2024-07-16 00:00:00,58.25,12.08,21.75,11.65,0.46,694.0,2565.6,48.23,注意,良好
500KV-3号主变压器,B相,2024-07-16 00:00:00,227.84,6.93,36.79,16.03,0.11,580.3,2092.0,58.57,注意,良好
500KV-1号主变压器,B相,2024-07-17 00:00:00,7.16,7.38,19.01,16.35,0.1,930.0,1023.1,43.88,注意,良好
500KV-2号主变压器,B相,2024-07-17 00:00:00,20.7,9.61,9.23,11.61,0.37,826.7,1947.4,29.29,注意,一般
500KV-3号主变压器,B相,2024-07-17 00:00:00,117.25,10.09,7.27,2.62,0.19,1227.0,1384.4,21.13,注意,良好
500KV-1号主变压器,B相,2024-07-18 00:00:00,92.95,12.71,11.2,13.84,0.13,316.0,1736.7,36.13,注意,良好
500KV-2号主变压器,B相,2024-07-18 00:00:00,241.65,6.0,6.83,12.74,0.64,1278.0,3572.5,25.14,注意,一般
500KV-3号主变压器,B相,2024-07-18 00:00:00,153.93,11.11,26.16,0.58,0.3,485.6,2662.9,38.81,注意,良好
500KV-1号主变压器,B相,2024-07-19 00:00:00,30.25,15.33,16.11,11.69,0.48,353.0,2260.1,44.96,注意,良好
500KV-2号主变压器,B相,2024-07-19 00:00:00,131.69,12.79,1.24,11.09,0.91,558.5,1156.8,26.09,注意,良好
500KV-3号主变压器,B相,2024-07-19 00:00:00,182.64,5.59,0.86,13.38,0.3,490.1,2554.3,20.94,注意,良好
500KV-1号主变压器,B相,2024-07-20 00:00:00,148.06,14.2,5.01,1.93,0.71,1150.0,1463.0,22.03,注意,良好
500KV-2号主变压器,B相,2024-07-20 00:00:00,171.26,8.98,14.0,10.86,0.3,187.5,1881.7,32.47,注意,差
500KV-3号主变压器,B相,2024-07-20 00:00:00,54.3,11.2,21.8,17.57,0.18,592.0,2756.2,51.0,注意,一般
500KV-1号主变压器,B相,2024-07-21 00:00:00,235.51,8.57,7.73,15.88,0.49,1037.9,3654.5,32.6,注意,良好
500KV-2号主变压器,B相,2024-07-21 00:00:00,25.93,8.0,26.23,18.12,0.6,363.8,2220.1,52.22,注意,良好
500KV-3号主变压器,B相,2024-07-21 00:00:00,119.71,12.88,17.54,12.72,0.22,707.8,1816.5,41.65,注意,良好
500KV-1号主变压器,B相,2024-07-22 00:00:00,182.4,5.91,10.9,9.11,0.06,901.4,2427.0,26.32,注意,良好
500KV-2号主变压器,B相,2024-07-22 00:00:00,190.27,11.13,18.03,6.42,0.65,229.0,1130.3,34.83,注意,良好
500KV-3号主变压器,B相,2024-07-22 00:00:00,240.68,9.81,9.11,17.24,0.29,880.0,935.3,36.89,注意,良好
500KV-1号主变压器,B相,2024-07-23 00:00:00,88.11,10.02,14.65,8.08,0.36,248.9,2210.5,33.09,注意,良好
500KV-2号主变压器,B相,2024-07-23 00:00:00,99.04,13.61,20.92,13.72,0.2,1166.3,3363.0,47.98,注意,良好
500KV-3号主变压器,B相,2024-07-23 00:00:00,223.44,8.32,30.94,0.42,0.77,1244.3,2685.2,39.39,注意,良好
500KV-1号主变压器,B相,2024-07-24 00:00:00,154.08,12.79,9.81,1.78,0.74,837.5,2387.3,24.72,注意,良好
500KV-2号主变压器,B相,2024-07-24 00:00:00,159.73,10.56,16.89,2.01,1.16,554.8,1947.2,30.05,注意,良好
500KV-3号主变压器,B相,2024-07-24 00:00:00,47.01,11.59,6.96,13.56,0.18,425.7,3322.0,33.3,注意,差
500KV-1号主变压器,B相,2024-07-25 00:00:00,129.7,3.94,19.08,19.49,1.02,1110.7,2671.1,43.28,注意,良好
500KV-2号主变压器,B相,2024-07-25 00:00:00,9.94,6.14,21.33,4.23,0.46,1023.8,1421.1,31.47,注意,良好
500KV-3号主变压器,B相,2024-07-25 00:00:00,50.26,5.72,8.46,8.99,0.62,1247.4,1755.8,23.98,注意,良好
500KV-1号主变压器,B相,2024-07-26 00:00:00,182.35,13.78,23.98,5.23,0.91,755.5,912.8,45.21,注意,良好
500KV-2号主变压器,B相,2024-07-26 00:00:00,87.98,7.0,28.3,3.35,1.0,354.6,1131.5,38.07,注意,良好
500KV-3号主变压器,B相,2024-07-26 00:00:00,8.76,8.35,5.63,19.01,0.56,934.1,2188.6,34.79,注意,良好
500KV-1号主变压器,B相,2024-07-27 00:00:00,225.43,8.93,20.2,4.51,0.48,871.5,2518.5,35.3,注意,良好
500KV-2号主变压器,B相,2024-07-27 00:00:00,221.13,11.45,16.92,8.81,0.19,1033.0,3547.8,36.18,注意,良好
500KV-3号主变压器,B相,2024-07-27 00:00:00,241.3,4.7,15.02,3.14,0.66,967.1,2767.5,22.83,注意,良好
500KV-1号主变压器,B相,2024-07-28 00:00:00,77.79,13.34,23.13,6.7,0.5,1342.1,3578.9,45.28,注意,良好
500KV-2号主变压器,B相,2024-07-28 00:00:00,76.54,10.45,5.51,17.03,0.37,1071.5,1830.2,32.7,注意,良好
500KV-3号主变压器,B相,2024-07-28 00:00:00,126.91,3.93,10.28,3.62,0.48,229.8,3527.1,17.67,注意,良好
500KV-1号主变压器,B相,2024-07-29 00:00:00,133.27,4.63,16.42,15.85,0.05,339.2,2944.6,37.99,注意,良好
500KV-2号主变压器,B相,2024-07-29 00:00:00,34.33,5.37,2.38,7.2,0.0,1086.3,1084.6,15.53,注意,良好
500KV-3号主变压器,B相,2024-07-29 00:00:00,229.8,4.07,14.93,15.33,0.04,1031.5,1796.8,34.01,注意,良好
500KV-1号主变压器,B相,2024-07-30 00:00:00,234.49,6.13,17.2,5.69,0.51,218.9,947.5,28.66,注意,良好
500KV-2号主变压器,B相,2024-07-30 00:00:00,133.02,6.47,9.8,2.6,0.4,1216.1,1066.2,19.42,注意,良好
500KV-3号主变压器,B相,2024-07-30 00:00:00,163.2,10.88,10.33,12.35,0.4,1279.4,1160.6,34.33,注意,良好
500KV-1号主变压器,B相,2024-07-31 00:00:00,242.34,13.85,20.33,12.3,0.53,1329.5,2644.5,47.83,注意,良好
500KV-2号主变压器,B相,2024-07-31 00:00:00,34.13,3.54,15.04,0.59,0.57,598.4,2352.7,20.2,注意,良好
500KV-3号主变压器,B相,2024-07-31 00:00:00,230.98,13.53,9.34,21.59,0.74,217.6,3259.2,45.67,注意,良好
500KV-1号主变压器,B相,2024-08-01 00:00:00,82.11,14.18,16.56,9.37,1.14,212.4,2690.4,40.21,注意,良好
500KV-2号主变压器,B相,2024-08-01 00:00:00,71.0,11.54,13.77,7.81,0.14,393.3,1273.6,34.49,注意,良好
500KV-3号主变压器,B相,2024-08-01 00:00:00,220.19,11.62,31.37,14.6,0.12,656.1,824.8,55.82,注意,良好
500KV-1号主变压器,B相,2024-08-02 00:00:00,111.92,11.07,13.04,12.65,0.38,815.2,1933.8,37.16,注意,一般
500KV-2号主变压器,B相,2024-08-02 00:00:00,45.49,14.79,28.89,16.38,0.24,471.8,2713.6,61.84,注意,良好
500KV-3号主变压器,B相,2024-08-02 00:00:00,78.46,10.34,7.55,1.17,0.61,1114.4,2899.4,20.2,注意,良好
500KV-1号主变压器,B相,2024-08-03 00:00:00,206.82,9.0,8.56,10.15,0.45,1126.3,1226.0,28.76,注意,良好
500KV-2号主变压器,B相,2024-08-03 00:00:00,68.16,13.2,16.81,10.74,0.48,991.4,1630.7,39.46,注意,良好
500KV-3号主变压器,B相,2024-08-03 00:00:00,192.44,9.77,8.33,6.51,1.0,1146.8,2651.7,26.17,注意,良好
500KV-1号主变压器,B相,2024-08-04 00:00:00,42.87,12.17,17.57,11.37,0.34,937.3,2984.1,40.65,注意,良好
500KV-2号主变压器,B相,2024-08-04 00:00:00,91.74,14.06,11.32,18.87,0.26,383.1,1236.5,46.25,注意,良好
500KV-3号主变压器,B相,2024-08-04 00:00:00,100.64,11.85,19.62,3.75,1.1,844.4,2389.3,36.79,注意,良好
500KV-1号主变压器,B相,2024-08-05 00:00:00,184.68,12.44,7.22,8.93,0.59,1301.6,2001.0,28.8,注意,良好
500KV-2号主变压器,B相,2024-08-05 00:00:00,86.84,13.33,11.83,0.82,0.28,1049.3,2331.0,27.37,注意,良好
500KV-3号主变压器,B相,2024-08-05 00:00:00,38.87,4.09,12.77,17.18,0.26,221.0,2717.3,33.78,注意,良好
500KV-1号主变压器,B相,2024-08-06 00:00:00,53.03,12.44,9.28,5.95,1.06,514.8,2919.8,28.26,注意,良好
500KV-2号主变压器,B相,2024-08-06 00:00:00,164.74,3.79,29.23,16.97,0.58,385.5,2826.6,50.11,注意,良好
500KV-3号主变压器,B相,2024-08-06 00:00:00,81.02,14.65,22.34,12.81,0.74,394.4,2155.2,50.04,注意,良好
500KV-1号主变压器,B相,2024-08-07 00:00:00,140.47,12.64,17.14,0.34,0.79,1026.8,2304.6,31.8,注意,良好
500KV-2号主变压器,B相,2024-08-07 00:00:00,69.48,4.29,13.26,16.81,0.02,892.1,2050.0,34.12,注意,一般
500KV-3号主变压器,B相,2024-08-07 00:00:00,152.69,12.55,19.21,7.84,0.44,404.7,1231.6,39.23,注意,良好
500KV-1号主变压器,B相,2024-08-08 00:00:00,240.96,12.68,20.63,7.39,0.42,263.4,1929.2,40.66,注意,良好
500KV-2号主变压器,B相,2024-08-08 00:00:00,126.76,5.39,23.39,12.07,1.07,1169.5,1170.7,42.43,注意,差
500KV-3号主变压器,B相,2024-08-08 00:00:00,143.39,8.02,22.83,11.0,0.15,371.6,847.2,42.31,注意,良好
500KV-1号主变压器,B相,2024-08-09 00:00:00,110.57,13.65,13.47,18.81,0.29,582.1,2604.6,48.48,注意,良好
500KV-2号主变压器,B相,2024-08-09 00:00:00,72.64,7.97,9.04,12.36,0.87,1113.5,1365.0,31.19,注意,良好
500KV-3号主变压器,B相,2024-08-09 00:00:00,230.2,6.75,6.75,1.04,0.64,630.3,2937.1,15.76,注意,良好
500KV-1号主变压器,B相,2024-08-10 00:00:00,244.1,11.46,1.54,4.08,0.05,338.3,2241.8,17.34,注意,良好
500KV-2号主变压器,B相,2024-08-10 00:00:00,183.87,14.55,25.04,10.04,0.43,259.6,3007.9,50.8,注意,一般
500KV-3号主变压器,B相,2024-08-10 00:00:00,79.63,8.52,24.5,17.23,1.15,1212.6,2936.3,53.38,注意,良好
500KV-1号主变压器,B相,2024-08-11 00:00:00,9.14,14.69,17.42,6.86,0.46,1372.2,2390.4,38.35,注意,良好
500KV-2号主变压器,B相,2024-08-11 00:00:00,156.0,6.95,6.7,17.57,0.44,1014.8,1625.8,32.4,注意,良好
500KV-3号主变压器,B相,2024-08-11 00:00:00,189.95,11.11,4.63,10.32,0.3,461.7,1871.9,26.46,注意,良好
500KV-1号主变压器,B相,2024-08-12 00:00:00,49.69,4.58,23.84,9.32,0.19,927.6,1361.4,37.14,注意,良好
500KV-2号主变压器,B相,2024-08-12 00:00:00,200.43,6.31,20.33,6.41,0.18,1298.0,3696.6,31.8,注意,良好
500KV-3号主变压器,B相,2024-08-12 00:00:00,224.2,4.97,31.76,11.21,0.72,195.1,2435.6,46.6,注意,一般
500KV-1号主变压器,B相,2024-08-13 00:00:00,27.36,8.59,19.15,3.08,0.81,931.2,2612.4,30.73,注意,良好
500KV-2号主变压器,B相,2024-08-13 00:00:00,143.45,9.67,8.54,2.35,0.66,355.7,2394.7,20.56,注意,良好
500KV-3号主变压器,B相,2024-08-13 00:00:00,37.29,10.12,3.21,12.95,0.25,1191.4,862.2,27.69,注意,良好
500KV-1号主变压器,B相,2024-08-14 00:00:00,70.91,13.22,20.24,15.9,0.06,845.6,3186.5,49.25,注意,良好
500KV-2号主变压器,B相,2024-08-14 00:00:00,121.19,3.18,14.83,2.2,0.18,342.6,1618.9,21.16,注意,良好
500KV-3号主变压器,B相,2024-08-14 00:00:00,79.61,4.14,1.26,7.16,0.44,762.8,3175.0,13.23,注意,一般
500KV-1号主变压器,B相,2024-08-15 00:00:00,262.27,12.18,1.29,9.93,0.18,831.9,3529.5,24.11,注意,良好
500KV-2号主变压器,B相,2024-08-15 00:00:00,226.16,13.54,23.41,12.6,0.86,1110.6,2563.7,50.91,注意,一般
500KV-3号主变压器,B相,2024-08-15 00:00:00,57.54,4.79,21.8,2.6,0.29,922.3,2061.3,28.56,注意,良好
500KV-1号主变压器,B相,2024-08-16 00:00:00,151.73,12.55,15.07,17.42,0.75,600.3,1884.7,45.71,注意,良好
500KV-2号主变压器,B相,2024-08-16 00:00:00,161.77,7.78,0.83,8.32,0.52,1202.7,2356.3,16.93,注意,良好
500KV-3号主变压器,B相,2024-08-16 00:00:00,186.07,14.4,20.56,6.53,0.29,611.2,2817.8,42.59,注意,良好
500KV-1号主变压器,B相,2024-08-17 00:00:00,186.68,13.42,2.88,14.51,0.07,1263.1,2251.5,29.45,注意,良好
500KV-2号主变压器,B相,2024-08-17 00:00:00,180.96,9.92,24.61,15.25,1.41,278.5,2396.8,48.84,注意,良好
500KV-3号主变压器,B相,2024-08-17 00:00:00,90.09,11.05,7.83,5.78,0.57,1268.9,2626.3,24.21,注意,良好
500KV-1号主变压器,B相,2024-08-18 00:00:00,219.53,13.71,13.34,5.75,0.19,1008.4,2087.1,32.45,注意,良好
500KV-2号主变压器,B相,2024-08-18 00:00:00,183.24,11.37,17.41,1.43,0.69,1328.2,1822.2,31.54,注意,良好
500KV-3号主变压器,B相,2024-08-18 00:00:00,215.85,6.48,11.99,5.13,0.49,577.1,1486.6,23.05,注意,良好
500KV-1号主变压器,B相,2024-08-19 00:00:00,61.01,12.5,5.11,15.3,1.24,884.8,1736.6,33.87,注意,良好
500KV-2号主变压器,B相,2024-08-19 00:00:00,104.79,12.04,26.44,1.56,0.02,1161.1,2432.9,38.95,注意,良好
500KV-3号主变压器,B相,2024-08-19 00:00:00,140.97,5.35,14.3,3.17,0.2,827.6,3829.7,21.97,注意,良好
500KV-1号主变压器,B相,2024-08-20 00:00:00,112.48,12.93,0.87,7.48,0.86,1186.9,3053.1,21.8,注意,良好
500KV-2号主变压器,B相,2024-08-20 00:00:00,163.11,12.08,16.27,2.13,0.97,936.7,1455.2,30.72,注意,良好
500KV-3号主变压器,B相,2024-08-20 00:00:00,58.71,9.69,15.49,17.83,7.2,1242.3,867.8,49.12,注意,良好
500KV-1号主变压器,B相,2024-08-21 00:00:00,67.64,14.12,14.88,4.11,0.3,726.8,977.7,32.58,注意,良好
500KV-2号主变压器,B相,2024-08-21 00:00:00,130.06,5.55,15.11,2.42,0.38,696.4,1262.1,24.14,注意,良好
500KV-3号主变压器,B相,2024-08-21 00:00:00,226.61,13.27,8.23,13.98,0.27,807.8,1469.2,34.55,注意,一般
500KV-1号主变压器,B相,2024-08-22 00:00:00,121.33,4.3,5.04,8.58,0.12,1025.7,1119.4,18.12,注意,良好
500KV-2号主变压器,B相,2024-08-22 00:00:00,129.78,7.05,5.25,1.56,0.09,1324.4,2067.7,14.25,注意,良好
500KV-3号主变压器,B相,2024-08-22 00:00:00,32.28,3.53,26.83,10.32,0.58,766.2,2309.6,41.9,注意,良好
500KV-1号主变压器,B相,2024-08-23 00:00:00,7.0,9.66,2.69,3.12,0.0,1288.1,3467.8,15.92,正常,一般
500KV-2号主变压器,B相,2024-08-23 00:00:00,128.34,8.09,1.11,8.19,0.23,916.8,972.4,17.03,注意,良好
500KV-3号主变压器,B相,2024-08-23 00:00:00,20.19,7.33,7.63,4.1,0.23,615.1,1941.1,19.49,注意,一般
500KV-1号主变压器,B相,2024-08-24 00:00:00,130.12,7.24,14.26,12.09,0.52,1246.4,3108.4,34.22,注意,一般
500KV-2号主变压器,B相,2024-08-24 00:00:00,214.82,5.62,14.86,2.06,0.28,969.3,3467.5,23.37,注意,一般
500KV-3号主变压器,B相,2024-08-24 00:00:00,72.52,5.72,6.49,2.23,0.18,723.4,1791.4,14.76,注意,良好
500KV-1号主变压器,B相,2024-08-25 00:00:00,195.77,7.85,14.81,12.67,0.09,1349.9,1924.9,35.81,注意,良好
500KV-2号主变压器,B相,2024-08-25 00:00:00,240.34,13.24,8.34,15.28,0.08,1324.6,2456.2,38.59,注意,良好
500KV-3号主变压器,B相,2024-08-25 00:00:00,137.98,9.26,10.57,3.32,0.11,813.1,1644.5,22.69,注意,良好
500KV-1号主变压器,B相,2024-08-26 00:00:00,174.17,7.16,1.23,5.89,0.47,1009.2,3250.5,14.07,注意,良好
500KV-2号主变压器,B相,2024-08-26 00:00:00,162.58,4.76,12.52,2.1,0.49,278.9,2621.8,20.14,注意,良好
500KV-3号主变压器,B相,2024-08-26 00:00:00,174.2,8.96,7.84,14.62,0.96,1243.5,3033.1,31.23,注意,良好
500KV-1号主变压器,B相,2024-08-27 00:00:00,230.06,14.29,7.64,13.38,0.86,800.1,2372.9,36.5,注意,良好
500KV-2号主变压器,B相,2024-08-27 00:00:00,227.44,6.23,35.72,1.67,0.06,431.6,3417.9,41.52,注意,一般
500KV-3号主变压器,B相,2024-08-27 00:00:00,194.27,9.53,22.99,1.18,0.14,911.2,2838.1,33.22,注意,一般
500KV-1号主变压器,B相,2024-08-28 00:00:00,20.88,13.96,9.67,10.06,0.43,1196.0,1369.4,34.6,注意,良好
500KV-2号主变压器,B相,2024-08-28 00:00:00,169.56,9.52,32.33,21.99,1.12,1190.0,2922.9,67.77,注意,良好
500KV-3号主变压器,B相,2024-08-28 00:00:00,18.27,3.75,12.24,18.59,0.02,576.7,2793.5,33.53,注意,良好
500KV-1号主变压器,B相,2024-08-29 00:00:00,114.72,4.17,26.96,4.63,0.78,658.3,1835.0,37.25,注意,良好
500KV-2号主变压器,B相,2024-08-29 00:00:00,47.87,10.18,2.75,10.06,0.04,460.2,2307.5,23.41,注意,良好
500KV-3号主变压器,B相,2024-08-29 00:00:00,108.51,10.89,10.27,2.77,0.65,457.4,2211.3,25.68,注意,良好
500KV-1号主变压器,C相,2024-06-01 00:00:00,47.66,5.69,36.04,15.73,0.57,455.0,1559.7,58.28,注意,良好
500KV-2号主变压器,C相,2024-06-01 00:00:00,60.85,13.71,18.84,20.8,0.5,957.9,1898.8,54.24,注意,良好
500KV-3号主变压器,C相,2024-06-01 00:00:00,33.1,14.82,18.97,12.11,0.78,1164.7,1875.8,48.59,注意,良好
500KV-1号主变压器,C相,2024-06-02 00:00:00,168.94,6.68,22.16,9.07,0.06,616.5,1421.6,39.85,注意,良好
500KV-2号主变压器,C相,2024-06-02 00:00:00,128.75,12.69,26.3,18.45,0.04,188.8,1865.7,56.52,注意,良好
500KV-3号主变压器,C相,2024-06-02 00:00:00,242.81,11.84,2.35,9.5,0.19,643.8,2686.4,24.86,注意,良好
500KV-1号主变压器,C相,2024-06-03 00:00:00,188.17,14.05,9.31,13.0,0.59,1258.7,2635.4,36.14,注意,良好
500KV-2号主变压器,C相,2024-06-03 00:00:00,234.78,7.13,10.62,10.61,0.85,372.9,1900.8,29.13,注意,良好
500KV-3号主变压器,C相,2024-06-03 00:00:00,70.18,4.15,4.72,8.45,1.05,448.2,2918.5,17.83,注意,良好
500KV-1号主变压器,C相,2024-06-04 00:00:00,165.58,12.61,20.17,12.23,0.04,1193.2,1470.5,46.78,注意,一般
500KV-2号主变压器,C相,2024-06-04 00:00:00,161.1,4.14,32.1,6.95,0.73,1043.5,1262.4,45.72,注意,良好
500KV-3号主变压器,C相,2024-06-04 00:00:00,215.15,6.61,0.65,13.95,0.13,700.1,1384.3,22.38,注意,良好
500KV-1号主变压器,C相,2024-06-05 00:00:00,129.12,12.17,23.1,17.78,0.75,623.5,2685.5,55.37,注意,良好
500KV-2号主变压器,C相,2024-06-05 00:00:00,25.33,4.11,9.37,16.15,0.53,1240.1,2548.7,29.47,注意,良好
500KV-3号主变压器,C相,2024-06-05 00:00:00,57.59,6.53,25.56,3.49,0.07,788.0,3478.4,33.95,注意,良好
500KV-1号主变压器,C相,2024-06-06 00:00:00,117.93,5.8,2.91,2.69,0.13,1374.3,2076.5,10.96,注意,良好
500KV-2号主变压器,C相,2024-06-06 00:00:00,214.62,8.13,5.0,8.33,0.76,815.9,1497.2,23.05,注意,良好
500KV-3号主变压器,C相,2024-06-06 00:00:00,47.69,9.67,26.49,7.35,0.02,488.4,3357.9,44.18,注意,良好
500KV-1号主变压器,C相,2024-06-07 00:00:00,167.23,4.68,1.11,1.86,0.33,1014.7,907.6,8.33,注意,良好
500KV-2号主变压器,C相,2024-06-07 00:00:00,162.08,4.66,15.11,6.08,0.17,925.4,3006.1,25.27,注意,良好
500KV-3号主变压器,C相,2024-06-07 00:00:00,194.77,8.52,13.87,9.12,0.09,1137.9,754.4,31.43,注意,良好
500KV-1号主变压器,C相,2024-06-08 00:00:00,195.35,8.05,16.86,11.08,0.13,1337.9,2667.7,36.87,注意,良好
500KV-2号主变压器,C相,2024-06-08 00:00:00,166.89,4.61,3.7,10.52,0.97,422.3,2258.6,18.81,注意,良好
500KV-3号主变压器,C相,2024-06-08 00:00:00,29.17,11.07,26.92,14.44,0.11,1291.4,3284.9,52.9,注意,一般
500KV-1号主变压器,C相,2024-06-09 00:00:00,166.38,12.32,20.27,9.99,1.02,442.9,3078.3,42.76,注意,良好
500KV-2号主变压器,C相,2024-06-09 00:00:00,219.9,14.86,5.34,4.16,0.2,1400.9,1365.2,25.42,注意,良好
500KV-3号主变压器,C相,2024-06-09 00:00:00,60.45,7.61,11.6,14.15,0.36,414.9,937.1,32.47,注意,良好
500KV-1号主变压器,C相,2024-06-10 00:00:00,138.23,3.23,29.66,7.03,0.26,441.9,1627.4,41.27,注意,良好
500KV-2号主变压器,C相,2024-06-10 00:00:00,233.02,10.64,23.95,6.0,0.26,861.5,1710.2,42.7,注意,良好
500KV-3号主变压器,C相,2024-06-10 00:00:00,166.85,7.97,28.27,22.52,0.45,540.8,2135.0,60.16,注意,良好
500KV-1号主变压器,C相,2024-06-11 00:00:00,16.04,3.61,27.2,4.96,0.59,1069.8,3450.3,37.58,注意,一般
500KV-2号主变压器,C相,2024-06-11 00:00:00,193.35,8.97,4.63,0.99,0.59,297.4,2521.3,15.06,注意,良好
500KV-3号主变压器,C相,2024-06-11 00:00:00,136.1,12.29,15.93,8.83,0.17,797.5,1476.9,38.26,注意,一般
500KV-1号主变压器,C相,2024-06-12 00:00:00,187.86,7.89,29.4,13.03,0.23,1071.4,2900.6,51.99,注意,良好
500KV-2号主变压器,C相,2024-06-12 00:00:00,18.37,3.59,11.73,15.65,0.22,780.9,2495.1,32.0,注意,良好
500KV-3号主变压器,C相,2024-06-12 00:00:00,205.05,3.78,20.05,9.22,0.69,940.7,1264.5,32.44,注意,良好
500KV-1号主变压器,C相,2024-06-13 00:00:00,80.53,10.12,15.15,0.66,0.04,811.7,2493.5,26.35,注意,良好
500KV-2号主变压器,C相,2024-06-13 00:00:00,243.7,10.54,18.65,9.57,0.24,364.9,3242.9,38.38,注意,良好
500KV-3号主变压器,C相,2024-06-13 00:00:00,132.36,5.28,14.17,12.38,0.32,761.1,2750.7,33.44,注意,良好
500KV-1号主变压器,C相,2024-06-14 00:00:00,149.76,5.76,22.5,4.93,0.18,257.0,1596.2,32.28,注意,良好
500KV-2号主变压器,C相,2024-06-14 00:00:00,53.38,10.25,5.55,19.6,0.37,1053.9,1825.9,36.4,注意,良好
500KV-3号主变压器,C相,2024-06-14 00:00:00,217.91,13.19,14.01,9.48,1.02,1017.9,1845.0,37.44,注意,良好
500KV-1号主变压器,C相,2024-06-15 00:00:00,262.45,12.32,22.02,10.89,0.83,1116.0,1938.2,47.44,注意,一般
500KV-2号主变压器,C相,2024-06-15 00:00:00,149.57,5.42,13.84,5.66,0.23,1270.9,3115.1,24.04,注意,良好
500KV-3号主变压器,C相,2024-06-15 00:00:00,173.63,12.69,25.9,11.37,0.2,659.5,1960.6,49.97,注意,良好
500KV-1号主变压器,C相,2024-06-16 00:00:00,115.67,7.1,2.19,21.21,0.06,1165.4,887.3,30.49,注意,良好
500KV-2号主变压器,C相,2024-06-16 00:00:00,27.87,12.06,19.23,2.99,0.1,1184.1,2209.5,33.79,注意,差
500KV-3号主变压器,C相,2024-06-16 00:00:00,181.64,9.97,4.34,20.0,0.51,750.0,2882.4,35.93,注意,良好
500KV-1号主变压器,C相,2024-06-17 00:00:00,139.98,14.25,9.03,15.04,0.03,926.3,2724.5,38.19,注意,良好
500KV-2号主变压器,C相,2024-06-17 00:00:00,165.14,12.79,15.85,8.71,0.4,470.2,1150.8,36.78,注意,良好
500KV-3号主变压器,C相,2024-06-17 00:00:00,26.48,4.98,2.48,19.43,1.15,313.4,2994.4,29.28,注意,良好
500KV-1号主变压器,C相,2024-06-18 00:00:00,114.54,10.08,18.79,7.09,0.66,356.2,1775.2,35.2,注意,良好
500KV-2号主变压器,C相,2024-06-18 00:00:00,185.82,11.56,20.94,1.87,0.19,1076.0,2535.2,33.53,注意,良好
500KV-3号主变压器,C相,2024-06-18 00:00:00,209.97,14.47,18.48,1.38,0.27,511.3,825.3,33.98,注意,一般
500KV-1号主变压器,C相,2024-06-19 00:00:00,203.32,7.95,26.73,0.63,0.13,1113.5,2076.2,36.06,注意,良好
500KV-2号主变压器,C相,2024-06-19 00:00:00,29.94,14.34,24.53,15.38,0.15,231.1,1167.5,52.2,注意,良好
500KV-3号主变压器,C相,2024-06-19 00:00:00,160.85,3.48,1.09,12.21,0.14,977.0,3495.9,17.33,注意,良好
500KV-1号主变压器,C相,2024-06-20 00:00:00,139.67,12.9,21.13,7.87,2.67,675.4,1643.1,42.99,注意,良好
500KV-2号主变压器,C相,2024-06-20 00:00:00,72.45,8.94,22.65,2.09,6.46,784.5,2550.3,38.69,注意,良好
500KV-3号主变压器,C相,2024-06-20 00:00:00,111.34,5.14,6.28,7.74,0.3,529.9,2838.9,20.21,注意,良好
500KV-1号主变压器,C相,2024-06-21 00:00:00,213.77,8.73,11.65,12.75,0.2,1068.5,2225.7,33.39,注意,良好
500KV-2号主变压器,C相,2024-06-21 00:00:00,145.75,9.54,25.87,8.07,0.21,846.1,2512.5,43.18,注意,良好
500KV-3号主变压器,C相,2024-06-21 00:00:00,53.86,7.18,10.37,1.2,0.89,1161.0,3196.3,20.14,注意,良好
500KV-1号主变压器,C相,2024-06-22 00:00:00,114.15,5.47,23.94,2.83,0.18,861.2,918.5,32.85,注意,一般
500KV-2号主变压器,C相,2024-06-22 00:00:00,25.5,6.06,3.26,13.81,0.66,890.1,1567.0,24.95,注意,良好
500KV-3号主变压器,C相,2024-06-22 00:00:00,191.98,3.17,10.1,12.0,0.14,1202.8,2103.4,25.59,注意,良好
500KV-1号主变压器,C相,2024-06-23 00:00:00,110.36,6.17,29.02,6.46,0.17,440.9,2737.4,43.85,注意,良好
500KV-2号主变压器,C相,2024-06-23 00:00:00,84.16,14.27,6.52,17.59,0.48,800.9,3103.6,38.78,注意,良好
500KV-3号主变压器,C相,2024-06-23 00:00:00,140.23,3.17,10.71,3.64,0.27,997.8,3284.9,17.28,注意,良好
500KV-1号主变压器,C相,2024-06-24 00:00:00,137.14,11.27,2.75,15.26,0.1,972.9,1621.0,30.2,注意,良好
500KV-2号主变压器,C相,2024-06-24 00:00:00,116.21,12.51,30.28,6.81,1.32,295.2,1936.3,52.98,注意,良好
500KV-3号主变压器,C相,2024-06-24 00:00:00,11.13,14.35,3.66,12.13,0.0,403.8,2430.7,29.5,注意,良好
500KV-1号主变压器,C相,2024-06-25 00:00:00,49.33,8.26,30.54,10.15,1.15,1292.0,3460.8,51.68,注意,良好
500KV-2号主变压器,C相,2024-06-25 00:00:00,60.54,12.46,3.39,6.38,0.16,1114.7,1420.2,21.33,注意,一般
500KV-3号主变压器,C相,2024-06-25 00:00:00,204.02,6.61,12.57,5.56,0.08,1016.5,966.0,25.09,注意,良好
500KV-1号主变压器,C相,2024-06-26 00:00:00,153.86,6.61,15.5,6.46,1.02,794.5,1361.7,30.66,注意,良好
500KV-2号主变压器,C相,2024-06-26 00:00:00,225.21,3.7,11.46,18.57,0.39,997.1,869.4,35.23,注意,良好
500KV-3号主变压器,C相,2024-06-26 00:00:00,122.04,9.5,2.38,7.19,0.16,261.7,2371.9,19.77,注意,差
500KV-1号主变压器,C相,2024-06-27 00:00:00,259.71,12.99,3.09,4.36,0.31,415.7,1687.0,20.56,注意,良好
500KV-2号主变压器,C相,2024-06-27 00:00:00,272.45,10.77,10.77,10.18,0.06,670.4,2309.5,31.89,注意,良好
500KV-3号主变压器,C相,2024-06-27 00:00:00,97.46,8.09,16.39,7.28,0.89,1139.0,2427.3,32.73,注意,良好
500KV-1号主变压器,C相,2024-06-28 00:00:00,164.87,6.22,18.4,2.2,1.39,1226.5,2586.5,26.97,注意,良好
500KV-2号主变压器,C相,2024-06-28 00:00:00,89.11,4.32,2.03,19.72,0.57,1362.1,2949.8,25.96,注意,良好
500KV-3号主变压器,C相,2024-06-28 00:00:00,154.91,5.33,22.57,6.43,0.16,921.7,3055.4,35.41,注意,良好
500KV-1号主变压器,C相,2024-06-29 00:00:00,126.8,10.02,4.87,3.78,1.03,283.9,1575.7,19.13,注意,差
500KV-2号主变压器,C相,2024-06-29 00:00:00,108.37,8.15,10.85,5.43,0.22,402.2,2566.9,25.35,注意,良好
500KV-3号主变压器,C相,2024-06-29 00:00:00,126.62,14.38,24.27,14.44,0.94,303.2,1467.2,54.05,注意,良好
500KV-1号主变压器,C相,2024-06-30 00:00:00,90.53,9.89,12.96,16.61,0.16,1187.5,1770.7,41.46,注意,良好
500KV-2号主变压器,C相,2024-06-30 00:00:00,169.66,7.88,3.05,0.9,0.16,514.0,2432.7,11.75,注意,良好
500KV-3号主变压器,C相,2024-06-30 00:00:00,126.81,8.67,33.23,5.95,0.17,1369.7,2273.3,49.25,注意,良好
500KV-1号主变压器,C相,2024-07-01 00:00:00,196.8,4.55,1.58,20.27,1.03,1032.3,1240.7,27.48,注意,良好
500KV-2号主变压器,C相,2024-07-01 00:00:00,62.41,3.43,2.11,5.2,0.62,291.4,1179.5,11.01,注意,良好
500KV-3号主变压器,C相,2024-07-01 00:00:00,58.55,8.76,27.17,14.06,0.3,1076.7,931.3,51.23,注意,良好
500KV-1号主变压器,C相,2024-07-02 00:00:00,105.57,3.62,9.07,13.01,1.45,753.1,975.8,28.17,注意,良好
500KV-2号主变压器,C相,2024-07-02 00:00:00,118.31,5.36,8.13,10.69,0.02,1088.9,2553.7,23.69,注意,一般
500KV-3号主变压器,C相,2024-07-02 00:00:00,27.12,14.83,2.05,18.9,0.95,984.1,1679.9,37.03,注意,良好
500KV-1号主变压器,C相,2024-07-03 00:00:00,117.69,3.79,16.64,16.12,0.39,221.2,1547.9,37.09,注意,良好
500KV-2号主变压器,C相,2024-07-03 00:00:00,144.69,6.83,15.42,11.3,0.35,471.6,2006.4,33.52,注意,良好
500KV-3号主变压器,C相,2024-07-03 00:00:00,50.38,10.93,21.33,17.69,0.23,711.3,1783.9,52.57,注意,良好
500KV-1号主变压器,C相,2024-07-04 00:00:00,54.45,15.16,6.44,9.26,0.12,1244.7,2157.7,30.62,注意,良好
500KV-2号主变压器,C相,2024-07-04 00:00:00,76.88,10.8,13.71,9.39,0.93,296.9,3050.3,35.17,注意,良好
500KV-3号主变压器,C相,2024-07-04 00:00:00,224.09,7.61,25.87,21.12,0.4,1292.9,2938.5,53.47,注意,良好
500KV-1号主变压器,C相,2024-07-05 00:00:00,37.85,3.26,0.59,15.78,0.04,847.2,2616.0,20.55,注意,良好
500KV-2号主变压器,C相,2024-07-05 00:00:00,31.55,6.69,27.26,6.99,0.4,997.7,1998.1,41.16,注意,良好
500KV-3号主变压器,C相,2024-07-05 00:00:00,162.45,8.04,23.74,5.78,0.87,1287.0,2604.7,38.2,注意,良好
500KV-1号主变压器,C相,2024-07-06 00:00:00,178.66,8.61,28.96,12.22,0.74,777.0,1074.3,51.69,注意,良好
500KV-2号主变压器,C相,2024-07-06 00:00:00,215.4,13.21,1.25,12.59,0.07,322.9,2369.1,26.38,注意,良好
500KV-3号主变压器,C相,2024-07-06 00:00:00,101.47,4.14,1.28,2.64,0.35,1332.7,2220.1,8.55,注意,良好
500KV-1号主变压器,C相,2024-07-07 00:00:00,84.89,10.52,23.54,7.23,0.23,703.5,2988.0,41.98,注意,良好
500KV-2号主变压器,C相,2024-07-07 00:00:00,189.52,3.2,17.7,1.27,0.73,863.3,1232.5,22.55,注意,良好
500KV-3号主变压器,C相,2024-07-07 00:00:00,73.6,3.92,18.67,7.57,0.13,955.4,2744.6,29.26,注意,良好
500KV-1号主变压器,C相,2024-07-08 00:00:00,181.3,4.79,0.77,9.99,0.16,811.0,2106.2,16.16,注意,良好
500KV-2号主变压器,C相,2024-07-08 00:00:00,149.86,10.17,10.8,12.74,0.22,1393.1,3347.3,33.4,注意,良好
500KV-3号主变压器,C相,2024-07-08 00:00:00,78.83,15.13,16.43,5.76,0.12,739.9,1468.6,36.73,注意,良好
500KV-1号主变压器,C相,2024-07-09 00:00:00,29.73,10.89,15.47,6.59,0.77,1136.9,804.3,34.26,注意,良好
500KV-2号主变压器,C相,2024-07-09 00:00:00,73.94,7.28,20.75,1.78,0.42,948.8,2341.6,28.91,注意,良好
500KV-3号主变压器,C相,2024-07-09 00:00:00,44.03,5.19,2.61,2.16,0.9,1367.4,1665.4,10.57,注意,良好
500KV-1号主变压器,C相,2024-07-10 00:00:00,185.4,4.37,8.31,18.63,0.95,755.9,3194.5,33.65,注意,良好
500KV-2号主变压器,C相,2024-07-10 00:00:00,166.1,6.92,26.01,1.69,0.97,610.1,1382.6,35.37,注意,良好
500KV-3号主变压器,C相,2024-07-10 00:00:00,217.95,8.65,1.6,5.1,0.29,1043.3,2359.4,16.02,注意,良好
500KV-1号主变压器,C相,2024-07-11 00:00:00,181.97,5.16,18.83,11.91,0.57,1067.3,2872.3,36.02,注意,良好
500KV-2号主变压器,C相,2024-07-11 00:00:00,47.17,10.09,2.35,6.83,0.28,299.9,1504.7,20.35,注意,良好
500KV-3号主变压器,C相,2024-07-11 00:00:00,187.78,5.14,19.62,10.46,0.35,847.3,3439.1,34.1,注意,良好
500KV-1号主变压器,C相,2024-07-12 00:00:00,96.22,9.03,12.48,2.49,0.05,295.7,2218.1,23.35,注意,良好
500KV-2号主变压器,C相,2024-07-12 00:00:00,230.26,12.93,5.75,1.63,0.11,1265.2,843.9,21.4,注意,良好
500KV-3号主变压器,C相,2024-07-12 00:00:00,37.95,7.59,14.95,3.76,0.35,422.1,2128.3,27.45,注意,良好
500KV-1号主变压器,C相,2024-07-13 00:00:00,113.31,4.07,22.45,10.28,0.21,1196.2,1793.1,35.73,注意,良好
500KV-2号主变压器,C相,2024-07-13 00:00:00,196.97,7.05,15.35,1.94,0.18,1158.8,1853.7,23.77,注意,良好
500KV-3号主变压器,C相,2024-07-13 00:00:00,74.06,12.9,10.78,5.43,0.11,335.6,2067.5,29.06,注意,一般
500KV-1号主变压器,C相,2024-07-14 00:00:00,110.57,6.58,25.39,12.8,0.28,816.2,2186.4,45.21,注意,良好
500KV-2号主变压器,C相,2024-07-14 00:00:00,240.96,5.07,22.43,14.72,0.23,930.4,1251.7,43.75,注意,良好
500KV-3号主变压器,C相,2024-07-14 00:00:00,253.75,9.0,7.8,8.87,0.32,1327.1,2498.0,26.35,注意,良好
500KV-1号主变压器,C相,2024-07-15 00:00:00,117.21,14.58,14.72,9.51,0.09,875.7,1874.8,40.56,注意,良好
500KV-2号主变压器,C相,2024-07-15 00:00:00,234.36,11.62,13.5,3.22,0.07,779.0,1813.6,29.4,注意,良好
500KV-3号主变压器,C相,2024-07-15 00:00:00,114.54,12.92,23.5,3.52,0.33,292.7,897.9,42.24,注意,良好
500KV-1号主变压器,C相,2024-07-16 00:00:00,200.18,12.11,24.5,14.11,0.74,1250.8,2194.7,50.0,注意,良好
500KV-2号主变压器,C相,2024-07-16 00:00:00,234.14,4.33,13.41,11.1,0.04,395.3,1643.0,29.27,注意,良好
500KV-3号主变压器,C相,2024-07-16 00:00:00,254.7,7.09,1.96,14.41,0.19,1193.4,1002.8,22.79,注意,一般
500KV-1号主变压器,C相,2024-07-17 00:00:00,22.66,9.68,7.34,20.55,0.38,565.4,1178.9,39.03,注意,良好
500KV-2号主变压器,C相,2024-07-17 00:00:00,45.26,7.99,23.45,2.94,0.43,864.5,1014.9,33.63,注意,一般
500KV-3号主变压器,C相,2024-07-17 00:00:00,24.52,3.75,27.24,7.1,0.04,1160.4,1882.0,36.62,注意,良好
500KV-1号主变压器,C相,2024-07-18 00:00:00,219.08,12.8,17.85,14.18,0.41,549.9,3582.3,45.95,注意,良好
500KV-2号主变压器,C相,2024-07-18 00:00:00,210.25,7.34,3.72,11.12,0.01,1180.4,1675.8,22.44,注意,良好
500KV-3号主变压器,C相,2024-07-18 00:00:00,168.44,13.57,16.97,17.95,0.1,843.4,2470.3,49.03,注意,良好
500KV-1号主变压器,C相,2024-07-19 00:00:00,121.87,12.65,31.63,0.87,1.21,1149.8,3007.8,45.33,注意,良好
500KV-2号主变压器,C相,2024-07-19 00:00:00,214.64,8.69,11.82,8.04,0.47,932.1,3087.7,29.59,注意,良好
500KV-3号主变压器,C相,2024-07-19 00:00:00,175.52,7.44,21.14,18.54,0.18,316.0,1599.8,46.14,注意,良好
500KV-1号主变压器,C相,2024-07-20 00:00:00,187.34,9.03,9.41,9.3,0.58,379.3,1377.0,27.52,注意,良好
500KV-2号主变压器,C相,2024-07-20 00:00:00,54.43,4.58,17.5,11.73,0.97,715.3,972.8,33.63,注意,良好
500KV-3号主变压器,C相,2024-07-20 00:00:00,24.55,14.4,11.38,21.63,0.07,627.5,2641.2,48.19,注意,良好
500KV-1号主变压器,C相,2024-07-21 00:00:00,195.71,13.1,10.18,15.78,0.7,1399.1,1184.6,40.98,注意,良好
500KV-2号主变压器,C相,2024-07-21 00:00:00,21.95,7.85,22.99,6.2,0.72,1330.9,2794.2,37.05,注意,良好
500KV-3号主变压器,C相,2024-07-21 00:00:00,21.63,6.56,19.04,5.16,0.27,1428.3,1775.0,30.82,注意,良好
500KV-1号主变压器,C相,2024-07-22 00:00:00,155.86,13.12,35.5,0.92,0.2,580.7,2054.1,52.0,注意,一般
500KV-2号主变压器,C相,2024-07-22 00:00:00,133.5,9.96,11.96,0.54,0.32,1130.4,1433.9,23.9,注意,差
500KV-3号主变压器,C相,2024-07-22 00:00:00,210.5,15.52,3.98,0.64,0.08,893.5,1118.8,19.72,注意,良好
500KV-1号主变压器,C相,2024-07-23 00:00:00,116.14,12.49,6.1,0.64,0.31,1223.6,3250.2,19.83,注意,良好
500KV-2号主变压器,C相,2024-07-23 00:00:00,220.67,4.42,8.1,10.29,0.21,235.8,1126.7,24.17,注意,良好
500KV-3号主变压器,C相,2024-07-23 00:00:00,151.93,11.79,24.28,4.54,0.77,294.1,945.1,42.26,注意,良好
500KV-1号主变压器,C相,2024-07-24 00:00:00,135.65,5.45,15.96,14.99,0.08,914.7,1282.2,36.22,注意,良好
500KV-2号主变压器,C相,2024-07-24 00:00:00,70.66,14.63,15.55,1.77,0.61,369.4,1772.8,31.84,注意,良好
500KV-3号主变压器,C相,2024-07-24 00:00:00,54.11,13.93,13.45,20.96,0.4,297.8,1077.5,46.42,注意,良好
500KV-1号主变压器,C相,2024-07-25 00:00:00,201.63,12.53,3.88,16.43,0.03,934.9,2025.8,31.38,注意,良好
500KV-2号主变压器,C相,2024-07-25 00:00:00,28.9,10.32,13.88,4.73,0.57,378.9,2352.9,30.87,注意,良好
500KV-3号主变压器,C相,2024-07-25 00:00:00,36.4,7.54,26.79,13.35,0.43,731.1,2246.1,50.31,注意,良好
500KV-1号主变压器,C相,2024-07-26 00:00:00,140.97,7.31,12.03,8.14,0.21,812.3,3316.7,28.33,注意,一般
500KV-2号主变压器,C相,2024-07-26 00:00:00,10.95,9.25,27.74,9.86,0.89,583.1,3078.1,45.43,注意,良好
500KV-3号主变压器,C相,2024-07-26 00:00:00,71.83,9.91,8.83,2.16,0.56,1172.8,1842.4,21.1,注意,良好
500KV-1号主变压器,C相,2024-07-27 00:00:00,176.64,13.63,8.01,11.36,0.93,1191.7,1098.4,34.02,注意,良好
500KV-2号主变压器,C相,2024-07-27 00:00:00,169.54,14.29,0.99,8.92,0.61,1025.6,1756.8,23.9,注意,良好
500KV-3号主变压器,C相,2024-07-27 00:00:00,126.65,9.71,12.43,2.79,0.18,244.2,3678.1,25.51,注意,良好
500KV-1号主变压器,C相,2024-07-28 00:00:00,168.79,4.24,0.86,11.23,0.48,1296.3,2835.7,17.04,注意,良好
500KV-2号主变压器,C相,2024-07-28 00:00:00,135.54,11.09,5.99,3.2,1.01,1129.4,3167.7,21.05,注意,良好
500KV-3号主变压器,C相,2024-07-28 00:00:00,168.49,3.7,17.06,3.23,0.11,1112.8,2943.0,24.71,注意,良好
500KV-1号主变压器,C相,2024-07-29 00:00:00,48.02,4.85,14.86,7.24,0.84,586.4,3201.7,26.6,注意,良好
500KV-2号主变压器,C相,2024-07-29 00:00:00,46.08,14.16,25.59,16.02,0.17,1110.6,2578.5,54.73,注意,良好
500KV-3号主变压器,C相,2024-07-29 00:00:00,123.54,6.11,4.3,10.1,0.38,254.0,3168.4,21.38,注意,良好
500KV-1号主变压器,C相,2024-07-30 00:00:00,68.83,7.48,10.67,11.48,0.22,694.5,1915.0,31.16,注意,良好
500KV-2号主变压器,C相,2024-07-30 00:00:00,92.65,13.12,4.76,21.13,0.73,686.3,1275.3,39.26,注意,良好
500KV-3号主变压器,C相,2024-07-30 00:00:00,113.9,7.7,20.34,5.44,0.78,901.0,3444.7,32.68,注意,良好
500KV-1号主变压器,C相,2024-07-31 00:00:00,79.37,11.57,9.56,8.98,0.21,462.9,2319.4,29.33,注意,良好
500KV-2号主变压器,C相,2024-07-31 00:00:00,166.08,10.79,5.24,3.51,0.72,900.3,1386.2,21.11,注意,一般
500KV-3号主变压器,C相,2024-07-31 00:00:00,77.05,11.37,11.03,9.97,0.49,509.1,2238.3,33.49,注意,良好
500KV-1号主变压器,C相,2024-08-01 00:00:00,126.8,5.24,7.42,2.24,0.06,996.3,2160.6,14.68,注意,良好
500KV-2号主变压器,C相,2024-08-01 00:00:00,195.81,14.68,4.59,11.48,0.01,608.5,2197.8,31.45,注意,良好
500KV-3号主变压器,C相,2024-08-01 00:00:00,191.82,8.72,24.27,8.61,1.31,1246.7,2055.4,41.8,注意,良好
500KV-1号主变压器,C相,2024-08-02 00:00:00,153.65,8.51,1.83,10.33,0.4,854.0,2564.3,20.31,注意,良好
500KV-2号主变压器,C相,2024-08-02 00:00:00,244.34,11.18,27.33,5.55,0.5,388.7,1729.0,46.04,注意,良好
500KV-3号主变压器,C相,2024-08-02 00:00:00,132.19,9.71,16.65,2.74,0.67,736.7,2234.7,29.71,注意,良好
500KV-1号主变压器,C相,2024-08-03 00:00:00,218.47,5.08,13.86,8.98,0.6,1000.0,865.1,29.32,注意,良好
500KV-2号主变压器,C相,2024-08-03 00:00:00,129.03,14.19,21.27,10.18,0.53,1123.2,2670.4,44.41,注意,良好
500KV-3号主变压器,C相,2024-08-03 00:00:00,100.87,9.14,2.34,15.85,0.08,738.7,1707.2,27.24,注意,良好
500KV-1号主变压器,C相,2024-08-04 00:00:00,232.27,4.27,2.3,2.78,0.44,759.7,843.3,9.31,注意,良好
500KV-2号主变压器,C相,2024-08-04 00:00:00,86.96,11.94,12.69,3.71,0.85,329.0,2482.8,28.57,注意,良好
500KV-3号主变压器,C相,2024-08-04 00:00:00,109.25,11.18,14.03,15.65,0.09,293.2,1417.6,41.18,注意,良好
500KV-1号主变压器,C相,2024-08-05 00:00:00,28.02,7.65,30.66,1.24,0.17,785.6,1614.4,37.79,注意,良好
500KV-2号主变压器,C相,2024-08-05 00:00:00,64.25,8.68,1.49,4.52,0.13,589.4,2282.0,15.26,注意,良好
500KV-3号主变压器,C相,2024-08-05 00:00:00,74.91,3.84,19.38,9.38,0.87,315.0,1106.2,33.47,注意,良好
500KV-1号主变压器,C相,2024-08-06 00:00:00,117.63,4.89,4.45,16.58,0.14,976.0,2909.5,25.4,注意,一般
500KV-2号主变压器,C相,2024-08-06 00:00:00,104.17,5.76,28.62,9.89,0.06,782.8,2951.4,46.03,注意,一般
500KV-3号主变压器,C相,2024-08-06 00:00:00,181.91,4.03,9.22,11.85,0.73,1035.4,1377.6,25.73,注意,良好
500KV-1号主变压器,C相,2024-08-07 00:00:00,8.69,9.25,9.57,2.5,0.11,730.8,1882.2,21.46,注意,良好
500KV-2号主变压器,C相,2024-08-07 00:00:00,184.39,14.17,15.93,4.33,0.34,621.2,3523.4,33.65,注意,良好
500KV-3号主变压器,C相,2024-08-07 00:00:00,26.83,8.46,25.85,9.61,0.69,584.3,1248.9,46.57,注意,良好
500KV-1号主变压器,C相,2024-08-08 00:00:00,60.93,10.54,17.04,0.61,0.05,937.8,1876.2,28.95,注意,一般
500KV-2号主变压器,C相,2024-08-08 00:00:00,156.77,7.37,23.66,11.01,0.34,1103.2,971.0,42.17,注意,良好
500KV-3号主变压器,C相,2024-08-08 00:00:00,28.86,9.6,1.81,4.66,0.9,206.8,2021.9,16.64,注意,良好
500KV-1号主变压器,C相,2024-08-09 00:00:00,79.3,10.47,22.37,14.29,0.09,1359.3,2500.9,48.71,注意,良好
500KV-2号主变压器,C相,2024-08-09 00:00:00,214.98,12.75,10.04,15.87,0.22,413.9,3446.2,38.91,注意,良好
500KV-3号主变压器,C相,2024-08-09 00:00:00,60.01,4.0,18.46,7.77,0.27,690.9,1675.6,30.89,注意,良好
500KV-1号主变压器,C相,2024-08-10 00:00:00,202.41,3.92,1.27,3.59,0.23,449.2,3377.3,9.24,注意,良好
500KV-2号主变压器,C相,2024-08-10 00:00:00,209.29,10.3,21.44,11.55,0.14,447.3,2845.7,42.78,注意,良好
500KV-3号主变压器,C相,2024-08-10 00:00:00,217.34,13.64,21.23,9.66,0.42,599.6,2792.2,45.7,注意,良好
500KV-1号主变压器,C相,2024-08-11 00:00:00,41.59,15.0,10.94,8.9,0.18,1009.6,3270.0,34.67,注意,良好
500KV-2号主变压器,C相,2024-08-11 00:00:00,169.65,8.74,15.83,7.45,0.1,296.0,1507.9,31.53,注意,良好
500KV-3号主变压器,C相,2024-08-11 00:00:00,183.93,9.38,19.01,3.39,0.49,1123.8,2961.5,31.01,注意,良好
500KV-1号主变压器,C相,2024-08-12 00:00:00,194.93,14.03,9.94,3.25,0.67,483.1,2646.2,29.26,注意,一般
500KV-2号主变压器,C相,2024-08-12 00:00:00,73.38,5.65,16.09,14.01,0.9,1182.7,932.0,35.55,注意,良好
500KV-3号主变压器,C相,2024-08-12 00:00:00,133.56,13.79,34.16,1.47,0.18,471.7,1632.8,48.73,注意,良好
500KV-1号主变压器,C相,2024-08-13 00:00:00,190.72,13.14,26.81,15.01,0.8,1134.6,2769.0,53.9,注意,良好
500KV-2号主变压器,C相,2024-08-13 00:00:00,253.32,8.59,17.93,21.78,0.05,1472.7,788.6,49.32,注意,良好
500KV-3号主变压器,C相,2024-08-13 00:00:00,157.76,12.33,7.72,7.1,0.06,810.9,1820.2,28.19,注意,一般
500KV-1号主变压器,C相,2024-08-14 00:00:00,42.7,13.01,16.84,11.9,0.07,1074.2,1205.6,43.25,注意,一般
500KV-2号主变压器,C相,2024-08-14 00:00:00,124.43,9.18,2.9,15.16,0.08,1265.5,804.0,27.42,注意,良好
500KV-3号主变压器,C相,2024-08-14 00:00:00,97.91,12.36,4.48,9.54,1.13,487.5,2104.2,28.09,注意,良好
500KV-1号主变压器,C相,2024-08-15 00:00:00,53.1,10.39,22.07,3.35,0.77,553.9,2310.6,35.88,注意,良好
500KV-2号主变压器,C相,2024-08-15 00:00:00,206.64,14.48,24.63,5.68,0.48,588.9,1270.9,44.09,注意,良好
500KV-3号主变压器,C相,2024-08-15 00:00:00,114.52,11.71,23.88,11.81,0.59,1414.4,884.8,46.04,注意,良好
500KV-1号主变压器,C相,2024-08-16 00:00:00,231.93,6.29,5.67,4.96,0.06,1268.4,2464.0,17.49,注意,良好
500KV-2号主变压器,C相,2024-08-16 00:00:00,115.41,5.73,10.2,20.84,0.04,554.2,3098.4,37.93,注意,良好
500KV-3号主变压器,C相,2024-08-16 00:00:00,253.16,8.73,23.92,7.33,0.61,261.4,3189.0,40.65,注意,良好
500KV-1号主变压器,C相,2024-08-17 00:00:00,222.22,13.13,12.69,15.12,0.75,757.1,2376.8,41.59,注意,良好
500KV-2号主变压器,C相,2024-08-17 00:00:00,171.73,5.1,14.04,7.38,0.2,439.1,2720.9,27.77,注意,良好
500KV-3号主变压器,C相,2024-08-17 00:00:00,122.22,12.45,10.62,10.59,0.22,652.4,1428.5,32.91,注意,良好
500KV-1号主变压器,C相,2024-08-18 00:00:00,34.8,12.22,14.73,2.41,0.24,900.8,3427.8,31.07,注意,良好
500KV-2号主变压器,C相,2024-08-18 00:00:00,56.85,8.61,22.95,3.51,0.3,871.0,2927.8,34.25,注意,良好
500KV-3号主变压器,C相,2024-08-18 00:00:00,248.98,4.65,17.28,5.96,1.09,917.4,1451.4,29.55,注意,良好
500KV-1号主变压器,C相,2024-08-19 00:00:00,93.11,9.18,3.77,12.13,0.2,928.7,1468.1,24.48,注意,良好
500KV-2号主变压器,C相,2024-08-19 00:00:00,37.77,7.68,1.86,8.83,0.61,906.4,2515.6,18.29,注意,良好
500KV-3号主变压器,C相,2024-08-19 00:00:00,44.98,7.76,29.99,22.65,0.35,347.8,1434.3,62.94,注意,良好
500KV-1号主变压器,C相,2024-08-20 00:00:00,50.68,6.37,29.48,7.49,1.09,705.1,2298.6,42.92,注意,良好
500KV-2号主变压器,C相,2024-08-20 00:00:00,41.76,9.5,23.36,1.79,0.73,1065.0,3093.3,33.95,注意,良好
500KV-3号主变压器,C相,2024-08-20 00:00:00,162.65,11.32,16.04,4.17,0.61,427.8,2281.0,31.62,注意,良好
500KV-1号主变压器,C相,2024-08-21 00:00:00,238.78,13.14,2.25,21.38,0.32,318.1,1292.2,38.43,注意,良好
500KV-2号主变压器,C相,2024-08-21 00:00:00,122.59,9.71,5.24,4.83,0.69,1201.4,3230.6,21.45,注意,良好
500KV-3号主变压器,C相,2024-08-21 00:00:00,104.27,4.94,7.87,11.54,0.14,342.5,2434.9,25.08,注意,良好
500KV-1号主变压器,C相,2024-08-22 00:00:00,187.21,3.45,32.09,3.63,0.49,683.8,1717.6,38.58,注意,良好
500KV-2号主变压器,C相,2024-08-22 00:00:00,27.85,13.51,17.53,5.52,0.33,422.9,3602.0,38.06,注意,良好
500KV-3号主变压器,C相,2024-08-22 00:00:00,35.56,6.58,1.98,10.46,0.33,857.2,2152.3,19.85,注意,良好
500KV-1号主变压器,C相,2024-08-23 00:00:00,241.39,4.7,7.09,3.48,1.24,311.7,2643.1,16.97,注意,良好
500KV-2号主变压器,C相,2024-08-23 00:00:00,89.76,5.55,24.96,8.85,0.47,402.8,2494.1,38.66,注意,良好
500KV-3号主变压器,C相,2024-08-23 00:00:00,20.81,5.27,3.38,19.87,0.86,946.5,1303.4,28.41,注意,良好
500KV-1号主变压器,C相,2024-08-24 00:00:00,248.69,4.16,26.08,0.9,0.95,1422.9,2385.5,32.72,注意,一般
500KV-2号主变压器,C相,2024-08-24 00:00:00,188.97,10.3,30.69,0.89,0.27,1003.6,1161.0,40.69,注意,良好
500KV-3号主变压器,C相,2024-08-24 00:00:00,91.25,12.6,16.55,10.04,0.21,512.9,2728.7,40.97,注意,良好
500KV-1号主变压器,C相,2024-08-25 00:00:00,36.45,10.68,12.77,4.63,0.38,901.6,2893.6,27.17,注意,良好
500KV-2号主变压器,C相,2024-08-25 00:00:00,100.96,8.77,17.04,4.26,0.22,980.8,2286.0,29.8,注意,良好
500KV-3号主变压器,C相,2024-08-25 00:00:00,30.72,11.78,28.51,5.58,0.26,398.9,892.3,48.1,注意,良好
500KV-1号主变压器,C相,2024-08-26 00:00:00,79.57,10.87,22.89,18.43,0.92,656.0,1803.8,54.98,注意,良好
500KV-2号主变压器,C相,2024-08-26 00:00:00,43.37,4.87,17.6,2.36,0.58,674.0,1137.6,25.03,注意,良好
500KV-3号主变压器,C相,2024-08-26 00:00:00,15.39,4.2,15.53,7.15,1.04,317.8,2287.0,28.52,注意,良好
500KV-1号主变压器,C相,2024-08-27 00:00:00,110.17,14.29,20.74,10.21,0.4,498.0,2363.0,46.98,注意,良好
500KV-2号主变压器,C相,2024-08-27 00:00:00,119.79,5.29,13.46,9.35,0.58,539.7,2180.8,29.71,注意,一般
500KV-3号主变压器,C相,2024-08-27 00:00:00,180.66,7.34,11.53,9.98,0.53,591.1,1288.7,29.06,注意,良好
500KV-1号主变压器,C相,2024-08-28 00:00:00,41.92,12.51,31.76,12.62,0.3,1297.3,2264.5,57.34,注意,良好
500KV-2号主变压器,C相,2024-08-28 00:00:00,159.35,4.51,15.37,2.42,0.58,287.7,2756.0,22.95,注意,一般
500KV-3号主变压器,C相,2024-08-28 00:00:00,161.81,12.88,28.67,2.19,0.26,570.3,3273.7,41.97,注意,良好
500KV-1号主变压器,C相,2024-08-29 00:00:00,200.38,7.76,22.46,2.02,0.27,1046.8,1601.8,33.46,注意,良好
500KV-2号主变压器,C相,2024-08-29 00:00:00,112.14,14.48,1.75,5.98,0.85,505.0,3318.1,22.4,注意,良好
500KV-3号主变压器,C相,2024-08-29 00:00:00,141.31,12.23,26.3,1.32,0.18,1129.7,1803.1,42.02,注意,良好
500KV-1号主变压器,A相,2025-06-01 00:00:00,201.66,7.71,35.14,10.59,0.81,1143.7,2137.1,56.23,注意,良好
500KV-2号主变压器,A相,2025-06-01 00:00:00,233.83,3.44,9.11,5.79,1.18,995.9,2870.7,20.22,注意,良好
500KV-3号主变压器,A相,2025-06-01 00:00:00,105.34,8.06,16.18,12.35,0.73,327.3,3348.7,37.71,注意,良好
500KV-1号主变压器,A相,2025-06-02 00:00:00,61.71,5.71,3.37,1.74,0.25,1158.9,1381.9,10.64,注意,良好
500KV-2号主变压器,A相,2025-06-02 00:00:00,12.26,6.5,17.57,15.88,0.11,1403.9,2172.6,41.64,注意,良好
500KV-3号主变压器,A相,2025-06-02 00:00:00,72.09,7.01,10.21,19.01,0.23,1168.9,1349.3,34.77,注意,良好
500KV-1号主变压器,A相,2025-06-03 00:00:00,138.94,8.06,7.47,17.01,0.75,672.8,3447.6,34.65,注意,良好
500KV-2号主变压器,A相,2025-06-03 00:00:00,163.97,15.0,21.9,13.51,0.91,885.4,2460.5,52.6,注意,良好
500KV-3号主变压器,A相,2025-06-03 00:00:00,27.4,3.61,21.01,3.56,0.17,241.1,2329.2,27.32,注意,良好
500KV-1号主变压器,A相,2025-06-04 00:00:00,173.31,10.88,7.83,18.72,0.4,1410.4,1315.8,38.68,注意,良好
500KV-2号主变压器,A相,2025-06-04 00:00:00,188.78,9.44,13.55,9.99,0.53,786.8,821.7,33.65,注意,良好
500KV-3号主变压器,A相,2025-06-04 00:00:00,180.0,14.26,11.29,6.69,0.73,721.3,2776.8,34.6,注意,良好
500KV-1号主变压器,A相,2025-06-05 00:00:00,177.31,11.22,22.91,1.41,0.48,729.9,3316.6,34.87,注意,良好
500KV-2号主变压器,A相,2025-06-05 00:00:00,34.82,13.52,20.08,13.3,0.22,876.8,1726.1,49.35,注意,良好
500KV-3号主变压器,A相,2025-06-05 00:00:00,210.05,9.75,19.58,11.86,0.82,646.5,2987.6,42.22,注意,良好
500KV-1号主变压器,A相,2025-06-06 00:00:00,171.25,5.85,21.19,11.23,0.59,815.3,1071.6,38.15,注意,良好
500KV-2号主变压器,A相,2025-06-06 00:00:00,34.42,12.67,12.42,2.93,0.8,1421.6,2272.0,29.05,注意,良好
500KV-3号主变压器,A相,2025-06-06 00:00:00,237.49,10.99,2.87,2.22,0.42,1377.6,2958.3,16.6,注意,良好
500KV-1号主变压器,A相,2025-06-07 00:00:00,86.92,3.15,14.25,6.66,0.29,825.8,2641.2,24.74,注意,良好
500KV-2号主变压器,A相,2025-06-07 00:00:00,24.92,5.84,28.49,20.2,0.11,865.7,2772.9,55.39,注意,良好
500KV-3号主变压器,A相,2025-06-07 00:00:00,108.07,12.95,20.82,12.47,0.1,1220.2,2290.5,44.55,注意,一般
500KV-1号主变压器,A相,2025-06-08 00:00:00,124.45,12.38,11.37,2.18,1.36,507.5,1251.6,26.6,注意,良好
500KV-2号主变压器,A相,2025-06-08 00:00:00,208.94,12.65,10.16,8.49,1.12,725.7,1894.0,32.02,注意,良好
500KV-3号主变压器,A相,2025-06-08 00:00:00,171.04,4.38,10.44,16.49,1.53,489.0,1050.8,32.19,注意,良好
500KV-1号主变压器,A相,2025-06-09 00:00:00,118.58,9.72,3.76,5.67,0.03,655.5,1223.3,19.36,注意,一般
500KV-2号主变压器,A相,2025-06-09 00:00:00,86.78,14.03,9.55,22.19,0.03,1246.9,926.8,45.68,注意,良好
500KV-3号主变压器,A相,2025-06-09 00:00:00,123.78,13.22,27.74,4.25,1.13,1322.9,2765.0,46.78,注意,良好
500KV-1号主变压器,A相,2025-06-10 00:00:00,20.04,14.54,6.37,5.12,0.29,713.3,2498.3,26.03,注意,差
500KV-2号主变压器,A相,2025-06-10 00:00:00,167.04,9.13,24.55,19.94,0.44,297.2,2584.5,52.14,注意,良好
500KV-3号主变压器,A相,2025-06-10 00:00:00,108.33,4.41,18.35,8.9,0.27,1112.5,2760.9,33.02,注意,良好
500KV-1号主变压器,A相,2025-06-11 00:00:00,39.88,4.15,11.67,15.62,0.47,1499.7,1050.9,31.34,注意,良好
500KV-2号主变压器,A相,2025-06-11 00:00:00,255.47,8.16,24.67,0.87,0.53,940.2,1553.0,33.39,注意,一般
500KV-3号主变压器,A相,2025-06-11 00:00:00,175.18,12.58,35.99,16.42,0.1,731.8,2171.2,63.59,注意,良好
500KV-1号主变压器,A相,2025-06-12 00:00:00,227.47,12.41,13.98,4.99,0.19,1171.1,1270.0,30.53,注意,良好
500KV-2号主变压器,A相,2025-06-12 00:00:00,175.6,12.08,14.52,4.7,0.33,585.6,2504.4,31.08,注意,良好
500KV-3号主变压器,A相,2025-06-12 00:00:00,224.02,7.1,14.55,16.56,0.54,1320.5,2213.1,39.36,注意,一般
500KV-1号主变压器,A相,2025-06-13 00:00:00,81.56,11.59,6.46,9.23,0.46,371.6,1218.6,26.75,注意,良好
500KV-2号主变压器,A相,2025-06-13 00:00:00,83.12,8.53,23.96,12.68,1.25,538.5,1720.1,47.21,注意,良好
500KV-3号主变压器,A相,2025-06-13 00:00:00,205.64,11.94,27.57,15.87,0.75,1137.1,3238.8,54.76,注意,良好
500KV-1号主变压器,A相,2025-06-14 00:00:00,203.33,14.06,30.0,4.58,0.22,254.2,905.2,49.23,注意,一般
500KV-2号主变压器,A相,2025-06-14 00:00:00,268.49,13.38,17.51,1.04,0.04,1149.5,2782.6,30.5,注意,良好
500KV-3号主变压器,A相,2025-06-14 00:00:00,156.13,5.53,16.8,2.66,0.82,781.3,1294.3,24.99,注意,良好
500KV-1号主变压器,A相,2025-06-15 00:00:00,140.97,11.5,16.42,2.88,0.78,1229.7,3124.7,30.82,注意,良好
500KV-2号主变压器,A相,2025-06-15 00:00:00,202.78,10.1,20.1,14.57,0.17,346.1,1658.6,42.92,注意,良好
500KV-3号主变压器,A相,2025-06-15 00:00:00,64.1,14.71,7.38,15.54,0.56,1370.7,2923.0,38.04,注意,良好
500KV-1号主变压器,A相,2025-06-16 00:00:00,148.96,11.84,16.34,17.25,0.31,604.6,2791.7,44.58,注意,良好
500KV-2号主变压器,A相,2025-06-16 00:00:00,222.68,14.51,13.03,14.69,0.63,1001.0,1764.8,42.93,注意,良好
500KV-3号主变压器,A相,2025-06-16 00:00:00,45.29,10.66,6.45,8.95,0.06,724.3,1093.8,27.38,注意,良好
500KV-1号主变压器,A相,2025-06-17 00:00:00,23.28,13.08,30.12,2.01,4.7,958.6,1482.5,52.39,注意,良好
500KV-2号主变压器,A相,2025-06-17 00:00:00,161.29,9.98,20.55,5.81,0.18,602.0,2858.8,37.47,注意,良好
500KV-3号主变压器,A相,2025-06-17 00:00:00,107.75,3.29,7.36,17.89,0.26,721.4,1209.7,28.78,注意,良好
500KV-1号主变压器,A相,2025-06-18 00:00:00,47.61,8.37,34.78,10.06,0.59,630.3,1311.1,56.47,注意,良好
500KV-2号主变压器,A相,2025-06-18 00:00:00,202.93,6.29,13.57,12.56,1.33,838.4,2544.0,34.32,注意,一般
500KV-3号主变压器,A相,2025-06-18 00:00:00,13.78,4.94,6.52,2.07,0.31,818.0,2190.5,13.4,正常,良好
500KV-1号主变压器,A相,2025-06-19 00:00:00,21.08,3.15,20.13,12.92,1.12,554.8,2121.8,36.72,注意,良好
500KV-2号主变压器,A相,2025-06-19 00:00:00,127.8,5.29,2.98,14.13,1.19,1065.5,3601.6,23.52,注意,良好
500KV-3号主变压器,A相,2025-06-19 00:00:00,153.34,5.89,21.69,11.65,1.0,206.9,1222.3,41.57,注意,良好
500KV-1号主变压器,A相,2025-06-20 00:00:00,23.37,3.23,22.3,11.61,0.53,1006.4,1334.6,38.73,注意,差
500KV-2号主变压器,A相,2025-06-20 00:00:00,124.26,14.12,6.29,13.16,0.64,1012.5,870.3,34.85,注意,良好
500KV-3号主变压器,A相,2025-06-20 00:00:00,205.28,12.91,26.0,1.9,0.96,1195.0,2464.1,42.22,注意,良好
500KV-1号主变压器,A相,2025-06-21 00:00:00,121.67,12.54,21.29,16.76,0.34,674.2,694.7,52.11,注意,良好
500KV-2号主变压器,A相,2025-06-21 00:00:00,169.59,11.91,17.61,14.25,0.94,1414.5,3803.6,42.89,注意,一般
500KV-3号主变压器,A相,2025-06-21 00:00:00,136.05,7.56,10.55,5.47,0.37,1489.0,2465.5,23.59,注意,良好
500KV-1号主变压器,A相,2025-06-22 00:00:00,82.93,10.59,21.13,2.45,0.12,771.4,3102.4,35.09,注意,良好
500KV-2号主变压器,A相,2025-06-22 00:00:00,231.0,8.05,8.5,1.91,0.2,471.0,2160.4,19.31,注意,良好
500KV-3号主变压器,A相,2025-06-22 00:00:00,172.73,14.21,24.86,0.95,0.35,1482.3,940.2,42.37,注意,良好
500KV-1号主变压器,A相,2025-06-23 00:00:00,70.47,3.49,4.93,14.64,1.23,1240.6,2843.9,25.31,注意,良好
500KV-2号主变压器,A相,2025-06-23 00:00:00,201.93,4.55,12.51,6.09,0.12,1188.6,2693.6,23.61,注意,良好
500KV-3号主变压器,A相,2025-06-23 00:00:00,237.97,3.26,8.62,2.76,0.68,306.5,3341.6,14.84,注意,良好
500KV-1号主变压器,A相,2025-06-24 00:00:00,202.25,11.78,23.6,8.24,0.59,1288.4,2896.5,42.08,注意,良好
500KV-2号主变压器,A相,2025-06-24 00:00:00,150.4,10.32,11.87,1.76,0.61,970.7,2974.0,25.59,注意,差
500KV-3号主变压器,A相,2025-06-24 00:00:00,134.97,10.27,25.36,15.08,0.54,797.4,2472.6,52.87,注意,差
500KV-1号主变压器,A相,2025-06-25 00:00:00,62.86,13.86,10.03,8.82,0.25,1531.4,1022.6,31.93,注意,良好
500KV-2号主变压器,A相,2025-06-25 00:00:00,137.0,4.53,18.5,6.92,0.25,1364.2,2021.7,28.77,注意,良好
500KV-3号主变压器,A相,2025-06-25 00:00:00,83.01,5.2,7.0,6.15,1.49,531.4,2393.3,19.63,注意,良好
500KV-1号主变压器,A相,2025-06-26 00:00:00,183.4,3.52,0.69,0.8,0.45,422.5,999.6,5.33,注意,良好
500KV-2号主变压器,A相,2025-06-26 00:00:00,169.36,9.95,13.39,13.33,0.43,455.3,943.4,37.47,注意,良好
500KV-3号主变压器,A相,2025-06-26 00:00:00,155.49,7.42,25.4,12.9,0.04,1110.6,1501.9,45.53,注意,良好
500KV-1号主变压器,A相,2025-06-27 00:00:00,209.34,12.33,10.48,12.72,0.04,343.9,988.4,36.42,注意,良好
500KV-2号主变压器,A相,2025-06-27 00:00:00,137.7,12.02,15.46,7.08,0.65,1056.5,2938.0,34.91,注意,良好
500KV-3号主变压器,A相,2025-06-27 00:00:00,63.34,6.22,15.66,16.71,0.1,978.0,3080.1,39.85,注意,良好
500KV-1号主变压器,A相,2025-06-28 00:00:00,54.18,9.71,13.98,4.56,0.26,1223.9,912.4,29.38,注意,良好
500KV-2号主变压器,A相,2025-06-28 00:00:00,120.86,13.92,26.2,11.36,0.94,328.6,2408.8,51.54,注意,良好
500KV-3号主变压器,A相,2025-06-28 00:00:00,133.63,8.51,27.79,1.02,0.43,595.3,2813.6,38.89,注意,良好
500KV-1号主变压器,A相,2025-06-29 00:00:00,80.38,5.12,14.44,3.41,1.24,614.7,2586.2,23.89,注意,差
500KV-2号主变压器,A相,2025-06-29 00:00:00,36.6,7.54,20.84,10.06,0.06,1193.7,981.9,38.89,注意,良好
500KV-3号主变压器,A相,2025-06-29 00:00:00,175.61,10.93,6.29,14.55,0.94,484.4,3208.5,31.55,注意,良好
500KV-1号主变压器,A相,2025-06-30 00:00:00,157.24,10.3,15.33,12.44,0.27,1311.7,2107.5,36.54,注意,一般
500KV-2号主变压器,A相,2025-06-30 00:00:00,188.3,6.86,1.94,1.01,0.51,620.0,1567.5,10.82,注意,良好
500KV-3号主变压器,A相,2025-06-30 00:00:00,218.48,10.65,18.48,9.54,0.41,1189.5,1089.0,37.16,注意,良好
500KV-1号主变压器,A相,2025-07-01 00:00:00,177.3,8.25,36.42,13.32,0.42,1068.9,1917.7,58.6,注意,良好
500KV-2号主变压器,A相,2025-07-01 00:00:00,206.41,11.04,24.54,8.03,1.09,1000.7,2017.1,43.42,注意,良好
500KV-3号主变压器,A相,2025-07-01 00:00:00,124.6,13.61,12.5,2.91,0.33,1305.3,1183.8,28.1,注意,良好
500KV-1号主变压器,A相,2025-07-02 00:00:00,201.39,5.7,8.26,9.3,0.01,440.2,1064.7,23.51,注意,良好
500KV-2号主变压器,A相,2025-07-02 00:00:00,130.39,9.03,24.82,3.86,0.96,1201.4,1442.0,38.3,注意,良好
500KV-3号主变压器,A相,2025-07-02 00:00:00,16.44,8.82,20.8,2.54,0.34,691.2,1720.1,31.38,注意,良好
500KV-1号主变压器,A相,2025-07-03 00:00:00,139.46,10.68,18.23,7.94,0.06,661.0,2713.6,37.71,注意,良好
500KV-2号主变压器,A相,2025-07-03 00:00:00,222.79,7.7,10.26,10.78,0.23,1096.0,1547.4,29.7,注意,一般
500KV-3号主变压器,A相,2025-07-03 00:00:00,219.17,14.21,27.17,13.44,0.34,273.8,2964.2,54.9,注意,良好
500KV-1号主变压器,A相,2025-07-04 00:00:00,11.56,14.17,34.6,18.62,0.55,1364.3,1422.2,70.84,注意,良好
500KV-2号主变压器,A相,2025-07-04 00:00:00,135.55,13.98,26.97,18.46,0.73,1262.8,972.3,62.83,注意,差
500KV-3号主变压器,A相,2025-07-04 00:00:00,103.95,15.03,31.15,12.93,0.19,437.1,2689.9,58.87,注意,良好
500KV-1号主变压器,A相,2025-07-05 00:00:00,59.63,13.16,7.41,13.79,0.23,615.3,1658.6,35.5,注意,良好
500KV-2号主变压器,A相,2025-07-05 00:00:00,153.39,13.74,15.51,5.63,1.48,1177.7,1910.9,38.12,注意,良好
500KV-3号主变压器,A相,2025-07-05 00:00:00,27.88,6.18,15.75,16.35,0.14,814.7,2674.2,37.64,注意,良好
500KV-1号主变压器,A相,2025-07-06 00:00:00,133.76,3.15,17.38,3.47,0.61,1042.2,1579.2,24.47,注意,良好
500KV-2号主变压器,A相,2025-07-06 00:00:00,42.9,11.79,20.67,9.22,0.4,517.5,1257.0,42.91,注意,一般
500KV-3号主变压器,A相,2025-07-06 00:00:00,65.26,6.3,7.7,11.64,1.05,362.6,1886.6,26.72,注意,良好
500KV-1号主变压器,A相,2025-07-07 00:00:00,101.68,5.42,18.64,3.84,0.37,1303.1,3607.6,29.67,注意,良好
500KV-2号主变压器,A相,2025-07-07 00:00:00,150.11,7.74,25.68,19.54,0.32,764.1,2214.9,50.84,注意,良好
500KV-3号主变压器,A相,2025-07-07 00:00:00,242.17,9.66,1.82,18.36,0.52,1374.5,3257.3,31.6,注意,良好
500KV-1号主变压器,A相,2025-07-08 00:00:00,33.4,14.59,12.36,2.77,0.17,1180.0,2951.8,29.3,注意,良好
500KV-2号主变压器,A相,2025-07-08 00:00:00,162.73,10.12,1.96,17.1,0.78,1092.5,1362.9,30.44,注意,良好
500KV-3号主变压器,A相,2025-07-08 00:00:00,251.77,3.97,25.37,12.93,0.28,973.4,2198.5,40.86,注意,良好
500KV-1号主变压器,A相,2025-07-09 00:00:00,37.72,10.43,14.07,9.59,0.44,562.8,933.0,34.53,注意,良好
500KV-2号主变压器,A相,2025-07-09 00:00:00,147.17,7.71,1.54,13.66,0.05,715.6,2732.1,23.72,注意,良好
500KV-3号主变压器,A相,2025-07-09 00:00:00,18.02,11.54,14.35,2.73,0.5,1089.2,3192.8,29.03,注意,良好
500KV-1号主变压器,A相,2025-07-10 00:00:00,135.61,4.47,20.23,7.1,0.07,1358.2,1434.9,33.22,注意,良好
500KV-2号主变压器,A相,2025-07-10 00:00:00,68.8,11.78,2.56,2.54,0.17,1039.7,3682.6,16.92,注意,一般
500KV-3号主变压器,A相,2025-07-10 00:00:00,198.19,6.37,11.95,14.32,0.16,452.5,1153.2,33.26,注意,良好
500KV-1号主变压器,A相,2025-07-11 00:00:00,179.54,4.03,4.36,1.89,0.61,866.3,1310.0,11.03,注意,良好
500KV-2号主变压器,A相,2025-07-11 00:00:00,36.13,7.69,31.51,3.49,0.16,870.4,1326.6,40.8,注意,良好
500KV-3号主变压器,A相,2025-07-11 00:00:00,28.62,14.71,21.64,12.8,1.1,208.8,2593.7,51.25,注意,差
500KV-1号主变压器,A相,2025-07-12 00:00:00,91.63,11.74,5.77,1.1,0.83,456.4,3414.1,18.85,注意,良好
500KV-2号主变压器,A相,2025-07-12 00:00:00,117.44,8.58,19.28,14.9,1.07,986.9,1816.4,44.5,注意,良好
500KV-3号主变压器,A相,2025-07-12 00:00:00,87.01,9.87,25.4,12.04,0.6,893.5,2497.3,48.4,注意,良好
500KV-1号主变压器,A相,2025-07-13 00:00:00,24.1,5.29,24.84,1.27,0.46,598.6,3003.9,32.66,注意,良好
500KV-2号主变压器,A相,2025-07-13 00:00:00,78.02,14.94,23.75,10.98,0.47,1115.7,2020.6,52.56,注意,一般
500KV-3号主变压器,A相,2025-07-13 00:00:00,168.88,11.49,21.4,5.32,0.12,799.0,1283.3,39.32,注意,良好
500KV-1号主变压器,A相,2025-07-14 00:00:00,257.07,3.89,12.97,14.95,0.38,1226.0,1130.3,33.49,注意,良好
500KV-2号主变压器,A相,2025-07-14 00:00:00,9.55,12.73,15.66,2.64,0.15,1253.6,3710.9,32.06,注意,一般
500KV-3号主变压器,A相,2025-07-14 00:00:00,70.19,13.91,13.31,16.35,0.61,288.1,1083.7,43.39,注意,良好
500KV-1号主变压器,A相,2025-07-15 00:00:00,35.37,10.68,34.4,9.21,1.55,701.1,1160.4,55.04,注意,良好
500KV-2号主变压器,A相,2025-07-15 00:00:00,7.18,7.46,23.1,2.21,0.01,1349.4,2505.7,33.27,注意,良好
500KV-3号主变压器,A相,2025-07-15 00:00:00,127.58,4.43,8.73,4.37,0.2,871.0,2972.2,17.24,注意,良好
500KV-1号主变压器,A相,2025-07-16 00:00:00,8.36,11.43,18.52,1.63,0.09,358.8,2038.6,31.03,注意,良好
500KV-2号主变压器,A相,2025-07-16 00:00:00,17.44,13.31,19.27,3.44,0.95,725.0,1825.0,36.25,注意,良好
500KV-3号主变压器,A相,2025-07-16 00:00:00,76.0,14.06,28.04,18.42,0.41,1293.3,1648.6,58.24,注意,良好
500KV-1号主变压器,A相,2025-07-17 00:00:00,107.36,8.18,10.1,19.26,0.85,258.3,2326.6,38.41,注意,良好
500KV-2号主变压器,A相,2025-07-17 00:00:00,239.47,7.41,25.58,20.11,0.31,288.9,1542.0,54.64,注意,差
500KV-3号主变压器,A相,2025-07-17 00:00:00,74.77,13.95,15.77,3.49,0.21,1002.6,2770.0,33.45,注意,一般
500KV-1号主变压器,A相,2025-07-18 00:00:00,220.97,12.92,3.14,3.93,0.24,889.2,1631.8,19.23,注意,良好
500KV-2号主变压器,A相,2025-07-18 00:00:00,125.58,12.15,14.15,8.61,0.23,821.7,1589.2,36.24,注意,良好
500KV-3号主变压器,A相,2025-07-18 00:00:00,134.0,7.32,11.71,15.11,0.12,282.3,882.4,34.72,注意,良好
500KV-1号主变压器,A相,2025-07-19 00:00:00,127.39,5.49,12.59,7.24,0.12,1028.5,3061.0,25.37,注意,良好
500KV-2号主变压器,A相,2025-07-19 00:00:00,16.55,5.59,16.75,1.75,0.41,1336.3,2205.4,25.65,注意,良好
500KV-3号主变压器,A相,2025-07-19 00:00:00,186.1,8.57,2.59,12.38,0.25,1161.9,1694.2,22.96,注意,差
500KV-1号主变压器,A相,2025-07-20 00:00:00,40.77,12.96,16.07,1.8,0.08,859.8,2478.5,31.28,注意,良好
500KV-2号主变压器,A相,2025-07-20 00:00:00,39.01,10.63,30.35,2.43,0.03,1156.5,857.8,44.2,注意,良好
500KV-3号主变压器,A相,2025-07-20 00:00:00,173.0,9.59,25.13,14.61,0.29,1310.8,2205.5,48.76,注意,良好
500KV-1号主变压器,A相,2025-07-21 00:00:00,51.52,3.84,4.18,0.76,0.31,518.9,1618.2,9.45,注意,良好
500KV-2号主变压器,A相,2025-07-21 00:00:00,126.84,3.12,25.33,4.13,0.22,402.4,1028.4,34.09,注意,良好
500KV-3号主变压器,A相,2025-07-21 00:00:00,95.71,15.55,20.77,8.2,0.18,663.0,2945.8,46.19,注意,良好
500KV-1号主变压器,A相,2025-07-22 00:00:00,194.09,12.6,22.62,3.92,0.04,1303.0,1420.3,37.38,注意,良好
500KV-2号主变压器,A相,2025-07-22 00:00:00,178.2,8.85,27.76,7.55,0.19,802.3,2495.8,43.07,注意,良好
500KV-3号主变压器,A相,2025-07-22 00:00:00,46.09,14.73,9.48,13.15,0.24,467.8,2245.8,36.41,注意,良好
500KV-1号主变压器,A相,2025-07-23 00:00:00,205.1,4.74,26.26,8.6,0.29,338.4,856.7,41.16,注意,良好
500KV-2号主变压器,A相,2025-07-23 00:00:00,87.37,11.04,21.39,20.48,1.08,927.7,2267.2,53.03,注意,良好
500KV-3号主变压器,A相,2025-07-23 00:00:00,38.5,12.81,1.23,14.89,2.32,1101.6,2180.2,32.37,注意,良好
500KV-1号主变压器,A相,2025-07-24 00:00:00,134.43,7.09,23.86,7.85,0.71,405.7,1541.6,38.06,注意,良好
500KV-2号主变压器,A相,2025-07-24 00:00:00,111.95,10.38,11.39,0.98,0.04,292.5,2561.0,23.53,注意,差
500KV-3号主变压器,A相,2025-07-24 00:00:00,172.53,13.89,31.47,4.66,0.02,591.2,2361.1,52.04,注意,良好
500KV-1号主变压器,A相,2025-07-25 00:00:00,202.85,11.34,20.41,1.17,0.24,248.3,2834.1,31.69,注意,一般
500KV-2号主变压器,A相,2025-07-25 00:00:00,211.16,10.41,4.3,11.66,0.76,321.4,2095.6,26.72,注意,良好
500KV-3号主变压器,A相,2025-07-25 00:00:00,188.09,4.22,10.42,17.81,0.37,1088.4,1915.5,31.48,注意,良好
500KV-1号主变压器,A相,2025-07-26 00:00:00,48.42,7.27,26.36,15.21,1.01,1450.7,866.6,50.9,注意,良好
500KV-2号主变压器,A相,2025-07-26 00:00:00,37.6,3.69,25.14,15.76,0.75,1176.3,3564.3,47.51,注意,良好
500KV-3号主变压器,A相,2025-07-26 00:00:00,143.99,7.34,27.43,14.82,0.49,485.8,1797.9,51.04,注意,良好
500KV-1号主变压器,A相,2025-07-27 00:00:00,97.5,7.69,21.45,20.31,0.61,1283.9,2121.6,50.18,注意,良好
500KV-2号主变压器,A相,2025-07-27 00:00:00,113.82,5.78,8.92,5.46,0.33,574.6,2433.2,20.78,注意,良好
500KV-3号主变压器,A相,2025-07-27 00:00:00,115.57,11.5,3.28,2.52,0.53,1286.0,1844.6,18.33,注意,良好
500KV-1号主变压器,A相,2025-07-28 00:00:00,38.31,10.53,17.45,6.15,1.0,874.6,2296.6,36.61,注意,良好
500KV-2号主变压器,A相,2025-07-28 00:00:00,177.6,8.82,11.39,13.02,0.31,726.6,1033.9,33.86,注意,良好
500KV-3号主变压器,A相,2025-07-28 00:00:00,87.33,13.94,14.07,5.12,0.39,678.3,2034.9,34.17,注意,良好
500KV-1号主变压器,A相,2025-07-29 00:00:00,206.63,6.17,22.75,8.74,0.33,557.7,3578.1,39.46,注意,良好
500KV-2号主变压器,A相,2025-07-29 00:00:00,255.78,10.23,29.28,6.54,0.43,1068.1,1184.3,46.82,注意,一般
500KV-3号主变压器,A相,2025-07-29 00:00:00,18.39,10.42,20.34,8.53,0.07,1079.2,3447.5,38.31,注意,良好
500KV-1号主变压器,A相,2025-07-30 00:00:00,24.5,6.09,16.21,11.39,0.96,471.8,2486.3,35.4,注意,良好
500KV-2号主变压器,A相,2025-07-30 00:00:00,232.25,5.01,0.83,2.0,0.04,1308.6,1473.4,7.92,注意,良好
500KV-3号主变压器,A相,2025-07-30 00:00:00,188.52,14.19,9.94,12.3,0.63,908.7,1144.9,38.85,注意,一般
500KV-1号主变压器,A相,2025-07-31 00:00:00,127.53,8.14,24.04,6.24,0.73,1072.1,1958.8,39.97,注意,良好
500KV-2号主变压器,A相,2025-07-31 00:00:00,248.1,10.26,16.82,5.72,0.51,671.6,2395.6,34.71,注意,良好
500KV-3号主变压器,A相,2025-07-31 00:00:00,20.72,3.25,30.51,21.11,0.37,1092.7,3053.2,56.39,注意,良好
500KV-1号主变压器,A相,2025-08-01 00:00:00,89.1,10.39,14.73,3.45,1.24,1093.0,1806.4,28.34,注意,良好
500KV-2号主变压器,A相,2025-08-01 00:00:00,218.23,6.04,9.99,0.64,0.11,1427.0,1948.6,17.08,注意,良好
500KV-3号主变压器,A相,2025-08-01 00:00:00,116.01,6.78,13.68,11.21,0.16,970.3,1345.1,33.33,注意,一般
500KV-1号主变压器,A相,2025-08-02 00:00:00,213.69,13.88,16.74,2.83,0.19,716.1,2003.2,34.69,注意,良好
500KV-2号主变压器,A相,2025-08-02 00:00:00,216.1,3.08,21.22,1.35,0.26,691.0,850.9,24.73,注意,差
500KV-3号主变压器,A相,2025-08-02 00:00:00,8.8,9.9,27.35,11.17,0.95,1207.5,1614.8,47.21,注意,良好
500KV-1号主变压器,A相,2025-08-03 00:00:00,105.7,7.51,9.12,3.87,1.23,614.8,1853.3,22.73,注意,良好
500KV-2号主变压器,A相,2025-08-03 00:00:00,111.94,12.01,11.2,3.78,0.17,1038.6,3576.4,27.03,注意,差
500KV-3号主变压器,A相,2025-08-03 00:00:00,250.3,11.42,15.88,7.06,1.37,501.0,1477.8,34.14,注意,良好
500KV-1号主变压器,A相,2025-08-04 00:00:00,153.08,10.19,26.18,11.39,0.76,1271.2,2577.0,46.6,注意,一般
500KV-2号主变压器,A相,2025-08-04 00:00:00,168.94,11.94,4.15,19.46,0.63,1165.8,1311.9,36.44,注意,良好
500KV-3号主变压器,A相,2025-08-04 00:00:00,209.72,3.62,11.46,8.83,0.94,258.1,949.5,25.04,注意,良好
500KV-1号主变压器,A相,2025-08-05 00:00:00,79.12,14.0,8.22,12.34,0.23,1324.1,1982.6,33.53,注意,良好
500KV-2号主变压器,A相,2025-08-05 00:00:00,160.26,15.09,12.07,16.82,0.37,888.9,2427.9,43.47,注意,良好
500KV-3号主变压器,A相,2025-08-05 00:00:00,193.33,6.26,23.86,6.92,0.29,818.2,994.4,36.4,注意,良好
500KV-1号主变压器,A相,2025-08-06 00:00:00,225.59,5.37,16.84,15.0,0.67,1487.8,3286.9,36.57,注意,良好
500KV-2号主变压器,A相,2025-08-06 00:00:00,106.64,9.62,12.61,2.11,0.68,990.0,1601.2,25.12,注意,良好
500KV-3号主变压器,A相,2025-08-06 00:00:00,88.94,5.94,19.39,5.08,0.72,906.8,2997.7,32.51,注意,良好
500KV-1号主变压器,A相,2025-08-07 00:00:00,31.8,5.8,8.97,12.76,0.05,1032.4,873.9,27.46,注意,良好
500KV-2号主变压器,A相,2025-08-07 00:00:00,125.2,10.69,15.33,0.94,0.6,388.3,2310.2,27.72,注意,良好
500KV-3号主变压器,A相,2025-08-07 00:00:00,183.3,8.32,15.87,18.71,0.06,880.8,3474.0,44.46,注意,良好
500KV-1号主变压器,A相,2025-08-08 00:00:00,48.35,3.85,5.83,7.61,0.24,333.0,1929.0,18.36,注意,良好
500KV-2号主变压器,A相,2025-08-08 00:00:00,214.93,3.63,5.08,11.81,1.06,896.3,877.2,21.58,注意,良好
500KV-3号主变压器,A相,2025-08-08 00:00:00,218.96,11.74,4.72,10.8,0.02,598.7,2194.0,27.16,注意,一般
500KV-1号主变压器,A相,2025-08-09 00:00:00,232.2,5.61,11.32,9.83,0.17,968.9,1528.8,27.07,注意,良好
500KV-2号主变压器,A相,2025-08-09 00:00:00,122.3,13.43,10.79,3.79,0.75,1144.2,2256.4,27.33,注意,良好
500KV-3号主变压器,A相,2025-08-09 00:00:00,59.36,6.5,27.06,4.17,0.66,1152.2,1559.4,38.91,注意,良好
500KV-1号主变压器,A相,2025-08-10 00:00:00,35.93,7.56,28.69,7.61,0.61,721.7,2012.2,43.66,注意,良好
500KV-2号主变压器,A相,2025-08-10 00:00:00,168.85,3.68,29.23,2.85,1.01,1297.8,2533.2,38.28,注意,良好
500KV-3号主变压器,A相,2025-08-10 00:00:00,147.96,5.75,16.64,6.78,1.12,595.4,1598.6,31.11,注意,良好
500KV-1号主变压器,A相,2025-08-11 00:00:00,27.9,12.84,17.03,7.44,0.19,441.8,2237.4,37.48,注意,良好
500KV-2号主变压器,A相,2025-08-11 00:00:00,35.58,5.46,9.88,20.08,0.89,1122.6,1041.8,35.58,注意,良好
500KV-3号主变压器,A相,2025-08-11 00:00:00,221.24,12.29,5.93,3.12,0.26,632.6,2850.1,21.35,注意,良好
500KV-1号主变压器,A相,2025-08-12 00:00:00,87.03,10.89,6.46,5.04,0.16,667.6,2238.3,21.63,注意,良好
500KV-2号主变压器,A相,2025-08-12 00:00:00,66.37,8.06,19.05,14.99,1.55,1368.5,1760.5,44.75,注意,良好
500KV-3号主变压器,A相,2025-08-12 00:00:00,239.96,15.0,31.48,11.84,0.28,966.7,2936.3,58.53,注意,一般
500KV-1号主变压器,A相,2025-08-13 00:00:00,23.96,8.75,18.73,0.73,0.77,933.4,2693.9,28.99,注意,良好
500KV-2号主变压器,A相,2025-08-13 00:00:00,142.14,5.97,20.95,2.1,0.03,998.0,2486.8,29.45,注意,良好
500KV-3号主变压器,A相,2025-08-13 00:00:00,38.21,9.0,4.38,3.21,0.7,954.8,1956.4,17.98,注意,一般
500KV-1号主变压器,A相,2025-08-14 00:00:00,257.4,4.03,6.68,13.51,0.03,1099.6,1339.8,24.91,注意,良好
500KV-2号主变压器,A相,2025-08-14 00:00:00,238.49,12.8,7.58,14.08,0.52,1172.2,3216.5,35.39,注意,良好
500KV-3号主变压器,A相,2025-08-14 00:00:00,229.3,5.18,26.47,13.34,0.5,268.5,1152.0,47.12,注意,良好
500KV-1号主变压器,A相,2025-08-15 00:00:00,62.25,14.68,2.03,6.52,0.64,225.0,2551.1,23.72,注意,一般
500KV-2号主变压器,A相,2025-08-15 00:00:00,93.68,5.46,10.88,22.23,0.47,909.7,1310.5,39.27,注意,良好
500KV-3号主变压器,A相,2025-08-15 00:00:00,155.93,10.09,9.85,2.16,0.24,811.1,3229.2,23.02,注意,良好
500KV-1号主变压器,A相,2025-08-16 00:00:00,133.18,8.36,16.28,13.65,0.13,565.1,3443.3,39.46,注意,一般
500KV-2号主变压器,A相,2025-08-16 00:00:00,231.88,9.01,18.99,21.44,0.26,1034.8,1458.5,48.32,注意,良好
500KV-3号主变压器,A相,2025-08-16 00:00:00,95.21,10.43,25.62,1.74,1.0,953.6,1150.7,39.86,注意,良好
500KV-1号主变压器,A相,2025-08-17 00:00:00,9.5,11.36,4.9,12.83,0.93,705.0,3030.3,30.31,注意,良好
500KV-2号主变压器,A相,2025-08-17 00:00:00,190.89,12.34,14.91,5.37,0.56,1245.3,1528.6,33.2,注意,良好
500KV-3号主变压器,A相,2025-08-17 00:00:00,71.67,14.08,8.54,1.5,0.65,1072.8,2526.6,23.63,注意,良好
500KV-1号主变压器,A相,2025-08-18 00:00:00,43.86,8.81,20.28,10.91,0.02,590.6,2676.2,40.1,注意,良好
500KV-2号主变压器,A相,2025-08-18 00:00:00,87.76,6.53,17.38,4.93,0.19,660.1,1614.5,28.09,注意,良好
500KV-3号主变压器,A相,2025-08-18 00:00:00,215.85,12.83,4.82,10.15,1.16,1168.4,2939.4,27.58,注意,差
500KV-1号主变压器,A相,2025-08-19 00:00:00,174.14,14.08,23.69,9.8,0.35,836.9,3240.5,46.81,注意,良好
500KV-2号主变压器,A相,2025-08-19 00:00:00,233.01,14.69,21.06,4.28,0.59,1172.3,1578.7,40.29,注意,良好
500KV-3号主变压器,A相,2025-08-19 00:00:00,170.45,5.24,10.47,14.73,0.05,478.7,2659.3,31.1,注意,良好
500KV-1号主变压器,A相,2025-08-20 00:00:00,164.42,6.53,6.71,14.8,0.01,866.4,3607.3,27.01,注意,良好
500KV-2号主变压器,A相,2025-08-20 00:00:00,171.39,12.93,26.4,10.11,0.47,757.0,2020.6,51.24,注意,一般
500KV-3号主变压器,A相,2025-08-20 00:00:00,37.11,6.21,21.49,16.18,0.34,770.3,3549.1,46.09,注意,一般
500KV-1号主变压器,A相,2025-08-21 00:00:00,53.64,13.63,16.09,11.3,1.1,994.4,2733.2,42.09,注意,良好
500KV-2号主变压器,A相,2025-08-21 00:00:00,167.96,7.76,23.69,3.25,1.76,887.8,2588.1,35.83,注意,良好
500KV-3号主变压器,A相,2025-08-21 00:00:00,120.22,10.39,4.61,10.67,0.01,800.9,2657.9,25.92,注意,一般
500KV-1号主变压器,A相,2025-08-22 00:00:00,242.73,12.46,15.67,1.27,0.86,1087.5,1519.1,30.32,注意,良好
500KV-2号主变压器,A相,2025-08-22 00:00:00,134.07,5.08,21.9,13.15,0.03,820.5,2087.7,39.22,注意,良好
500KV-3号主变压器,A相,2025-08-22 00:00:00,116.46,13.93,26.91,4.39,0.06,1221.9,1436.6,46.47,注意,良好
500KV-1号主变压器,A相,2025-08-23 00:00:00,168.6,8.62,25.72,4.68,0.46,629.7,2483.0,38.34,注意,一般
500KV-2号主变压器,A相,2025-08-23 00:00:00,164.3,10.33,13.56,13.18,0.31,319.4,891.3,38.29,注意,良好
500KV-3号主变压器,A相,2025-08-23 00:00:00,222.63,5.05,26.85,13.22,0.48,1250.5,2269.3,43.85,注意,良好
500KV-1号主变压器,A相,2025-08-24 00:00:00,101.3,10.11,21.15,1.07,0.04,1069.3,1493.2,30.95,注意,良好
500KV-2号主变压器,A相,2025-08-24 00:00:00,163.73,9.34,12.91,22.72,0.14,1246.3,1707.9,44.27,注意,良好
500KV-3号主变压器,A相,2025-08-24 00:00:00,193.37,12.62,7.47,2.92,0.36,801.9,1039.5,24.43,注意,良好
500KV-1号主变压器,A相,2025-08-25 00:00:00,187.69,8.51,20.58,6.23,1.37,802.2,1542.5,38.34,注意,良好
500KV-2号主变压器,A相,2025-08-25 00:00:00,29.07,12.98,5.56,12.13,0.25,309.3,2125.4,31.04,注意,良好
500KV-3号主变压器,A相,2025-08-25 00:00:00,168.66,15.15,10.77,12.65,0.59,304.4,2171.5,39.07,注意,良好
500KV-1号主变压器,A相,2025-08-26 00:00:00,37.55,12.34,33.78,1.48,0.14,733.2,1669.7,47.75,注意,良好
500KV-2号主变压器,A相,2025-08-26 00:00:00,16.79,4.21,4.05,7.91,1.07,1362.1,2666.1,16.73,注意,良好
500KV-3号主变压器,A相,2025-08-26 00:00:00,218.45,8.14,7.81,6.88,0.31,806.0,2691.6,22.81,注意,一般
500KV-1号主变压器,A相,2025-08-27 00:00:00,72.04,4.31,21.18,14.59,0.31,245.1,1862.0,40.2,注意,良好
500KV-2号主变压器,A相,2025-08-27 00:00:00,21.36,10.52,7.84,13.96,0.16,782.4,1690.6,33.68,注意,良好
500KV-3号主变压器,A相,2025-08-27 00:00:00,78.49,11.21,0.64,13.22,0.36,1065.0,3309.2,26.14,注意,良好
500KV-1号主变压器,A相,2025-08-28 00:00:00,185.25,3.39,28.82,8.98,0.8,862.3,1031.8,43.81,注意,良好
500KV-2号主变压器,A相,2025-08-28 00:00:00,108.63,10.46,3.28,8.13,0.27,1073.9,3274.1,21.67,注意,良好
500KV-3号主变压器,A相,2025-08-28 00:00:00,203.99,11.15,23.87,6.6,0.99,325.5,3584.5,42.08,注意,良好
500KV-1号主变压器,A相,2025-08-29 00:00:00,170.54,4.36,15.93,2.96,0.17,221.1,1499.6,24.33,注意,一般
500KV-2号主变压器,A相,2025-08-29 00:00:00,121.33,4.22,4.78,22.33,0.2,1437.4,2062.9,31.96,注意,差
500KV-3号主变压器,A相,2025-08-29 00:00:00,169.09,6.99,4.45,12.28,0.33,583.9,2414.3,24.35,注意,良好
500KV-1号主变压器,B相,2025-06-01 00:00:00,5.65,7.99,24.19,13.4,0.03,205.8,1334.3,43.91,注意,良好
500KV-2号主变压器,B相,2025-06-01 00:00:00,70.26,14.68,2.86,0.55,0.33,1473.3,2756.9,18.31,注意,良好
500KV-3号主变压器,B相,2025-06-01 00:00:00,174.81,4.2,2.53,11.95,0.44,968.1,2976.6,18.7,注意,良好
500KV-1号主变压器,B相,2025-06-02 00:00:00,180.97,11.83,32.34,2.81,1.05,240.9,2707.9,47.25,注意,良好
500KV-2号主变压器,B相,2025-06-02 00:00:00,71.38,14.7,10.58,9.04,0.72,657.9,2436.4,34.64,注意,良好
500KV-3号主变压器,B相,2025-06-02 00:00:00,176.69,11.79,7.43,9.66,0.42,1335.9,2775.0,29.33,注意,良好
500KV-1号主变压器,B相,2025-06-03 00:00:00,198.74,5.4,8.44,0.65,0.29,691.0,2634.9,14.86,注意,良好
500KV-2号主变压器,B相,2025-06-03 00:00:00,175.21,7.39,22.32,5.53,0.02,939.3,1521.4,36.01,注意,良好
500KV-3号主变压器,B相,2025-06-03 00:00:00,85.66,7.01,16.26,10.89,0.92,529.2,2317.9,35.32,注意,良好
500KV-1号主变压器,B相,2025-06-04 00:00:00,174.84,15.19,18.64,12.11,0.33,322.5,1558.4,44.06,注意,良好
500KV-2号主变压器,B相,2025-06-04 00:00:00,29.44,5.1,24.53,12.89,0.82,1151.0,2592.3,44.79,注意,良好
500KV-3号主变压器,B相,2025-06-04 00:00:00,159.96,4.33,33.16,16.76,0.73,1369.0,2662.6,54.15,注意,良好
500KV-1号主变压器,B相,2025-06-05 00:00:00,243.74,6.41,27.75,5.11,0.95,420.6,2469.7,40.55,注意,良好
500KV-2号主变压器,B相,2025-06-05 00:00:00,121.93,8.28,24.11,9.48,0.77,410.9,3244.9,43.89,注意,良好
500KV-3号主变压器,B相,2025-06-05 00:00:00,159.52,6.63,1.58,19.7,0.5,593.0,2019.6,28.74,注意,良好
500KV-1号主变压器,B相,2025-06-06 00:00:00,113.93,11.8,6.95,6.99,0.52,549.2,2837.0,27.48,注意,良好
500KV-2号主变压器,B相,2025-06-06 00:00:00,211.27,12.35,11.36,5.23,0.1,435.6,2884.6,29.49,注意,良好
500KV-3号主变压器,B相,2025-06-06 00:00:00,136.66,11.6,9.85,10.17,1.08,209.0,992.2,31.96,注意,良好
500KV-1号主变压器,B相,2025-06-07 00:00:00,61.29,8.16,7.31,11.97,0.42,717.9,2667.5,28.23,注意,良好
500KV-2号主变压器,B相,2025-06-07 00:00:00,61.75,10.19,20.12,16.98,0.93,297.4,1420.7,47.04,注意,良好
500KV-3号主变压器,B相,2025-06-07 00:00:00,162.81,4.47,19.35,1.64,0.68,487.8,2186.0,25.41,注意,良好
500KV-1号主变压器,B相,2025-06-08 00:00:00,125.07,3.87,10.32,12.27,0.32,1085.2,2031.4,27.28,注意,良好
500KV-2号主变压器,B相,2025-06-08 00:00:00,33.89,7.65,19.69,2.83,0.4,412.2,900.0,29.45,注意,良好
500KV-3号主变压器,B相,2025-06-08 00:00:00,242.83,10.06,15.5,13.7,0.11,1201.8,2707.9,37.53,注意,良好
500KV-1号主变压器,B相,2025-06-09 00:00:00,174.0,13.69,14.07,5.84,0.34,825.9,2118.3,33.72,注意,良好
500KV-2号主变压器,B相,2025-06-09 00:00:00,96.4,6.16,4.23,5.61,0.37,1374.4,1260.4,16.09,注意,差
500KV-3号主变压器,B相,2025-06-09 00:00:00,236.43,10.38,5.21,0.93,0.13,1415.3,1915.0,17.44,注意,良好
500KV-1号主变压器,B相,2025-06-10 00:00:00,104.04,5.55,11.7,4.99,0.15,261.9,1359.9,22.41,注意,良好
500KV-2号主变压器,B相,2025-06-10 00:00:00,89.49,13.88,2.89,7.32,0.05,1317.1,1872.8,24.87,注意,良好
500KV-3号主变压器,B相,2025-06-10 00:00:00,6.61,3.82,2.95,4.53,0.06,1017.4,2488.3,11.28,正常,良好
500KV-1号主变压器,B相,2025-06-11 00:00:00,173.13,9.76,7.3,4.44,0.1,911.9,1498.9,20.54,注意,良好
500KV-2号主变压器,B相,2025-06-11 00:00:00,118.57,10.23,8.03,11.48,0.09,654.0,2805.3,28.93,注意,一般
500KV-3号主变压器,B相,2025-06-11 00:00:00,143.97,11.48,1.38,12.17,0.86,487.0,2279.5,24.93,注意,良好
500KV-1号主变压器,B相,2025-06-12 00:00:00,24.86,12.43,24.35,1.48,0.2,789.8,810.0,37.0,注意,良好
500KV-2号主变压器,B相,2025-06-12 00:00:00,198.59,9.04,8.35,4.42,1.17,1003.8,2891.3,22.96,注意,良好
500KV-3号主变压器,B相,2025-06-12 00:00:00,48.39,12.86,10.18,8.78,0.13,624.1,1871.8,32.69,注意,良好
500KV-1号主变压器,B相,2025-06-13 00:00:00,208.86,5.3,23.67,7.27,0.77,378.0,3805.0,35.55,注意,良好
500KV-2号主变压器,B相,2025-06-13 00:00:00,152.89,12.98,23.36,13.13,0.16,907.7,1675.9,49.22,注意,良好
500KV-3号主变压器,B相,2025-06-13 00:00:00,127.34,4.28,27.19,1.46,0.51,273.6,1229.1,33.26,注意,良好
500KV-1号主变压器,B相,2025-06-14 00:00:00,98.23,13.73,1.04,21.51,0.97,441.3,3573.0,37.96,注意,一般
500KV-2号主变压器,B相,2025-06-14 00:00:00,64.41,14.45,10.52,0.72,1.02,777.0,1042.2,27.74,注意,良好
500KV-3号主变压器,B相,2025-06-14 00:00:00,162.97,11.78,20.99,4.86,0.45,1379.9,1501.8,37.04,注意,良好
500KV-1号主变压器,B相,2025-06-15 00:00:00,193.35,11.82,21.29,3.58,0.92,496.1,1747.8,37.53,注意,良好
500KV-2号主变压器,B相,2025-06-15 00:00:00,178.27,11.88,18.6,0.57,0.82,375.9,3098.0,33.4,注意,良好
500KV-3号主变压器,B相,2025-06-15 00:00:00,74.64,5.97,18.81,16.91,0.64,576.9,1445.9,42.24,注意,良好
500KV-1号主变压器,B相,2025-06-16 00:00:00,111.6,4.04,20.09,7.94,0.63,731.6,1802.9,34.3,注意,良好
500KV-2号主变压器,B相,2025-06-16 00:00:00,28.02,3.98,20.95,0.77,1.17,1217.8,1792.8,27.12,注意,良好
500KV-3号主变压器,B相,2025-06-16 00:00:00,78.18,10.63,24.99,10.97,0.57,1444.4,2871.6,46.09,注意,良好
500KV-1号主变压器,B相,2025-06-17 00:00:00,183.69,11.42,29.66,3.73,0.06,849.7,1584.4,44.49,注意,良好
500KV-2号主变压器,B相,2025-06-17 00:00:00,161.99,10.64,4.16,6.89,0.44,213.4,952.9,23.22,注意,良好
500KV-3号主变压器,B相,2025-06-17 00:00:00,103.31,13.92,18.2,20.41,0.12,1252.6,1062.7,54.01,注意,一般
500KV-1号主变压器,B相,2025-06-18 00:00:00,135.13,6.84,10.83,13.97,0.65,284.0,1581.8,31.53,注意,良好
500KV-2号主变压器,B相,2025-06-18 00:00:00,165.74,3.13,25.73,3.87,1.04,1237.3,2118.5,35.06,注意,一般
500KV-3号主变压器,B相,2025-06-18 00:00:00,167.49,4.11,24.28,3.81,0.52,378.4,2942.5,31.91,注意,良好
500KV-1号主变压器,B相,2025-06-19 00:00:00,176.27,9.82,8.28,6.24,0.32,869.3,2760.5,25.71,注意,良好
500KV-2号主变压器,B相,2025-06-19 00:00:00,93.88,10.32,1.79,0.31,0.74,1209.7,2324.3,12.85,注意,良好
500KV-3号主变压器,B相,2025-06-19 00:00:00,174.04,3.68,9.21,5.88,0.73,877.0,2310.9,19.47,注意,良好
500KV-1号主变压器,B相,2025-06-20 00:00:00,45.54,9.43,10.37,14.77,0.29,585.8,3179.7,33.71,注意,良好
500KV-2号主变压器,B相,2025-06-20 00:00:00,65.82,14.85,24.28,0.63,0.7,399.4,1642.5,41.52,注意,良好
500KV-3号主变压器,B相,2025-06-20 00:00:00,6.68,5.99,22.62,9.01,0.21,794.0,2217.1,38.55,注意,一般
500KV-1号主变压器,B相,2025-06-21 00:00:00,126.14,5.36,29.23,3.05,1.14,1068.8,1456.3,38.87,注意,良好
500KV-2号主变压器,B相,2025-06-21 00:00:00,39.45,13.08,15.27,1.06,0.98,987.8,1733.1,31.35,注意,良好
500KV-3号主变压器,B相,2025-06-21 00:00:00,237.34,5.34,22.01,16.01,0.22,359.3,3501.1,42.93,注意,良好
500KV-1号主变压器,B相,2025-06-22 00:00:00,97.38,11.26,11.38,12.23,1.21,794.6,3294.1,34.5,注意,良好
500KV-2号主变压器,B相,2025-06-22 00:00:00,151.96,8.6,30.0,10.64,0.62,601.3,2457.5,49.41,注意,良好
500KV-3号主变压器,B相,2025-06-22 00:00:00,135.54,11.04,10.67,10.16,0.06,1190.4,940.1,30.74,注意,良好
500KV-1号主变压器,B相,2025-06-23 00:00:00,237.13,11.47,12.49,6.12,0.32,733.9,1585.2,29.47,注意,良好
500KV-2号主变压器,B相,2025-06-23 00:00:00,207.92,11.11,15.11,15.51,0.05,667.4,2040.9,40.92,注意,一般
500KV-3号主变压器,B相,2025-06-23 00:00:00,42.85,3.65,24.46,12.44,0.95,556.1,2081.4,40.32,注意,良好
500KV-1号主变压器,B相,2025-06-24 00:00:00,89.14,5.96,9.93,19.65,0.01,592.3,1429.9,33.86,注意,良好
500KV-2号主变压器,B相,2025-06-24 00:00:00,183.92,3.54,8.23,6.32,0.34,412.7,2607.8,19.28,注意,良好
500KV-3号主变压器,B相,2025-06-24 00:00:00,76.34,14.97,33.07,16.52,1.05,251.0,3207.4,65.73,注意,良好
500KV-1号主变压器,B相,2025-06-25 00:00:00,105.2,7.11,9.1,23.6,0.02,247.8,1429.9,39.85,注意,良好
500KV-2号主变压器,B相,2025-06-25 00:00:00,32.53,13.4,13.67,13.52,0.26,972.5,3545.0,40.77,注意,良好
500KV-3号主变压器,B相,2025-06-25 00:00:00,68.27,13.13,13.06,5.87,0.06,687.3,2205.4,31.52,注意,良好
500KV-1号主变压器,B相,2025-06-26 00:00:00,112.71,3.55,0.83,0.5,0.98,1049.2,2337.3,5.72,注意,差
500KV-2号主变压器,B相,2025-06-26 00:00:00,96.72,9.9,21.62,10.8,0.63,1090.9,2396.5,45.03,注意,良好
500KV-3号主变压器,B相,2025-06-26 00:00:00,133.6,11.95,10.78,12.46,0.98,844.7,1901.4,36.71,注意,差
500KV-1号主变压器,B相,2025-06-27 00:00:00,198.1,4.17,28.57,6.53,0.2,1342.8,3253.8,38.97,注意,良好
500KV-2号主变压器,B相,2025-06-27 00:00:00,124.19,13.26,24.71,4.27,0.59,919.3,3064.2,43.21,注意,良好
500KV-3号主变压器,B相,2025-06-27 00:00:00,152.62,9.77,28.35,6.44,0.05,1153.0,2789.0,46.13,注意,良好
500KV-1号主变压器,B相,2025-06-28 00:00:00,18.43,13.2,21.46,5.24,0.13,807.3,3031.9,39.63,注意,良好
500KV-2号主变压器,B相,2025-06-28 00:00:00,228.55,12.2,14.21,13.07,0.35,1153.2,932.5,39.51,注意,良好
500KV-3号主变压器,B相,2025-06-28 00:00:00,240.9,15.1,20.73,16.39,0.45,725.4,2867.5,51.61,注意,良好
500KV-1号主变压器,B相,2025-06-29 00:00:00,173.77,5.03,2.1,15.14,0.06,551.9,1547.7,23.25,注意,良好
500KV-2号主变压器,B相,2025-06-29 00:00:00,60.45,7.84,30.13,10.45,0.17,822.3,1612.5,50.31,注意,良好
500KV-3号主变压器,B相,2025-06-29 00:00:00,15.78,4.23,3.55,13.12,0.23,325.8,2536.3,21.85,注意,一般
500KV-1号主变压器,B相,2025-06-30 00:00:00,227.57,7.25,8.64,14.25,0.29,1507.4,1251.2,30.19,注意,良好
500KV-2号主变压器,B相,2025-06-30 00:00:00,135.27,9.52,18.23,7.33,0.47,505.3,1380.8,34.19,注意,良好
500KV-3号主变压器,B相,2025-06-30 00:00:00,155.73,11.38,24.83,5.89,0.06,1188.4,1645.5,41.9,注意,良好
500KV-1号主变压器,B相,2025-07-01 00:00:00,212.66,10.48,13.07,4.06,0.45,606.2,2152.1,28.33,注意,良好
500KV-2号主变压器,B相,2025-07-01 00:00:00,234.7,5.5,7.78,3.82,0.44,1337.2,2844.2,16.71,注意,良好
500KV-3号主变压器,B相,2025-07-01 00:00:00,214.14,11.26,6.24,13.49,0.54,1279.5,876.1,32.68,注意,一般
500KV-1号主变压器,B相,2025-07-02 00:00:00,182.55,10.65,7.51,9.59,0.99,478.5,2934.5,29.0,注意,良好
500KV-2号主变压器,B相,2025-07-02 00:00:00,180.86,14.16,7.83,8.85,0.02,1214.1,2790.5,30.97,注意,良好
500KV-3号主变压器,B相,2025-07-02 00:00:00,128.92,12.29,21.28,14.19,0.2,896.6,3727.7,47.77,注意,良好
500KV-1号主变压器,B相,2025-07-03 00:00:00,8.61,12.15,22.37,11.41,0.45,844.3,2183.4,46.88,注意,良好
500KV-2号主变压器,B相,2025-07-03 00:00:00,15.19,9.18,23.28,4.02,0.33,1090.7,2895.6,38.62,注意,良好
500KV-3号主变压器,B相,2025-07-03 00:00:00,223.08,6.15,21.0,8.02,0.39,1202.1,1641.6,35.99,注意,良好
500KV-1号主变压器,B相,2025-07-04 00:00:00,151.2,10.34,11.51,6.29,0.11,1194.1,970.4,28.04,注意,良好
500KV-2号主变压器,B相,2025-07-04 00:00:00,189.0,5.39,14.25,10.3,1.2,562.3,2915.4,29.64,注意,差
500KV-3号主变压器,B相,2025-07-04 00:00:00,165.17,5.53,26.58,11.04,0.07,638.7,1224.5,42.21,注意,良好
500KV-1号主变压器,B相,2025-07-05 00:00:00,239.48,3.05,12.84,8.2,0.72,1331.2,2481.0,23.63,注意,良好
500KV-2号主变压器,B相,2025-07-05 00:00:00,59.64,9.15,4.13,13.3,0.41,225.2,2217.3,26.37,注意,良好
500KV-3号主变压器,B相,2025-07-05 00:00:00,60.61,12.0,22.62,9.13,0.59,1143.5,1330.2,44.58,注意,一般
500KV-1号主变压器,B相,2025-07-06 00:00:00,118.78,3.67,1.86,15.52,0.38,793.8,1474.3,20.51,注意,良好
500KV-2号主变压器,B相,2025-07-06 00:00:00,116.39,10.91,30.32,13.35,0.01,214.2,1744.9,56.9,注意,良好
500KV-3号主变压器,B相,2025-07-06 00:00:00,213.86,14.22,9.31,10.99,0.4,1070.0,1556.9,35.89,注意,良好
500KV-1号主变压器,B相,2025-07-07 00:00:00,97.34,3.56,35.75,5.57,0.8,1386.0,1410.0,43.89,注意,良好
500KV-2号主变压器,B相,2025-07-07 00:00:00,27.05,8.43,25.07,5.93,0.53,1104.0,2720.7,39.09,注意,良好
500KV-3号主变压器,B相,2025-07-07 00:00:00,220.98,9.9,23.22,10.65,0.3,365.8,3253.3,45.94,注意,良好
500KV-1号主变压器,B相,2025-07-08 00:00:00,85.12,3.46,22.53,8.03,0.53,792.2,2398.0,33.52,注意,良好
500KV-2号主变压器,B相,2025-07-08 00:00:00,119.71,13.7,27.3,12.96,0.37,202.2,2251.5,52.42,注意,良好
500KV-3号主变压器,B相,2025-07-08 00:00:00,154.03,11.12,15.86,18.22,0.78,330.0,2256.7,46.58,注意,良好
500KV-1号主变压器,B相,2025-07-09 00:00:00,186.2,13.12,24.41,8.44,0.32,516.3,1303.4,45.46,注意,良好
500KV-2号主变压器,B相,2025-07-09 00:00:00,113.35,11.86,23.14,5.66,0.76,498.1,1896.9,40.1,注意,良好
500KV-3号主变压器,B相,2025-07-09 00:00:00,223.35,4.44,23.59,4.15,0.27,861.1,1274.6,30.89,注意,良好
500KV-1号主变压器,B相,2025-07-10 00:00:00,12.15,9.71,1.19,16.66,0.07,594.5,1663.7,28.66,注意,良好
500KV-2号主变压器,B相,2025-07-10 00:00:00,231.85,11.66,11.52,3.0,0.06,712.6,1843.1,26.86,注意,良好
500KV-3号主变压器,B相,2025-07-10 00:00:00,50.29,13.16,24.16,9.53,0.21,305.9,2616.4,46.63,注意,良好
500KV-1号主变压器,B相,2025-07-11 00:00:00,64.05,3.81,18.55,2.32,0.12,928.5,3258.0,25.68,注意,一般
500KV-2号主变压器,B相,2025-07-11 00:00:00,61.02,8.22,11.92,3.12,0.08,285.5,1973.9,22.89,注意,一般
500KV-3号主变压器,B相,2025-07-11 00:00:00,219.86,12.93,1.67,13.41,0.25,832.6,3525.4,27.58,注意,良好
500KV-1号主变压器,B相,2025-07-12 00:00:00,129.55,4.45,35.56,2.74,0.73,1303.1,3187.0,45.27,注意,一般
500KV-2号主变压器,B相,2025-07-12 00:00:00,227.25,6.35,30.2,5.39,0.12,896.4,2407.8,43.24,注意,一般
500KV-3号主变压器,B相,2025-07-12 00:00:00,80.96,6.68,10.68,5.57,0.62,1287.1,2058.2,22.63,注意,良好
500KV-1号主变压器,B相,2025-07-13 00:00:00,162.29,12.78,10.96,7.6,0.45,727.6,3024.4,31.68,注意,良好
500KV-2号主变压器,B相,2025-07-13 00:00:00,180.35,9.43,18.05,12.69,1.05,715.0,1842.9,42.75,注意,良好
500KV-3号主变压器,B相,2025-07-13 00:00:00,102.74,4.46,14.61,8.97,0.13,1198.7,3058.8,28.35,注意,良好
500KV-1号主变压器,B相,2025-07-14 00:00:00,119.7,13.29,19.35,13.22,0.74,763.5,3566.9,47.4,注意,良好
500KV-2号主变压器,B相,2025-07-14 00:00:00,16.58,5.98,9.23,8.87,0.1,819.2,3071.9,24.02,注意,良好
500KV-3号主变压器,B相,2025-07-14 00:00:00,175.98,3.25,28.88,5.26,1.42,1232.3,1747.6,37.26,注意,良好
500KV-1号主变压器,B相,2025-07-15 00:00:00,218.8,3.97,23.36,5.09,0.3,493.4,1255.9,31.71,注意,良好
500KV-2号主变压器,B相,2025-07-15 00:00:00,111.65,3.75,20.44,0.39,0.0,651.5,2589.5,23.51,注意,良好
500KV-3号主变压器,B相,2025-07-15 00:00:00,131.29,7.78,6.73,15.37,0.2,281.3,3894.2,29.19,注意,良好
500KV-1号主变压器,B相,2025-07-16 00:00:00,144.79,11.62,22.21,8.17,0.17,1027.6,2491.5,41.73,注意,良好
500KV-2号主变压器,B相,2025-07-16 00:00:00,108.63,11.57,14.47,10.34,0.06,429.8,1363.4,35.08,注意,良好
500KV-3号主变压器,B相,2025-07-16 00:00:00,41.61,3.98,7.24,8.7,0.8,1316.9,2652.2,20.59,注意,良好
500KV-1号主变压器,B相,2025-07-17 00:00:00,199.37,5.98,28.89,13.16,0.17,318.9,3467.0,48.28,注意,良好
500KV-2号主变压器,B相,2025-07-17 00:00:00,160.33,7.65,12.86,1.04,0.07,764.1,805.9,22.13,注意,良好
500KV-3号主变压器,B相,2025-07-17 00:00:00,228.36,9.08,33.47,5.52,0.79,1162.0,2432.7,46.6,注意,良好
500KV-1号主变压器,B相,2025-07-18 00:00:00,175.82,11.64,1.71,4.16,0.86,375.3,2951.8,18.22,注意,良好
500KV-2号主变压器,B相,2025-07-18 00:00:00,61.67,13.71,5.67,5.58,0.28,596.6,1055.4,25.92,注意,良好
500KV-3号主变压器,B相,2025-07-18 00:00:00,252.75,9.97,21.69,14.51,0.65,375.7,3024.5,46.67,注意,良好
500KV-1号主变压器,B相,2025-07-19 00:00:00,214.5,9.34,19.81,8.68,1.01,462.8,2137.9,39.75,注意,良好
500KV-2号主变压器,B相,2025-07-19 00:00:00,57.04,10.6,23.44,23.24,0.23,538.3,1522.7,54.8,注意,一般
500KV-3号主变压器,B相,2025-07-19 00:00:00,5.75,4.67,1.09,11.33,0.22,286.0,3041.4,17.73,正常,良好
500KV-1号主变压器,B相,2025-07-20 00:00:00,117.31,12.51,13.31,18.77,1.37,1220.1,929.5,46.77,注意,一般
500KV-2号主变压器,B相,2025-07-20 00:00:00,58.12,6.0,15.37,8.97,0.69,253.7,2800.6,30.3,注意,良好
500KV-3号主变压器,B相,2025-07-20 00:00:00,22.07,9.2,22.83,13.89,0.82,360.9,2520.8,45.51,注意,良好
500KV-1号主变压器,B相,2025-07-21 00:00:00,23.11,8.24,27.09,11.76,0.29,1243.3,1229.7,47.06,注意,良好
500KV-2号主变压器,B相,2025-07-21 00:00:00,179.7,14.87,29.23,3.31,0.7,1185.5,2037.3,49.96,注意,良好
500KV-3号主变压器,B相,2025-07-21 00:00:00,43.2,9.38,4.35,11.92,0.26,1096.6,1574.6,26.84,注意,良好
500KV-1号主变压器,B相,2025-07-22 00:00:00,24.77,15.36,17.9,8.82,0.27,974.3,2923.2,43.64,注意,一般
500KV-2号主变压器,B相,2025-07-22 00:00:00,224.41,6.21,32.19,8.04,0.91,1452.4,1866.7,47.4,注意,良好
500KV-3号主变压器,B相,2025-07-22 00:00:00,22.79,4.17,14.71,4.65,0.1,973.9,967.3,23.98,注意,良好
500KV-1号主变压器,B相,2025-07-23 00:00:00,233.77,6.33,9.0,0.54,0.36,392.9,2585.0,15.75,注意,良好
500KV-2号主变压器,B相,2025-07-23 00:00:00,131.81,10.28,16.45,8.56,0.11,1181.8,3641.7,34.24,注意,差
500KV-3号主变压器,B相,2025-07-23 00:00:00,160.76,14.33,16.52,14.05,0.88,357.9,3124.9,43.86,注意,差
500KV-1号主变压器,B相,2025-07-24 00:00:00,105.33,7.7,9.46,18.59,0.13,1164.7,2039.0,36.49,注意,良好
500KV-2号主变压器,B相,2025-07-24 00:00:00,224.63,15.25,10.77,2.32,0.08,223.5,2053.5,28.17,注意,良好
500KV-3号主变压器,B相,2025-07-24 00:00:00,26.85,4.27,13.13,17.86,0.42,1173.8,3909.3,37.29,注意,良好
500KV-1号主变压器,B相,2025-07-25 00:00:00,31.24,6.6,36.37,2.17,0.27,395.2,1367.7,44.99,注意,良好
500KV-2号主变压器,B相,2025-07-25 00:00:00,94.15,12.27,2.39,8.59,0.16,260.6,2370.3,22.88,注意,良好
500KV-3号主变压器,B相,2025-07-25 00:00:00,137.04,7.12,25.73,3.02,0.36,1358.0,3172.1,35.76,注意,一般
500KV-1号主变压器,B相,2025-07-26 00:00:00,146.79,14.73,2.42,16.83,0.01,973.4,2660.3,34.13,注意,良好
500KV-2号主变压器,B相,2025-07-26 00:00:00,141.17,12.99,2.73,13.08,0.46,1070.1,2917.8,30.0,注意,差
500KV-3号主变压器,B相,2025-07-26 00:00:00,140.34,9.22,15.09,6.98,0.21,383.6,2102.5,30.5,注意,良好
500KV-1号主变压器,B相,2025-07-27 00:00:00,118.06,13.48,28.85,18.48,0.47,824.8,1886.7,63.77,注意,良好
500KV-2号主变压器,B相,2025-07-27 00:00:00,65.75,9.68,23.68,13.33,0.47,404.3,1237.3,47.14,注意,良好
500KV-3号主变压器,B相,2025-07-27 00:00:00,125.91,12.67,31.86,14.99,0.42,911.5,908.0,61.76,注意,良好
500KV-1号主变压器,B相,2025-07-28 00:00:00,81.12,12.7,11.9,16.75,0.97,481.9,771.4,42.57,注意,良好
500KV-2号主变压器,B相,2025-07-28 00:00:00,255.92,10.52,11.36,14.88,0.46,752.1,3640.1,38.12,注意,良好
500KV-3号主变压器,B相,2025-07-28 00:00:00,80.16,5.22,1.0,0.55,1.07,1182.6,2985.9,7.86,注意,良好
500KV-1号主变压器,B相,2025-07-29 00:00:00,41.43,6.12,22.95,4.79,0.72,1014.6,1929.4,36.01,注意,良好
500KV-2号主变压器,B相,2025-07-29 00:00:00,43.03,11.21,17.38,7.07,0.42,230.1,2921.0,35.13,注意,良好
500KV-3号主变压器,B相,2025-07-29 00:00:00,14.67,13.49,2.64,8.3,0.02,791.2,1907.9,23.57,注意,一般
500KV-1号主变压器,B相,2025-07-30 00:00:00,197.54,11.49,16.27,11.23,0.42,235.9,2479.4,39.65,注意,良好
500KV-2号主变压器,B相,2025-07-30 00:00:00,204.09,10.89,26.16,9.96,0.49,633.3,1368.2,46.17,注意,良好
500KV-3号主变压器,B相,2025-07-30 00:00:00,56.55,8.91,4.2,0.41,0.82,1516.7,1227.4,15.0,注意,良好
500KV-1号主变压器,B相,2025-07-31 00:00:00,156.28,9.05,19.58,0.77,0.36,575.7,1079.8,30.09,注意,良好
500KV-2号主变压器,B相,2025-07-31 00:00:00,10.3,6.41,26.01,5.4,0.57,370.0,3346.0,38.54,注意,良好
500KV-3号主变压器,B相,2025-07-31 00:00:00,179.16,7.55,31.64,10.35,0.28,1296.6,2777.0,52.05,注意,良好
500KV-1号主变压器,B相,2025-08-01 00:00:00,8.99,5.6,18.15,3.59,0.15,1012.8,1600.9,26.84,注意,良好
500KV-2号主变压器,B相,2025-08-01 00:00:00,224.72,9.72,16.21,19.86,0.04,656.7,1266.9,44.5,注意,良好
500KV-3号主变压器,B相,2025-08-01 00:00:00,33.39,5.83,12.85,8.75,0.68,248.4,1208.6,28.63,注意,良好
500KV-1号主变压器,B相,2025-08-02 00:00:00,235.46,11.48,20.91,3.66,0.52,1321.2,1696.7,35.46,注意,良好
500KV-2号主变压器,B相,2025-08-02 00:00:00,244.71,12.98,6.79,6.79,0.98,932.0,3412.1,28.11,注意,良好
500KV-3号主变压器,B相,2025-08-02 00:00:00,37.24,10.34,17.14,4.1,0.24,1091.7,2837.9,33.04,注意,良好
500KV-1号主变压器,B相,2025-08-03 00:00:00,222.15,7.96,16.12,8.17,0.16,1095.2,887.3,31.11,注意,良好
500KV-2号主变压器,B相,2025-08-03 00:00:00,15.34,11.03,23.58,19.13,0.44,1063.7,2276.7,51.65,注意,良好
500KV-3号主变压器,B相,2025-08-03 00:00:00,106.65,15.54,13.52,14.58,0.23,932.0,1978.9,44.73,注意,良好
500KV-1号主变压器,B相,2025-08-04 00:00:00,121.47,6.09,33.95,14.24,0.11,809.8,3148.1,55.82,注意,一般
500KV-2号主变压器,B相,2025-08-04 00:00:00,169.65,7.6,5.67,14.32,0.73,902.6,1421.5,26.92,注意,良好
500KV-3号主变压器,B相,2025-08-04 00:00:00,25.96,5.09,14.82,9.49,0.89,215.8,3151.7,31.72,注意,良好
500KV-1号主变压器,B相,2025-08-05 00:00:00,139.91,15.01,12.7,13.68,0.5,1244.4,1374.1,40.26,注意,良好
500KV-2号主变压器,B相,2025-08-05 00:00:00,218.1,6.34,9.9,12.21,0.5,669.7,3275.3,28.73,注意,良好
500KV-3号主变压器,B相,2025-08-05 00:00:00,131.11,14.3,29.43,11.48,0.1,813.6,2039.2,56.21,注意,良好
500KV-1号主变压器,B相,2025-08-06 00:00:00,237.77,15.28,19.88,8.52,0.73,384.2,1147.8,45.44,注意,良好
500KV-2号主变压器,B相,2025-08-06 00:00:00,38.97,8.42,21.21,11.58,1.39,1230.5,1029.3,42.3,注意,良好
500KV-3号主变压器,B相,2025-08-06 00:00:00,54.28,5.46,8.15,0.42,0.54,1276.0,1411.6,14.11,注意,良好
500KV-1号主变压器,B相,2025-08-07 00:00:00,97.42,9.98,5.01,19.64,0.71,438.0,1868.4,36.6,注意,一般
500KV-2号主变压器,B相,2025-08-07 00:00:00,241.96,7.3,8.02,6.78,0.02,1057.3,1657.2,21.57,注意,良好
500KV-3号主变压器,B相,2025-08-07 00:00:00,9.7,11.01,11.43,3.77,0.11,569.1,1975.4,25.37,注意,良好
500KV-1号主变压器,B相,2025-08-08 00:00:00,93.64,3.84,26.19,7.47,0.43,1375.5,2218.7,37.94,注意,一般
500KV-2号主变压器,B相,2025-08-08 00:00:00,57.98,8.16,26.05,4.66,0.6,306.2,1162.2,38.98,注意,差
500KV-3号主变压器,B相,2025-08-08 00:00:00,128.82,8.24,22.75,3.88,0.43,429.6,3371.8,36.28,注意,良好
500KV-1号主变压器,B相,2025-08-09 00:00:00,159.25,3.74,3.47,12.4,5.9,1294.0,1662.9,24.46,注意,良好
500KV-2号主变压器,B相,2025-08-09 00:00:00,119.13,10.21,7.7,7.41,0.63,256.9,2919.2,26.57,注意,一般
500KV-3号主变压器,B相,2025-08-09 00:00:00,115.68,6.6,14.09,15.2,0.59,640.8,988.7,34.86,注意,良好
500KV-1号主变压器,B相,2025-08-10 00:00:00,14.93,11.45,31.54,8.38,0.08,1130.2,979.3,51.62,注意,良好
500KV-2号主变压器,B相,2025-08-10 00:00:00,86.42,8.88,20.06,11.89,0.46,1256.7,3178.2,42.38,注意,良好
500KV-3号主变压器,B相,2025-08-10 00:00:00,248.08,8.2,18.6,1.24,0.01,989.5,1827.7,28.76,注意,良好
500KV-1号主变压器,B相,2025-08-11 00:00:00,216.01,4.64,25.23,10.58,0.09,1462.8,1348.7,40.42,注意,良好
500KV-2号主变压器,B相,2025-08-11 00:00:00,197.51,14.06,5.69,7.65,0.01,573.2,1728.5,28.54,注意,良好
500KV-3号主变压器,B相,2025-08-11 00:00:00,35.62,7.4,15.73,1.33,0.74,566.5,1231.9,24.8,注意,良好
500KV-1号主变压器,B相,2025-08-12 00:00:00,18.09,10.41,9.98,15.09,0.23,449.8,2332.6,36.96,注意,一般
500KV-2号主变压器,B相,2025-08-12 00:00:00,111.84,12.64,19.97,3.72,0.7,1254.2,1083.9,35.59,注意,良好
500KV-3号主变压器,B相,2025-08-12 00:00:00,105.01,12.62,24.02,7.48,1.12,1164.7,2002.1,45.89,注意,良好
500KV-1号主变压器,B相,2025-08-13 00:00:00,264.88,4.68,4.13,7.97,0.71,863.4,1794.4,17.85,注意,一般
500KV-2号主变压器,B相,2025-08-13 00:00:00,205.11,6.96,33.49,4.53,1.21,276.2,2528.1,45.4,注意,良好
500KV-3号主变压器,B相,2025-08-13 00:00:00,150.67,6.72,0.8,5.77,0.27,510.9,2223.3,13.54,注意,良好
500KV-1号主变压器,B相,2025-08-14 00:00:00,122.95,6.55,7.41,6.26,1.23,940.3,2795.1,21.99,注意,良好
500KV-2号主变压器,B相,2025-08-14 00:00:00,150.12,11.97,27.84,16.71,0.34,284.1,3448.8,57.22,注意,良好
500KV-3号主变压器,B相,2025-08-14 00:00:00,134.27,12.14,14.98,6.38,0.57,644.9,1446.6,34.63,注意,良好
500KV-1号主变压器,B相,2025-08-15 00:00:00,99.41,12.09,17.82,8.24,0.41,1047.7,2666.8,39.99,注意,一般
500KV-2号主变压器,B相,2025-08-15 00:00:00,56.36,7.06,20.13,9.38,0.13,757.4,1596.3,36.21,注意,良好
500KV-3号主变压器,B相,2025-08-15 00:00:00,57.34,14.43,12.69,9.03,1.34,343.9,2001.9,38.4,注意,良好
500KV-1号主变压器,B相,2025-08-16 00:00:00,53.59,10.93,5.32,13.05,0.31,376.0,1011.7,30.09,注意,良好
500KV-2号主变压器,B相,2025-08-16 00:00:00,171.89,12.58,10.44,7.38,0.78,471.4,833.6,31.6,注意,良好
500KV-3号主变压器,B相,2025-08-16 00:00:00,89.92,12.8,20.71,20.44,0.02,366.6,1344.7,53.28,注意,良好
500KV-1号主变压器,B相,2025-08-17 00:00:00,104.18,10.93,15.88,8.29,0.21,977.9,3177.1,36.31,注意,良好
500KV-2号主变压器,B相,2025-08-17 00:00:00,18.62,3.12,15.1,4.49,0.01,637.7,2031.5,23.78,注意,良好
500KV-3号主变压器,B相,2025-08-17 00:00:00,111.98,7.24,27.43,6.45,0.05,809.2,2239.8,42.16,注意,良好
500KV-1号主变压器,B相,2025-08-18 00:00:00,166.9,6.75,31.48,7.21,1.37,1277.6,918.7,46.06,注意,良好
500KV-2号主变压器,B相,2025-08-18 00:00:00,19.32,8.05,24.83,10.69,0.61,1301.7,2164.7,42.96,注意,良好
500KV-3号主变压器,B相,2025-08-18 00:00:00,13.89,13.31,11.14,10.06,1.28,937.0,1890.2,36.7,注意,良好
500KV-1号主变压器,B相,2025-08-19 00:00:00,206.78,4.42,25.75,14.26,0.36,642.5,2740.1,44.79,注意,良好
500KV-2号主变压器,B相,2025-08-19 00:00:00,224.49,3.3,22.84,1.78,0.52,406.2,2452.9,27.27,注意,良好
500KV-3号主变压器,B相,2025-08-19 00:00:00,218.35,15.44,4.71,12.57,0.38,1058.2,2093.6,32.95,注意,良好
500KV-1号主变压器,B相,2025-08-20 00:00:00,87.11,7.07,24.77,14.12,0.42,900.0,2770.9,48.67,注意,一般
500KV-2号主变压器,B相,2025-08-20 00:00:00,153.41,6.06,7.36,6.5,0.36,353.7,2180.2,19.54,注意,良好
500KV-3号主变压器,B相,2025-08-20 00:00:00,170.92,10.64,16.09,2.8,0.01,856.1,3496.4,29.76,注意,良好
500KV-1号主变压器,B相,2025-08-21 00:00:00,29.9,3.23,26.9,9.69,0.23,620.0,1800.1,41.88,注意,良好
500KV-2号主变压器,B相,2025-08-21 00:00:00,58.02,13.84,14.68,5.73,0.11,1262.6,2566.5,35.37,注意,良好
500KV-3号主变压器,B相,2025-08-21 00:00:00,52.75,11.0,10.28,14.15,0.31,574.7,2222.6,35.2,注意,一般
500KV-1号主变压器,B相,2025-08-22 00:00:00,77.13,9.32,16.17,15.42,0.2,1344.0,2539.4,39.12,注意,良好
500KV-2号主变压器,B相,2025-08-22 00:00:00,173.79,4.45,4.61,19.24,0.12,547.5,1963.9,28.0,注意,良好
500KV-3号主变压器,B相,2025-08-22 00:00:00,138.13,12.16,16.77,16.28,0.17,474.6,2262.4,46.45,注意,一般
500KV-1号主变压器,B相,2025-08-23 00:00:00,31.12,10.11,17.64,1.15,0.45,249.6,3265.7,29.24,注意,良好
500KV-2号主变压器,B相,2025-08-23 00:00:00,82.07,4.47,5.33,8.84,0.89,1219.7,2428.0,19.26,注意,良好
500KV-3号主变压器,B相,2025-08-23 00:00:00,103.03,5.05,24.21,2.46,0.13,433.9,2753.4,30.69,注意,良好
500KV-1号主变压器,B相,2025-08-24 00:00:00,7.5,3.36,16.63,5.3,0.21,1087.1,1081.6,26.77,注意,良好
500KV-2号主变压器,B相,2025-08-24 00:00:00,170.44,6.77,29.86,5.97,0.17,1115.8,2646.2,41.24,注意,良好
500KV-3号主变压器,B相,2025-08-24 00:00:00,42.37,11.17,2.24,11.7,0.02,1027.0,1802.1,24.69,注意,良好
500KV-1号主变压器,B相,2025-08-25 00:00:00,63.05,9.3,15.47,17.38,0.36,339.1,2222.4,43.11,注意,一般
500KV-2号主变压器,B相,2025-08-25 00:00:00,6.3,8.16,17.34,2.17,0.35,563.0,2272.0,28.24,注意,良好
500KV-3号主变压器,B相,2025-08-25 00:00:00,182.4,12.96,26.53,0.22,0.3,285.4,2944.1,38.72,注意,良好
500KV-1号主变压器,B相,2025-08-26 00:00:00,85.22,8.25,14.12,11.29,0.69,1206.6,2427.9,35.44,注意,良好
500KV-2号主变压器,B相,2025-08-26 00:00:00,23.14,11.9,3.2,18.68,0.26,483.5,2387.6,35.64,注意,良好
500KV-3号主变压器,B相,2025-08-26 00:00:00,58.32,11.73,19.65,13.76,0.04,830.0,1955.2,47.17,注意,良好
500KV-1号主变压器,B相,2025-08-27 00:00:00,229.2,13.84,11.72,17.81,0.71,680.4,995.3,42.84,注意,良好
500KV-2号主变压器,B相,2025-08-27 00:00:00,72.66,4.57,1.07,14.14,0.53,253.4,1853.7,20.43,注意,良好
500KV-3号主变压器,B相,2025-08-27 00:00:00,101.14,7.84,28.75,2.77,0.25,730.1,2024.3,38.56,注意,良好
500KV-1号主变压器,B相,2025-08-28 00:00:00,173.21,8.47,14.59,3.89,0.01,543.1,1775.7,27.53,注意,一般
500KV-2号主变压器,B相,2025-08-28 00:00:00,185.0,12.78,23.98,2.81,0.05,988.5,2847.3,40.17,注意,一般
500KV-3号主变压器,B相,2025-08-28 00:00:00,71.64,13.2,24.8,7.07,0.34,334.5,2658.9,47.16,注意,良好
500KV-1号主变压器,B相,2025-08-29 00:00:00,30.92,6.07,9.68,17.63,0.6,1277.5,1390.5,34.63,注意,良好
500KV-2号主变压器,B相,2025-08-29 00:00:00,55.11,6.89,16.47,14.39,0.41,807.4,3154.8,40.05,注意,良好
500KV-3号主变压器,B相,2025-08-29 00:00:00,107.38,11.89,15.46,16.06,0.62,952.4,1395.4,43.64,注意,良好
500KV-1号主变压器,C相,2025-06-01 00:00:00,151.54,13.71,9.23,12.79,0.23,1234.3,1272.5,34.72,注意,良好
500KV-2号主变压器,C相,2025-06-01 00:00:00,34.13,4.84,2.89,16.01,0.25,979.6,1512.5,24.53,注意,良好
500KV-3号主变压器,C相,2025-06-01 00:00:00,183.33,6.76,16.78,17.0,0.27,1138.1,2795.7,42.03,注意,良好
500KV-1号主变压器,C相,2025-06-02 00:00:00,127.14,8.8,23.96,8.03,0.98,1212.4,2457.1,42.17,注意,良好
500KV-2号主变压器,C相,2025-06-02 00:00:00,195.07,11.52,18.31,1.18,0.89,856.1,1427.7,31.74,注意,良好
500KV-3号主变压器,C相,2025-06-02 00:00:00,118.13,7.75,30.53,2.92,0.21,551.4,1338.0,41.22,注意,良好
500KV-1号主变压器,C相,2025-06-03 00:00:00,72.71,8.75,21.83,12.87,0.83,428.5,808.8,45.94,注意,良好
500KV-2号主变压器,C相,2025-06-03 00:00:00,168.45,10.86,9.39,13.88,0.07,400.0,3100.1,35.45,注意,良好
500KV-3号主变压器,C相,2025-06-03 00:00:00,101.92,3.25,17.69,11.67,0.13,844.6,1089.8,33.03,注意,良好
500KV-1号主变压器,C相,2025-06-04 00:00:00,220.07,3.07,24.35,4.68,0.68,918.1,730.1,32.11,注意,良好
500KV-2号主变压器,C相,2025-06-04 00:00:00,157.56,13.69,13.42,2.35,0.43,347.3,2743.1,29.79,注意,差
500KV-3号主变压器,C相,2025-06-04 00:00:00,189.0,5.64,17.07,4.02,0.22,550.3,1067.0,25.69,注意,良好
500KV-1号主变压器,C相,2025-06-05 00:00:00,230.42,10.58,2.57,18.17,0.9,326.6,2003.0,31.49,注意,良好
500KV-2号主变压器,C相,2025-06-05 00:00:00,131.4,5.85,4.26,0.5,0.0,1343.5,2219.9,11.06,注意,良好
500KV-3号主变压器,C相,2025-06-05 00:00:00,99.06,11.73,11.59,0.87,0.04,1378.7,3737.7,24.71,注意,良好
500KV-1号主变压器,C相,2025-06-06 00:00:00,252.59,7.93,22.59,18.25,1.02,1105.8,2617.3,52.13,注意,良好
500KV-2号主变压器,C相,2025-06-06 00:00:00,184.64,6.49,8.16,5.24,0.38,1143.7,3639.8,20.53,注意,良好
500KV-3号主变压器,C相,2025-06-06 00:00:00,17.67,12.35,2.24,12.69,0.47,1331.9,1975.5,26.48,注意,良好
500KV-1号主变压器,C相,2025-06-07 00:00:00,166.26,9.73,15.36,15.42,0.35,1114.4,2952.1,42.83,注意,一般
500KV-2号主变压器,C相,2025-06-07 00:00:00,136.37,10.09,3.01,4.14,0.6,917.5,1992.4,17.74,注意,良好
500KV-3号主变压器,C相,2025-06-07 00:00:00,151.55,12.26,24.27,17.26,0.15,737.1,2849.3,51.25,注意,良好
500KV-1号主变压器,C相,2025-06-08 00:00:00,96.57,11.55,18.01,7.19,0.23,543.5,2491.7,38.74,注意,良好
500KV-2号主变压器,C相,2025-06-08 00:00:00,167.68,13.39,23.52,17.42,0.02,291.3,1899.7,55.25,注意,良好
500KV-3号主变压器,C相,2025-06-08 00:00:00,18.1,14.23,21.59,3.52,0.55,1226.0,1053.0,37.99,注意,良好
500KV-1号主变压器,C相,2025-06-09 00:00:00,98.45,5.46,18.21,1.89,0.48,1061.4,3644.4,25.46,注意,良好
500KV-2号主变压器,C相,2025-06-09 00:00:00,212.56,12.52,18.89,2.14,0.36,854.4,1963.1,34.97,注意,良好
500KV-3号主变压器,C相,2025-06-09 00:00:00,180.65,10.4,33.04,7.09,0.23,368.4,1598.1,50.85,注意,良好
500KV-1号主变压器,C相,2025-06-10 00:00:00,105.18,6.55,15.24,12.95,0.71,911.4,1759.5,36.45,注意,良好
500KV-2号主变压器,C相,2025-06-10 00:00:00,22.49,4.81,23.33,10.09,0.24,694.6,1186.4,37.18,注意,良好
500KV-3号主变压器,C相,2025-06-10 00:00:00,19.2,15.13,28.31,16.81,0.22,1006.7,3471.8,58.66,注意,良好
500KV-1号主变压器,C相,2025-06-11 00:00:00,182.56,12.06,8.79,13.18,0.07,354.3,2615.0,34.1,注意,良好
500KV-2号主变压器,C相,2025-06-11 00:00:00,80.87,5.23,18.69,20.39,0.38,1210.9,2400.9,45.23,注意,良好
500KV-3号主变压器,C相,2025-06-11 00:00:00,166.11,4.99,9.38,19.6,1.01,1009.5,1842.0,36.23,注意,良好
500KV-1号主变压器,C相,2025-06-12 00:00:00,209.75,13.75,8.16,14.0,0.16,292.2,2631.3,34.37,注意,良好
500KV-2号主变压器,C相,2025-06-12 00:00:00,148.33,8.35,16.71,4.55,0.27,444.5,890.1,28.97,注意,良好
500KV-3号主变压器,C相,2025-06-12 00:00:00,92.01,12.53,1.98,6.95,0.29,494.3,1516.9,20.84,注意,良好
500KV-1号主变压器,C相,2025-06-13 00:00:00,192.98,9.93,6.18,10.6,0.88,1171.2,2066.6,26.86,注意,良好
500KV-2号主变压器,C相,2025-06-13 00:00:00,120.86,7.17,26.32,1.95,0.3,1114.1,2661.7,36.48,注意,良好
500KV-3号主变压器,C相,2025-06-13 00:00:00,10.62,7.94,4.27,2.93,0.29,1347.4,2372.7,15.9,正常,良好
500KV-1号主变压器,C相,2025-06-14 00:00:00,10.7,15.17,10.39,5.24,0.29,694.5,1777.5,30.2,注意,良好
500KV-2号主变压器,C相,2025-06-14 00:00:00,215.35,7.69,6.72,2.06,0.01,767.3,976.1,16.06,注意,良好
500KV-3号主变压器,C相,2025-06-14 00:00:00,102.12,5.05,29.16,20.96,0.03,1287.9,1701.2,55.05,注意,良好
500KV-1号主变压器,C相,2025-06-15 00:00:00,152.48,8.57,19.32,14.39,0.28,418.6,2594.0,41.09,注意,良好
500KV-2号主变压器,C相,2025-06-15 00:00:00,219.42,3.78,10.73,4.93,0.11,1200.8,2046.4,19.27,注意,良好
500KV-3号主变压器,C相,2025-06-15 00:00:00,245.34,11.43,25.18,0.86,0.09,1355.1,3070.2,36.01,注意,一般
500KV-1号主变压器,C相,2025-06-16 00:00:00,82.89,13.58,7.72,14.99,0.34,869.3,3313.5,37.51,注意,良好
500KV-2号主变压器,C相,2025-06-16 00:00:00,218.27,15.12,19.73,16.37,0.33,1128.6,3143.6,52.99,注意,良好
500KV-3号主变压器,C相,2025-06-16 00:00:00,137.08,7.33,4.82,1.55,0.09,392.5,2607.4,13.56,注意,良好
500KV-1号主变压器,C相,2025-06-17 00:00:00,123.45,5.33,13.36,9.82,0.32,1196.7,2970.4,30.04,注意,良好
500KV-2号主变压器,C相,2025-06-17 00:00:00,206.44,10.54,2.87,20.72,0.15,282.9,2400.6,34.7,注意,良好
500KV-3号主变压器,C相,2025-06-17 00:00:00,150.69,7.37,7.04,2.07,0.0,1090.3,1456.2,16.75,注意,良好
500KV-1号主变压器,C相,2025-06-18 00:00:00,145.86,6.85,8.36,3.69,0.03,1120.1,1811.6,18.12,注意,良好
500KV-2号主变压器,C相,2025-06-18 00:00:00,256.97,5.06,25.01,22.18,0.0,723.0,3374.4,52.87,注意,良好
500KV-3号主变压器,C相,2025-06-18 00:00:00,176.58,8.11,5.37,11.86,1.43,1397.3,1727.3,26.78,注意,良好
500KV-1号主变压器,C相,2025-06-19 00:00:00,197.4,9.69,3.58,10.26,1.21,391.7,3634.1,25.23,注意,良好
500KV-2号主变压器,C相,2025-06-19 00:00:00,204.47,5.62,13.97,10.67,0.05,513.0,2616.6,30.65,注意,良好
500KV-3号主变压器,C相,2025-06-19 00:00:00,223.92,13.35,17.25,2.13,0.08,400.8,953.9,32.56,注意,良好
500KV-1号主变压器,C相,2025-06-20 00:00:00,223.48,13.84,24.5,14.73,0.04,874.3,1107.2,51.74,注意,一般
500KV-2号主变压器,C相,2025-06-20 00:00:00,7.92,10.14,26.35,11.05,0.17,1313.8,2490.8,48.33,注意,良好
500KV-3号主变压器,C相,2025-06-20 00:00:00,168.42,14.65,1.62,6.37,0.08,1234.6,3597.7,22.51,注意,一般
500KV-1号主变压器,C相,2025-06-21 00:00:00,196.69,12.88,11.9,18.48,0.11,526.1,2000.2,43.65,注意,良好
500KV-2号主变压器,C相,2025-06-21 00:00:00,127.75,4.74,11.48,3.52,0.11,658.2,3343.4,20.27,注意,良好
500KV-3号主变压器,C相,2025-06-21 00:00:00,234.41,6.98,10.59,1.21,1.05,462.2,1074.2,20.62,注意,良好
500KV-1号主变压器,C相,2025-06-22 00:00:00,160.55,7.87,13.38,23.65,0.19,739.3,1283.2,46.81,注意,良好
500KV-2号主变压器,C相,2025-06-22 00:00:00,34.33,11.2,12.43,5.08,1.01,1295.6,1166.4,28.94,注意,良好
500KV-3号主变压器,C相,2025-06-22 00:00:00,133.24,9.01,9.42,12.98,1.2,1198.2,2738.5,33.78,注意,良好
500KV-1号主变压器,C相,2025-06-23 00:00:00,215.81,5.92,3.92,10.82,1.13,777.9,1527.0,22.36,注意,一般
500KV-2号主变压器,C相,2025-06-23 00:00:00,47.28,13.39,7.23,12.03,0.03,395.0,3192.0,32.6,注意,良好
500KV-3号主变压器,C相,2025-06-23 00:00:00,227.56,5.96,13.87,7.58,0.02,626.9,2195.6,27.22,注意,良好
500KV-1号主变压器,C相,2025-06-24 00:00:00,145.91,3.89,19.06,16.68,0.58,1002.6,3022.1,40.72,注意,良好
500KV-2号主变压器,C相,2025-06-24 00:00:00,203.67,7.36,34.88,1.36,0.26,409.0,2734.3,44.8,注意,良好
500KV-3号主变压器,C相,2025-06-24 00:00:00,98.24,11.43,12.66,4.73,0.11,1256.6,2847.2,30.21,注意,良好
500KV-1号主变压器,C相,2025-06-25 00:00:00,152.64,5.98,26.42,1.2,0.16,547.1,1626.5,35.36,注意,良好
500KV-2号主变压器,C相,2025-06-25 00:00:00,156.51,10.99,8.47,2.27,1.0,751.5,2576.5,22.89,注意,良好
500KV-3号主变压器,C相,2025-06-25 00:00:00,195.73,10.62,15.43,9.25,0.57,465.0,1290.2,37.53,注意,良好
500KV-1号主变压器,C相,2025-06-26 00:00:00,155.63,11.1,25.62,8.63,0.2,238.6,1406.6,43.46,注意,差
500KV-2号主变压器,C相,2025-06-26 00:00:00,159.45,9.68,15.73,8.31,0.41,374.6,2180.2,35.22,注意,良好
500KV-3号主变压器,C相,2025-06-26 00:00:00,130.68,9.51,1.58,0.45,0.12,273.9,2574.9,11.53,注意,一般
500KV-1号主变压器,C相,2025-06-27 00:00:00,169.39,8.18,31.63,8.92,0.21,414.5,782.5,51.22,注意,良好
500KV-2号主变压器,C相,2025-06-27 00:00:00,114.12,14.03,13.82,2.29,0.37,911.3,2616.4,30.46,注意,良好
500KV-3号主变压器,C相,2025-06-27 00:00:00,44.83,9.68,14.86,3.01,0.47,1363.8,3127.5,29.27,注意,良好
500KV-1号主变压器,C相,2025-06-28 00:00:00,212.7,7.79,3.79,18.14,0.3,750.8,3081.1,30.49,注意,良好
500KV-2号主变压器,C相,2025-06-28 00:00:00,187.71,3.79,2.99,8.7,1.2,483.9,1911.9,16.35,注意,差
500KV-3号主变压器,C相,2025-06-28 00:00:00,201.56,12.96,11.72,3.93,0.25,412.5,798.4,30.25,注意,良好
500KV-1号主变压器,C相,2025-06-29 00:00:00,229.99,5.41,16.32,13.67,0.15,635.4,1528.3,35.15,注意,良好
500KV-2号主变压器,C相,2025-06-29 00:00:00,42.04,10.77,2.64,8.61,0.6,413.9,2632.5,23.35,注意,良好
500KV-3号主变压器,C相,2025-06-29 00:00:00,102.8,2.97,21.35,14.85,0.41,730.6,1980.1,39.84,注意,良好
500KV-1号主变压器,C相,2025-06-30 00:00:00,210.55,3.23,28.44,2.52,1.46,1002.7,1579.8,35.02,注意,良好
500KV-2号主变压器,C相,2025-06-30 00:00:00,177.73,5.03,26.17,14.5,0.45,943.6,1002.8,46.55,注意,良好
500KV-3号主变压器,C相,2025-06-30 00:00:00,230.11,4.47,18.26,9.85,1.42,626.0,2485.7,33.32,注意,良好
500KV-1号主变压器,C相,2025-07-01 00:00:00,38.76,10.5,23.18,13.21,0.22,1142.2,1122.6,45.49,注意,良好
500KV-2号主变压器,C相,2025-07-01 00:00:00,236.79,12.24,0.91,3.62,0.07,428.1,1712.1,16.57,注意,良好
500KV-3号主变压器,C相,2025-07-01 00:00:00,116.42,10.71,4.35,0.44,0.0,630.2,2825.0,15.4,注意,良好
500KV-1号主变压器,C相,2025-07-02 00:00:00,183.06,10.02,13.93,9.48,0.73,1288.1,2067.4,34.99,注意,良好
500KV-2号主变压器,C相,2025-07-02 00:00:00,219.93,10.83,22.3,18.79,0.49,419.7,1525.9,51.53,注意,良好
500KV-3号主变压器,C相,2025-07-02 00:00:00,88.06,15.51,20.46,4.67,0.51,837.3,3896.8,42.48,注意,良好
500KV-1号主变压器,C相,2025-07-03 00:00:00,244.24,4.17,10.47,6.73,0.39,649.6,1311.9,20.88,注意,良好
500KV-2号主变压器,C相,2025-07-03 00:00:00,12.28,8.51,4.41,7.37,0.8,586.6,2288.2,20.05,注意,良好
500KV-3号主变压器,C相,2025-07-03 00:00:00,9.41,11.96,24.97,5.55,0.04,395.2,3254.8,42.67,注意,良好
500KV-1号主变压器,C相,2025-07-04 00:00:00,60.55,10.35,13.27,3.75,0.46,520.9,2359.1,27.3,注意,良好
500KV-2号主变压器,C相,2025-07-04 00:00:00,126.18,13.12,17.09,3.99,0.64,964.8,2737.2,34.85,注意,一般
500KV-3号主变压器,C相,2025-07-04 00:00:00,60.53,10.33,2.07,13.28,0.47,1038.7,1969.8,25.95,注意,良好
500KV-1号主变压器,C相,2025-07-05 00:00:00,211.07,10.76,9.69,9.59,0.1,605.3,870.8,31.61,注意,良好
500KV-2号主变压器,C相,2025-07-05 00:00:00,104.95,4.9,24.05,6.15,0.53,1319.2,2176.7,34.15,注意,良好
500KV-3号主变压器,C相,2025-07-05 00:00:00,81.0,9.85,23.1,5.6,0.22,671.9,2236.8,39.9,注意,良好
500KV-1号主变压器,C相,2025-07-06 00:00:00,230.08,14.22,21.52,2.33,0.38,200.1,3324.6,36.68,注意,良好
500KV-2号主变压器,C相,2025-07-06 00:00:00,53.82,8.35,14.83,11.71,0.34,422.2,1029.5,36.57,注意,良好
500KV-3号主变压器,C相,2025-07-06 00:00:00,118.86,9.62,1.22,5.82,0.04,563.3,2978.1,17.11,注意,良好
500KV-1号主变压器,C相,2025-07-07 00:00:00,44.34,6.67,25.05,4.65,0.34,662.9,1911.4,37.69,注意,良好
500KV-2号主变压器,C相,2025-07-07 00:00:00,70.02,6.18,32.56,2.73,0.68,967.3,869.5,41.74,注意,良好
500KV-3号主变压器,C相,2025-07-07 00:00:00,124.44,9.78,31.6,9.57,0.19,780.5,2936.0,53.0,注意,良好
500KV-1号主变压器,C相,2025-07-08 00:00:00,22.63,5.48,9.94,13.9,0.31,946.0,2234.1,29.37,注意,良好
500KV-2号主变压器,C相,2025-07-08 00:00:00,17.08,4.9,6.66,12.58,0.92,1401.6,1050.0,25.34,注意,良好
500KV-3号主变压器,C相,2025-07-08 00:00:00,50.6,6.83,6.92,20.01,0.38,595.8,3257.8,34.31,注意,良好
500KV-1号主变压器,C相,2025-07-09 00:00:00,156.45,3.08,0.62,12.79,0.13,288.8,1154.0,15.84,注意,良好
500KV-2号主变压器,C相,2025-07-09 00:00:00,115.26,9.43,25.13,3.1,1.03,637.8,2366.2,39.61,注意,良好
500KV-3号主变压器,C相,2025-07-09 00:00:00,221.13,5.13,8.83,5.32,0.61,342.2,2894.0,20.16,注意,良好
500KV-1号主变压器,C相,2025-07-10 00:00:00,220.97,14.53,29.92,0.25,0.42,1099.7,3384.0,44.77,注意,良好
500KV-2号主变压器,C相,2025-07-10 00:00:00,28.13,4.2,17.07,14.44,0.35,1453.4,1206.5,36.29,注意,良好
500KV-3号主变压器,C相,2025-07-10 00:00:00,149.92,13.03,26.67,9.66,0.35,814.6,2925.3,49.89,注意,良好
500KV-1号主变压器,C相,2025-07-11 00:00:00,64.68,14.89,32.5,1.73,0.35,1199.9,966.4,49.18,注意,良好
500KV-2号主变压器,C相,2025-07-11 00:00:00,179.53,12.67,25.05,2.58,0.36,1209.1,1994.4,39.16,注意,差
500KV-3号主变压器,C相,2025-07-11 00:00:00,40.35,12.88,6.13,6.09,0.55,895.3,2988.1,24.79,注意,良好
500KV-1号主变压器,C相,2025-07-12 00:00:00,110.56,15.04,4.03,3.05,0.18,351.7,2969.2,22.51,注意,良好
500KV-2号主变压器,C相,2025-07-12 00:00:00,88.64,12.46,16.21,4.29,0.23,1021.8,948.5,33.73,注意,良好
500KV-3号主变压器,C相,2025-07-12 00:00:00,190.89,3.61,1.14,8.61,0.19,244.5,1219.4,13.9,注意,良好
500KV-1号主变压器,C相,2025-07-13 00:00:00,30.61,7.48,18.09,12.34,0.22,277.7,963.1,40.0,注意,一般
500KV-2号主变压器,C相,2025-07-13 00:00:00,168.11,7.08,4.09,16.06,0.12,971.7,2320.6,27.32,注意,良好
500KV-3号主变压器,C相,2025-07-13 00:00:00,145.4,13.39,5.87,4.43,0.03,338.9,2293.6,24.63,注意,良好
500KV-1号主变压器,C相,2025-07-14 00:00:00,183.88,9.91,24.75,12.27,0.69,621.0,2666.2,49.47,注意,良好
500KV-2号主变压器,C相,2025-07-14 00:00:00,109.78,11.93,9.39,13.56,0.27,538.2,1021.7,35.49,注意,良好
500KV-3号主变压器,C相,2025-07-14 00:00:00,59.8,15.33,24.52,5.75,0.35,250.5,1487.0,45.73,注意,良好
500KV-1号主变压器,C相,2025-07-15 00:00:00,59.74,4.81,23.82,0.55,0.41,1446.4,1614.0,29.81,注意,良好
500KV-2号主变压器,C相,2025-07-15 00:00:00,59.26,11.26,26.18,15.89,1.0,317.5,3567.2,52.36,注意,良好
500KV-3号主变压器,C相,2025-07-15 00:00:00,224.83,7.59,4.11,8.24,0.19,1020.5,2941.0,19.66,注意,良好
500KV-1号主变压器,C相,2025-07-16 00:00:00,180.65,15.45,7.77,14.25,0.04,478.5,3481.9,38.22,注意,良好
500KV-2号主变压器,C相,2025-07-16 00:00:00,221.76,13.54,22.12,3.56,0.06,633.7,1895.0,39.84,注意,良好
500KV-3号主变压器,C相,2025-07-16 00:00:00,51.35,9.47,28.67,13.37,0.1,836.9,2824.5,51.78,注意,良好
500KV-1号主变压器,C相,2025-07-17 00:00:00,121.42,4.28,18.32,11.96,0.26,826.3,2717.4,35.46,注意,良好
500KV-2号主变压器,C相,2025-07-17 00:00:00,79.73,14.66,15.45,18.31,0.73,895.4,1132.1,51.11,注意,良好
500KV-3号主变压器,C相,2025-07-17 00:00:00,64.99,14.73,6.39,10.0,0.08,691.2,2704.5,31.37,注意,良好
500KV-1号主变压器,C相,2025-07-18 00:00:00,181.53,3.13,18.79,4.84,1.28,1245.7,1766.3,28.64,注意,良好
500KV-2号主变压器,C相,2025-07-18 00:00:00,158.84,13.83,17.08,6.06,0.33,1122.0,1354.1,38.47,注意,良好
500KV-3号主变压器,C相,2025-07-18 00:00:00,208.52,7.82,12.9,9.22,0.39,795.3,1022.0,31.84,注意,一般
500KV-1号主变压器,C相,2025-07-19 00:00:00,171.58,12.9,6.57,2.28,0.28,665.2,2983.6,21.83,注意,良好
500KV-2号主变压器,C相,2025-07-19 00:00:00,141.15,10.64,20.8,4.39,0.66,442.2,2044.8,36.53,注意,良好
500KV-3号主变压器,C相,2025-07-19 00:00:00,52.21,9.7,10.04,3.42,0.47,1122.3,3526.6,22.5,注意,良好
500KV-1号主变压器,C相,2025-07-20 00:00:00,235.9,12.61,6.54,1.38,0.27,951.0,2614.6,21.41,注意,良好
500KV-2号主变压器,C相,2025-07-20 00:00:00,248.31,14.43,8.42,3.26,0.36,1019.5,3262.8,26.89,注意,良好
500KV-3号主变压器,C相,2025-07-20 00:00:00,215.41,7.46,17.66,7.2,0.17,957.5,990.2,32.17,注意,良好
500KV-1号主变压器,C相,2025-07-21 00:00:00,66.29,3.56,21.59,14.95,0.53,1123.2,2253.4,39.91,注意,良好
500KV-2号主变压器,C相,2025-07-21 00:00:00,117.59,5.99,7.72,17.49,1.23,279.8,3136.5,31.96,注意,一般
500KV-3号主变压器,C相,2025-07-21 00:00:00,20.81,11.59,10.57,16.07,0.71,419.9,2066.0,37.61,注意,一般
500KV-1号主变压器,C相,2025-07-22 00:00:00,22.24,6.19,8.17,7.77,0.22,525.0,1818.9,21.33,注意,良好
500KV-2号主变压器,C相,2025-07-22 00:00:00,215.66,3.37,2.26,7.43,0.13,900.6,3822.1,13.0,注意,良好
500KV-3号主变压器,C相,2025-07-22 00:00:00,92.99,10.84,9.96,6.27,0.43,986.6,2055.4,27.08,注意,良好
500KV-1号主变压器,C相,2025-07-23 00:00:00,66.62,15.22,17.82,13.5,0.5,271.7,1476.9,44.98,注意,良好
500KV-2号主变压器,C相,2025-07-23 00:00:00,106.2,4.34,22.02,12.2,0.58,292.5,824.9,40.72,注意,良好
500KV-3号主变压器,C相,2025-07-23 00:00:00,102.95,3.18,8.76,12.24,1.05,839.7,1530.1,24.75,注意,差
500KV-1号主变压器,C相,2025-07-24 00:00:00,103.47,6.91,12.01,6.65,1.22,632.6,2901.8,25.96,注意,良好
500KV-2号主变压器,C相,2025-07-24 00:00:00,13.45,9.5,8.86,1.73,0.09,200.9,2410.2,19.98,正常,良好
500KV-3号主变压器,C相,2025-07-24 00:00:00,203.38,4.24,23.49,2.45,0.19,802.1,2097.9,31.55,注意,良好
500KV-1号主变压器,C相,2025-07-25 00:00:00,62.54,13.2,23.22,8.53,0.2,1004.0,1205.2,47.06,注意,一般
500KV-2号主变压器,C相,2025-07-25 00:00:00,136.72,13.91,6.91,16.81,0.08,466.1,2213.9,36.32,注意,一般
500KV-3号主变压器,C相,2025-07-25 00:00:00,99.75,7.3,7.51,1.85,0.22,1450.6,2549.6,16.8,注意,差
500KV-1号主变压器,C相,2025-07-26 00:00:00,207.85,3.25,11.94,3.34,0.26,1080.0,1627.0,18.67,注意,良好
500KV-2号主变压器,C相,2025-07-26 00:00:00,183.27,11.84,28.28,5.73,0.82,265.1,3237.7,48.41,注意,良好
500KV-3号主变压器,C相,2025-07-26 00:00:00,151.19,12.79,10.39,1.17,0.53,1226.5,2439.9,25.66,注意,良好
500KV-1号主变压器,C相,2025-07-27 00:00:00,81.31,10.08,25.97,7.58,1.25,510.8,1009.5,43.21,注意,良好
500KV-2号主变压器,C相,2025-07-27 00:00:00,240.09,8.73,31.06,9.41,0.1,733.0,1535.4,47.53,注意,良好
500KV-3号主变压器,C相,2025-07-27 00:00:00,119.31,6.11,16.35,13.06,0.73,765.8,3644.1,35.16,注意,良好
500KV-1号主变压器,C相,2025-07-28 00:00:00,70.31,13.63,21.23,8.58,0.63,1395.9,3028.1,43.48,注意,良好
500KV-2号主变压器,C相,2025-07-28 00:00:00,128.01,11.63,17.21,11.13,0.13,1469.6,1701.9,39.67,注意,良好
500KV-3号主变压器,C相,2025-07-28 00:00:00,100.54,6.6,2.97,6.83,0.11,663.4,2795.4,15.87,注意,良好
500KV-1号主变压器,C相,2025-07-29 00:00:00,166.83,4.75,7.35,0.44,0.85,1200.4,1511.5,13.54,注意,良好
500KV-2号主变压器,C相,2025-07-29 00:00:00,138.75,12.65,30.43,3.31,0.43,293.1,2187.9,45.86,注意,良好
500KV-3号主变压器,C相,2025-07-29 00:00:00,162.9,10.76,3.88,8.23,0.58,243.1,2441.4,24.03,注意,差
500KV-1号主变压器,C相,2025-07-30 00:00:00,19.22,6.01,10.49,4.52,0.06,550.0,1892.5,22.0,注意,良好
500KV-2号主变压器,C相,2025-07-30 00:00:00,96.35,5.66,33.98,6.37,1.14,1472.9,1054.1,45.21,注意,良好
500KV-3号主变压器,C相,2025-07-30 00:00:00,224.73,8.64,3.56,9.43,0.31,1185.7,2931.2,21.93,注意,一般
500KV-1号主变压器,C相,2025-07-31 00:00:00,174.4,12.34,15.42,14.98,0.69,1111.4,1813.9,44.43,注意,良好
500KV-2号主变压器,C相,2025-07-31 00:00:00,217.43,14.18,22.44,9.93,0.12,239.0,1450.6,46.58,注意,一般
500KV-3号主变压器,C相,2025-07-31 00:00:00,13.04,6.6,21.79,1.38,0.7,804.4,793.6,30.5,注意,良好
500KV-1号主变压器,C相,2025-08-01 00:00:00,201.41,4.38,11.3,0.98,0.23,1158.5,2725.6,16.45,注意,良好
500KV-2号主变压器,C相,2025-08-01 00:00:00,48.4,10.46,17.0,11.77,0.6,1107.3,3103.5,39.24,注意,良好
500KV-3号主变压器,C相,2025-08-01 00:00:00,126.28,7.94,13.41,15.15,0.41,568.6,1628.5,38.69,注意,良好
500KV-1号主变压器,C相,2025-08-02 00:00:00,42.83,7.5,17.88,18.16,0.46,803.2,1495.3,41.97,注意,一般
500KV-2号主变压器,C相,2025-08-02 00:00:00,132.44,12.76,30.18,8.43,0.74,1039.3,1465.4,51.9,注意,良好
500KV-3号主变压器,C相,2025-08-02 00:00:00,156.34,3.7,12.13,9.13,0.04,884.7,2954.6,24.19,注意,良好
500KV-1号主变压器,C相,2025-08-03 00:00:00,54.53,14.52,23.14,4.42,1.47,1235.2,2487.8,45.49,注意,良好
500KV-2号主变压器,C相,2025-08-03 00:00:00,104.72,7.89,17.92,19.38,0.19,681.5,3467.1,44.91,注意,一般
500KV-3号主变压器,C相,2025-08-03 00:00:00,77.02,9.78,6.99,15.67,0.67,431.6,3271.2,32.3,注意,良好
500KV-1号主变压器,C相,2025-08-04 00:00:00,55.65,13.85,10.57,5.13,0.12,1278.8,2823.6,29.93,注意,良好
500KV-2号主变压器,C相,2025-08-04 00:00:00,64.69,3.56,5.45,5.94,0.9,204.1,2140.5,16.27,注意,差
500KV-3号主变压器,C相,2025-08-04 00:00:00,219.76,9.61,11.12,10.83,0.18,343.9,1783.8,32.88,注意,良好
500KV-1号主变压器,C相,2025-08-05 00:00:00,117.52,4.02,28.63,16.51,0.14,1383.5,1123.2,47.45,注意,良好
500KV-2号主变压器,C相,2025-08-05 00:00:00,225.4,9.73,20.87,6.16,0.43,854.1,2434.8,37.59,注意,良好
500KV-3号主变压器,C相,2025-08-05 00:00:00,242.09,12.25,3.9,10.49,0.16,838.8,3241.5,27.97,注意,良好
500KV-1号主变压器,C相,2025-08-06 00:00:00,196.34,3.76,12.71,13.78,0.09,335.3,2397.3,30.77,注意,良好
500KV-2号主变压器,C相,2025-08-06 00:00:00,188.16,6.62,10.32,3.29,1.46,1250.0,2320.1,22.38,注意,良好
500KV-3号主变压器,C相,2025-08-06 00:00:00,74.13,11.1,18.38,14.86,0.12,234.4,3201.3,45.67,注意,良好
500KV-1号主变压器,C相,2025-08-07 00:00:00,129.71,3.35,18.47,15.24,0.42,216.4,1443.9,35.65,注意,良好
500KV-2号主变压器,C相,2025-08-07 00:00:00,143.73,6.02,19.19,5.09,1.29,665.9,2769.2,32.15,注意,良好
500KV-3号主变压器,C相,2025-08-07 00:00:00,84.96,3.48,19.92,8.27,0.13,528.0,1207.9,33.33,注意,良好
500KV-1号主变压器,C相,2025-08-08 00:00:00,211.23,14.72,5.43,8.01,0.13,1002.1,1798.1,27.42,注意,良好
500KV-2号主变压器,C相,2025-08-08 00:00:00,192.96,3.21,9.11,18.72,0.04,808.7,1809.7,31.56,注意,良好
500KV-3号主变压器,C相,2025-08-08 00:00:00,6.89,11.45,12.97,7.93,1.0,878.0,2568.3,32.59,注意,良好
500KV-1号主变压器,C相,2025-08-09 00:00:00,117.14,14.72,13.13,2.89,0.29,1047.2,2317.6,31.55,注意,良好
500KV-2号主变压器,C相,2025-08-09 00:00:00,167.43,11.94,18.47,0.96,0.25,790.6,1473.5,31.87,注意,一般
500KV-3号主变压器,C相,2025-08-09 00:00:00,16.88,12.8,26.62,17.55,1.35,1059.8,1690.4,57.86,注意,良好
500KV-1号主变压器,C相,2025-08-10 00:00:00,192.41,9.65,21.28,4.92,0.57,994.7,1905.1,37.36,注意,良好
500KV-2号主变压器,C相,2025-08-10 00:00:00,165.57,11.93,13.61,22.0,0.1,473.1,2056.7,46.36,注意,良好
500KV-3号主变压器,C相,2025-08-10 00:00:00,89.95,5.28,19.45,0.31,0.0,857.1,2590.2,25.3,注意,良好
500KV-1号主变压器,C相,2025-08-11 00:00:00,167.36,9.83,18.74,1.73,0.53,1293.2,2401.1,30.91,注意,良好
500KV-2号主变压器,C相,2025-08-11 00:00:00,209.27,5.47,10.56,5.56,0.13,1180.0,1760.6,22.58,注意,差
500KV-3号主变压器,C相,2025-08-11 00:00:00,180.95,9.86,4.91,17.74,0.07,413.2,1392.3,31.11,注意,良好
500KV-1号主变压器,C相,2025-08-12 00:00:00,133.51,10.4,15.48,8.77,0.39,777.0,2655.4,36.74,注意,良好
500KV-2号主变压器,C相,2025-08-12 00:00:00,6.9,13.19,27.4,4.79,0.51,487.5,2145.3,46.59,注意,良好
500KV-3号主变压器,C相,2025-08-12 00:00:00,226.16,14.28,12.44,15.09,0.27,763.0,2445.7,40.54,注意,良好
500KV-1号主变压器,C相,2025-08-13 00:00:00,150.49,3.6,23.55,8.28,0.23,1281.9,2044.0,35.43,注意,良好
500KV-2号主变压器,C相,2025-08-13 00:00:00,51.46,8.36,23.76,13.38,0.2,1082.7,1551.6,45.61,注意,良好
500KV-3号主变压器,C相,2025-08-13 00:00:00,127.3,11.17,2.12,1.13,0.16,1416.6,1505.0,14.77,注意,良好
500KV-1号主变压器,C相,2025-08-14 00:00:00,162.71,5.4,20.35,10.33,0.37,383.6,2161.8,37.08,注意,良好
500KV-2号主变压器,C相,2025-08-14 00:00:00,72.13,14.01,5.78,9.15,0.31,715.4,2835.1,29.66,注意,良好
500KV-3号主变压器,C相,2025-08-14 00:00:00,11.95,13.18,9.57,9.15,0.61,1162.5,1174.7,33.23,注意,良好
500KV-1号主变压器,C相,2025-08-15 00:00:00,89.95,3.46,27.39,8.13,0.85,513.6,752.6,38.63,注意,良好
500KV-2号主变压器,C相,2025-08-15 00:00:00,41.63,3.53,15.0,7.76,1.09,1078.5,2931.8,27.73,注意,良好
500KV-3号主变压器,C相,2025-08-15 00:00:00,218.39,6.37,34.15,12.23,1.03,282.9,1658.8,55.93,注意,良好
500KV-1号主变压器,C相,2025-08-16 00:00:00,181.26,10.64,22.55,2.92,0.06,410.4,3019.9,36.38,注意,差
500KV-2号主变压器,C相,2025-08-16 00:00:00,104.87,10.48,17.31,13.85,0.07,299.6,785.7,40.66,注意,良好
500KV-3号主变压器,C相,2025-08-16 00:00:00,105.22,14.81,5.79,3.27,0.79,316.6,3342.7,25.59,注意,良好
500KV-1号主变压器,C相,2025-08-17 00:00:00,189.98,6.01,18.43,5.74,0.09,1395.0,2058.7,30.75,注意,一般
500KV-2号主变压器,C相,2025-08-17 00:00:00,9.04,7.23,17.04,3.38,0.72,259.6,2175.4,28.69,注意,良好
500KV-3号主变压器,C相,2025-08-17 00:00:00,79.57,15.63,7.93,0.61,0.37,409.4,892.7,24.37,注意,良好
500KV-1号主变压器,C相,2025-08-18 00:00:00,118.96,12.89,3.8,6.96,0.2,1274.6,2761.9,24.3,注意,良好
500KV-2号主变压器,C相,2025-08-18 00:00:00,30.14,6.2,22.89,4.98,1.17,811.9,1001.9,35.95,注意,良好
500KV-3号主变压器,C相,2025-08-18 00:00:00,142.52,3.57,18.85,15.21,0.4,535.9,3532.0,39.74,注意,良好
500KV-1号主变压器,C相,2025-08-19 00:00:00,155.08,2.95,16.15,12.88,0.13,256.4,2824.1,31.61,注意,一般
500KV-2号主变压器,C相,2025-08-19 00:00:00,115.54,6.18,12.02,7.91,0.08,1228.0,2281.1,25.48,注意,良好
500KV-3号主变压器,C相,2025-08-19 00:00:00,166.04,14.59,8.77,4.09,0.49,651.4,2861.1,27.5,注意,良好
500KV-1号主变压器,C相,2025-08-20 00:00:00,109.28,11.33,27.81,8.08,0.07,807.5,1275.1,48.82,注意,良好
500KV-2号主变压器,C相,2025-08-20 00:00:00,90.39,3.31,24.38,7.96,0.19,264.6,2401.0,34.17,注意,良好
500KV-3号主变压器,C相,2025-08-20 00:00:00,204.95,13.69,22.55,3.13,0.45,785.8,1103.6,41.63,注意,良好
500KV-1号主变压器,C相,2025-08-21 00:00:00,69.45,5.44,15.57,7.45,0.37,371.0,3346.5,27.41,注意,良好
500KV-2号主变压器,C相,2025-08-21 00:00:00,181.67,4.73,5.4,1.17,0.55,1167.2,3073.0,11.73,注意,良好
500KV-3号主变压器,C相,2025-08-21 00:00:00,189.73,3.54,1.09,2.84,0.46,254.9,2073.4,7.74,注意,良好
500KV-1号主变压器,C相,2025-08-22 00:00:00,141.06,9.99,4.51,2.53,0.45,1287.4,1684.0,16.97,注意,良好
500KV-2号主变压器,C相,2025-08-22 00:00:00,194.96,14.27,2.47,1.46,0.37,665.1,2935.6,19.03,注意,良好
500KV-3号主变压器,C相,2025-08-22 00:00:00,128.69,7.38,12.82,10.68,0.0,535.6,1753.2,29.75,注意,良好
500KV-1号主变压器,C相,2025-08-23 00:00:00,138.73,5.06,11.0,6.96,0.05,431.3,3364.0,23.18,注意,良好
500KV-2号主变压器,C相,2025-08-23 00:00:00,114.29,12.21,25.38,18.15,1.2,1222.8,2694.2,54.86,注意,一般
500KV-3号主变压器,C相,2025-08-23 00:00:00,62.1,6.98,2.17,2.69,0.24,1055.7,1506.9,12.57,注意,良好
500KV-1号主变压器,C相,2025-08-24 00:00:00,138.17,4.56,15.82,5.75,0.26,695.1,3052.1,26.2,注意,良好
500KV-2号主变压器,C相,2025-08-24 00:00:00,138.72,4.36,29.08,9.47,0.81,360.6,1376.7,45.48,注意,良好
500KV-3号主变压器,C相,2025-08-24 00:00:00,225.76,10.95,21.15,9.51,0.16,1123.2,1125.6,43.11,注意,良好
500KV-1号主变压器,C相,2025-08-25 00:00:00,110.84,9.71,23.08,14.05,0.67,1074.6,922.9,45.49,注意,一般
500KV-2号主变压器,C相,2025-08-25 00:00:00,157.35,8.89,5.85,6.01,1.2,520.2,1947.6,20.94,注意,良好
500KV-3号主变压器,C相,2025-08-25 00:00:00,68.94,5.29,15.61,12.89,0.96,715.4,3295.6,33.69,注意,良好
500KV-1号主变压器,C相,2025-08-26 00:00:00,103.66,12.37,6.76,16.19,0.12,589.4,2745.5,34.51,注意,良好
500KV-2号主变压器,C相,2025-08-26 00:00:00,152.16,12.74,9.04,1.67,0.38,1159.3,907.6,22.8,注意,差
500KV-3号主变压器,C相,2025-08-26 00:00:00,56.67,5.87,28.4,5.01,0.19,1222.7,2241.7,40.98,注意,良好
500KV-1号主变压器,C相,2025-08-27 00:00:00,175.28,11.87,3.48,16.58,0.18,1256.2,1093.3,31.2,注意,良好
500KV-2号主变压器,C相,2025-08-27 00:00:00,197.08,13.34,29.8,2.89,0.49,1201.5,839.7,46.16,注意,良好
500KV-3号主变压器,C相,2025-08-27 00:00:00,119.08,8.19,6.28,13.17,0.23,277.6,1410.7,26.99,注意,一般
500KV-1号主变压器,C相,2025-08-28 00:00:00,81.44,7.71,11.04,11.97,0.33,1335.5,1966.7,30.24,注意,良好
500KV-2号主变压器,C相,2025-08-28 00:00:00,181.68,13.83,26.44,10.55,0.02,1441.3,1809.0,53.23,注意,一般
500KV-3号主变压器,C相,2025-08-28 00:00:00,223.58,7.91,25.38,7.94,0.15,298.5,3090.5,41.3,注意,良好
500KV-1号主变压器,C相,2025-08-29 00:00:00,227.43,4.13,2.78,4.83,0.55,445.3,3411.0,12.67,注意,良好
500KV-2号主变压器,C相,2025-08-29 00:00:00,195.98,4.19,4.54,3.68,0.54,306.5,1970.3,13.13,注意,良好
500KV-3号主变压器,C相,2025-08-29 00:00:00,213.4,5.45,16.58,4.25,0.07,1144.1,3464.2,25.07,注意,一般
