变压器资产ID,产生时间（yyyy-MM-dd HH:mm:ss）,油温点位1（℃）,油温点位2（℃）
500KV-BYQ-001,2024-06-01 00:00:00,47.2,48.7
500KV-BYQ-002,2024-06-01 00:00:00,61.7,62.7
500KV-BYQ-003,2024-06-01 00:00:00,46.7,49.6
500KV-BYQ-001,2024-06-01 01:00:00,54.0,56.3
500KV-BYQ-002,2024-06-01 01:00:00,61.6,64.3
500KV-BYQ-003,2024-06-01 01:00:00,51.0,53.7
500KV-BYQ-001,2024-06-01 02:00:00,58.6,59.9
500KV-BYQ-002,2024-06-01 02:00:00,63.4,64.4
500KV-BYQ-003,2024-06-01 02:00:00,54.6,56.5
500KV-BYQ-001,2024-06-01 03:00:00,64.4,66.9
500KV-BYQ-002,2024-06-01 03:00:00,47.9,49.4
500KV-BYQ-003,2024-06-01 03:00:00,63.8,65.7
500KV-BYQ-001,2024-06-01 04:00:00,61.7,63.2
500KV-BYQ-002,2024-06-01 04:00:00,58.7,60.6
500KV-BYQ-003,2024-06-01 04:00:00,43.2,46.0
500KV-BYQ-001,2024-06-01 05:00:00,46.1,48.9
500KV-BYQ-002,2024-06-01 05:00:00,54.1,56.9
500KV-BYQ-003,2024-06-01 05:00:00,47.8,49.6
500KV-BYQ-001,2024-06-01 06:00:00,51.9,54.7
500KV-BYQ-002,2024-06-01 06:00:00,46.3,47.5
500KV-BYQ-003,2024-06-01 06:00:00,63.6,66.4
500KV-BYQ-001,2024-06-01 07:00:00,51.3,52.4
500KV-BYQ-002,2024-06-01 07:00:00,51.8,54.6
500KV-BYQ-003,2024-06-01 07:00:00,51.5,54.0
500KV-BYQ-001,2024-06-01 08:00:00,49.9,52.5
500KV-BYQ-002,2024-06-01 08:00:00,53.7,55.8
500KV-BYQ-003,2024-06-01 08:00:00,65.8,68.6
500KV-BYQ-001,2024-06-01 09:00:00,70.7,72.8
500KV-BYQ-002,2024-06-01 09:00:00,60.8,61.9
500KV-BYQ-003,2024-06-01 09:00:00,50.3,52.4
500KV-BYQ-001,2024-06-01 10:00:00,51.6,52.9
500KV-BYQ-002,2024-06-01 10:00:00,49.8,52.6
500KV-BYQ-003,2024-06-01 10:00:00,61.6,63.1
500KV-BYQ-001,2024-06-01 11:00:00,52.6,53.7
500KV-BYQ-002,2024-06-01 11:00:00,55.4,57.6
500KV-BYQ-003,2024-06-01 11:00:00,48.7,51.5
500KV-BYQ-001,2024-06-01 12:00:00,57.3,59.8
500KV-BYQ-002,2024-06-01 12:00:00,67.4,68.9
500KV-BYQ-003,2024-06-01 12:00:00,54.6,56.1
500KV-BYQ-001,2024-06-01 13:00:00,46.9,48.4
500KV-BYQ-002,2024-06-01 13:00:00,50.5,53.1
500KV-BYQ-003,2024-06-01 13:00:00,52.0,54.8
500KV-BYQ-001,2024-06-01 14:00:00,71.6,73
500KV-BYQ-002,2024-06-01 14:00:00,49.7,52.2
500KV-BYQ-003,2024-06-01 14:00:00,50.5,52.6
500KV-BYQ-001,2024-06-01 15:00:00,58.1,60.6
500KV-BYQ-002,2024-06-01 15:00:00,66.2,67.7
500KV-BYQ-003,2024-06-01 15:00:00,47.4,49.2
500KV-BYQ-001,2024-06-01 16:00:00,70.8,73
500KV-BYQ-002,2024-06-01 16:00:00,67.1,69.0
500KV-BYQ-003,2024-06-01 16:00:00,49.9,51.2
500KV-BYQ-001,2024-06-01 17:00:00,53.2,56.2
500KV-BYQ-002,2024-06-01 17:00:00,66.3,68.5
500KV-BYQ-003,2024-06-01 17:00:00,47.8,49.2
500KV-BYQ-001,2024-06-01 18:00:00,48.0,49.7
500KV-BYQ-002,2024-06-01 18:00:00,46.4,49.3
500KV-BYQ-003,2024-06-01 18:00:00,46.8,48.4
500KV-BYQ-001,2024-06-01 19:00:00,44.7,47.1
500KV-BYQ-002,2024-06-01 19:00:00,58.2,59.5
500KV-BYQ-003,2024-06-01 19:00:00,68.6,70.6
500KV-BYQ-001,2024-06-01 20:00:00,56.4,58.7
500KV-BYQ-002,2024-06-01 20:00:00,47.7,48.9
500KV-BYQ-003,2024-06-01 20:00:00,64.0,65.9
500KV-BYQ-001,2024-06-01 21:00:00,68.0,70.6
500KV-BYQ-002,2024-06-01 21:00:00,57.8,60.6
500KV-BYQ-003,2024-06-01 21:00:00,55.9,58.5
500KV-BYQ-001,2024-06-01 22:00:00,52.6,54.8
500KV-BYQ-002,2024-06-01 22:00:00,56.5,57.8
500KV-BYQ-003,2024-06-01 22:00:00,51.3,53.8
500KV-BYQ-001,2024-06-01 23:00:00,61.2,62.5
500KV-BYQ-002,2024-06-01 23:00:00,49.3,51.9
500KV-BYQ-003,2024-06-01 23:00:00,52.0,54.2
500KV-BYQ-001,2024-06-02 00:00:00,44.2,45.7
500KV-BYQ-002,2024-06-02 00:00:00,63.3,64.7
500KV-BYQ-003,2024-06-02 00:00:00,66.7,68.8
500KV-BYQ-001,2024-06-02 01:00:00,48.7,50.0
500KV-BYQ-002,2024-06-02 01:00:00,57.8,60.7
500KV-BYQ-003,2024-06-02 01:00:00,55.0,56.0
500KV-BYQ-001,2024-06-02 02:00:00,53.3,54.9
500KV-BYQ-002,2024-06-02 02:00:00,42.8,45.6
500KV-BYQ-003,2024-06-02 02:00:00,49.8,51.1
500KV-BYQ-001,2024-06-02 03:00:00,42.9,44.8
500KV-BYQ-002,2024-06-02 03:00:00,61.4,63.2
500KV-BYQ-003,2024-06-02 03:00:00,62.9,64.1
500KV-BYQ-001,2024-06-02 04:00:00,55.0,57.8
500KV-BYQ-002,2024-06-02 04:00:00,47.0,50.0
500KV-BYQ-003,2024-06-02 04:00:00,47.0,49.8
500KV-BYQ-001,2024-06-02 05:00:00,64.4,65.7
500KV-BYQ-002,2024-06-02 05:00:00,49.8,52.5
500KV-BYQ-003,2024-06-02 05:00:00,48.0,49.5
500KV-BYQ-001,2024-06-02 06:00:00,62.1,63.2
500KV-BYQ-002,2024-06-02 06:00:00,61.9,63.6
500KV-BYQ-003,2024-06-02 06:00:00,57.1,59.1
500KV-BYQ-001,2024-06-02 07:00:00,60.8,63.8
500KV-BYQ-002,2024-06-02 07:00:00,45.2,47.2
500KV-BYQ-003,2024-06-02 07:00:00,63.7,66.6
500KV-BYQ-001,2024-06-02 08:00:00,60.4,62.8
500KV-BYQ-002,2024-06-02 08:00:00,54.8,56.8
500KV-BYQ-003,2024-06-02 08:00:00,71.5,73.0
500KV-BYQ-001,2024-06-02 09:00:00,65.2,66.4
500KV-BYQ-002,2024-06-02 09:00:00,59.7,61.9
500KV-BYQ-003,2024-06-02 09:00:00,69.7,71.1
500KV-BYQ-001,2024-06-02 10:00:00,57.4,59.0
500KV-BYQ-002,2024-06-02 10:00:00,69.8,70.9
500KV-BYQ-003,2024-06-02 10:00:00,48.9,51.6
500KV-BYQ-001,2024-06-02 11:00:00,63.5,66.0
500KV-BYQ-002,2024-06-02 11:00:00,64.0,65.7
500KV-BYQ-003,2024-06-02 11:00:00,53.8,55.3
500KV-BYQ-001,2024-06-02 12:00:00,51.3,54.1
500KV-BYQ-002,2024-06-02 12:00:00,67.0,69.0
500KV-BYQ-003,2024-06-02 12:00:00,52.2,54.7
500KV-BYQ-001,2024-06-02 13:00:00,57.5,60.1
500KV-BYQ-002,2024-06-02 13:00:00,68.8,71.6
500KV-BYQ-003,2024-06-02 13:00:00,54.4,57.1
500KV-BYQ-001,2024-06-02 14:00:00,60.0,61.9
500KV-BYQ-002,2024-06-02 14:00:00,62.7,64.1
500KV-BYQ-003,2024-06-02 14:00:00,61.0,62.8
500KV-BYQ-001,2024-06-02 15:00:00,52.5,54.0
500KV-BYQ-002,2024-06-02 15:00:00,57.0,60.0
500KV-BYQ-003,2024-06-02 15:00:00,68.2,70.8
500KV-BYQ-001,2024-06-02 16:00:00,67.5,68.8
500KV-BYQ-002,2024-06-02 16:00:00,57.5,59.2
500KV-BYQ-003,2024-06-02 16:00:00,58.4,61.3
500KV-BYQ-001,2024-06-02 17:00:00,69.7,71.4
500KV-BYQ-002,2024-06-02 17:00:00,48.2,49.4
500KV-BYQ-003,2024-06-02 17:00:00,70.8,72.7
500KV-BYQ-001,2024-06-02 18:00:00,67.1,69.7
500KV-BYQ-002,2024-06-02 18:00:00,57.1,59.7
500KV-BYQ-003,2024-06-02 18:00:00,56.0,58.6
500KV-BYQ-001,2024-06-02 19:00:00,58.3,60.2
500KV-BYQ-002,2024-06-02 19:00:00,70.5,72.3
500KV-BYQ-003,2024-06-02 19:00:00,58.8,60.9
500KV-BYQ-001,2024-06-02 20:00:00,64.1,65.8
500KV-BYQ-002,2024-06-02 20:00:00,68.6,70.9
500KV-BYQ-003,2024-06-02 20:00:00,52.0,54.5
500KV-BYQ-001,2024-06-02 21:00:00,55.3,57.6
500KV-BYQ-002,2024-06-02 21:00:00,52.3,54.7
500KV-BYQ-003,2024-06-02 21:00:00,46.8,48.0
500KV-BYQ-001,2024-06-02 22:00:00,61.1,63.3
500KV-BYQ-002,2024-06-02 22:00:00,68.6,69.8
500KV-BYQ-003,2024-06-02 22:00:00,56.0,57.8
500KV-BYQ-001,2024-06-02 23:00:00,46.7,47.9
500KV-BYQ-002,2024-06-02 23:00:00,57.8,59.8
500KV-BYQ-003,2024-06-02 23:00:00,55.5,56.7
500KV-BYQ-001,2024-06-03 00:00:00,60.5,62.3
500KV-BYQ-002,2024-06-03 00:00:00,46.2,47.4
500KV-BYQ-003,2024-06-03 00:00:00,48.3,50.1
500KV-BYQ-001,2024-06-03 01:00:00,52.0,54.5
500KV-BYQ-002,2024-06-03 01:00:00,52.4,53.8
500KV-BYQ-003,2024-06-03 01:00:00,48.1,50.7
500KV-BYQ-001,2024-06-03 02:00:00,53.7,55.3
500KV-BYQ-002,2024-06-03 02:00:00,59.6,61.5
500KV-BYQ-003,2024-06-03 02:00:00,56.0,57.9
500KV-BYQ-001,2024-06-03 03:00:00,54.1,56.2
500KV-BYQ-002,2024-06-03 03:00:00,65.5,67.1
500KV-BYQ-003,2024-06-03 03:00:00,51.2,53.9
500KV-BYQ-001,2024-06-03 04:00:00,46.3,48.2
500KV-BYQ-002,2024-06-03 04:00:00,61.8,64.7
500KV-BYQ-003,2024-06-03 04:00:00,65.8,67.8
500KV-BYQ-001,2024-06-03 05:00:00,62.6,63.7
500KV-BYQ-002,2024-06-03 05:00:00,46.9,48.3
500KV-BYQ-003,2024-06-03 05:00:00,46.3,47.8
500KV-BYQ-001,2024-06-03 06:00:00,44.5,46.4
500KV-BYQ-002,2024-06-03 06:00:00,47.9,49.6
500KV-BYQ-003,2024-06-03 06:00:00,65.7,67.0
500KV-BYQ-001,2024-06-03 07:00:00,61.1,62.7
500KV-BYQ-002,2024-06-03 07:00:00,63.5,66.3
500KV-BYQ-003,2024-06-03 07:00:00,65.3,67.0
500KV-BYQ-001,2024-06-03 08:00:00,47.9,49.6
500KV-BYQ-002,2024-06-03 08:00:00,67.0,69.1
500KV-BYQ-003,2024-06-03 08:00:00,59.5,61.0
500KV-BYQ-001,2024-06-03 09:00:00,58.4,59.9
500KV-BYQ-002,2024-06-03 09:00:00,66.7,68.1
500KV-BYQ-003,2024-06-03 09:00:00,59.1,61.3
500KV-BYQ-001,2024-06-03 10:00:00,61.1,62.2
500KV-BYQ-002,2024-06-03 10:00:00,67.5,69.8
500KV-BYQ-003,2024-06-03 10:00:00,52.8,54.8
500KV-BYQ-001,2024-06-03 11:00:00,57.6,58.8
500KV-BYQ-002,2024-06-03 11:00:00,50.9,53.0
500KV-BYQ-003,2024-06-03 11:00:00,57.4,60.0
500KV-BYQ-001,2024-06-03 12:00:00,71.9,73
500KV-BYQ-002,2024-06-03 12:00:00,55.4,56.7
500KV-BYQ-003,2024-06-03 12:00:00,55.0,56.2
500KV-BYQ-001,2024-06-03 13:00:00,55.7,57.7
500KV-BYQ-002,2024-06-03 13:00:00,50.3,51.3
500KV-BYQ-003,2024-06-03 13:00:00,60.1,61.8
500KV-BYQ-001,2024-06-03 14:00:00,51.5,53.1
500KV-BYQ-002,2024-06-03 14:00:00,67.1,69.1
500KV-BYQ-003,2024-06-03 14:00:00,50.0,52.4
500KV-BYQ-001,2024-06-03 15:00:00,66.1,67.1
500KV-BYQ-002,2024-06-03 15:00:00,55.2,57.6
500KV-BYQ-003,2024-06-03 15:00:00,50.1,52.2
500KV-BYQ-001,2024-06-03 16:00:00,59.6,62.3
500KV-BYQ-002,2024-06-03 16:00:00,66.8,67.9
500KV-BYQ-003,2024-06-03 16:00:00,69.7,70.9
500KV-BYQ-001,2024-06-03 17:00:00,52.4,54.9
500KV-BYQ-002,2024-06-03 17:00:00,57.4,59.0
500KV-BYQ-003,2024-06-03 17:00:00,63.7,65.8
500KV-BYQ-001,2024-06-03 18:00:00,62.4,65.3
500KV-BYQ-002,2024-06-03 18:00:00,68.2,71.0
500KV-BYQ-003,2024-06-03 18:00:00,60.6,63.2
500KV-BYQ-001,2024-06-03 19:00:00,64.4,65.6
500KV-BYQ-002,2024-06-03 19:00:00,58.4,61.4
500KV-BYQ-003,2024-06-03 19:00:00,58.5,61.4
500KV-BYQ-001,2024-06-03 20:00:00,61.1,63.2
500KV-BYQ-002,2024-06-03 20:00:00,44.6,47.3
500KV-BYQ-003,2024-06-03 20:00:00,53.4,55.0
500KV-BYQ-001,2024-06-03 21:00:00,49.8,52.1
500KV-BYQ-002,2024-06-03 21:00:00,68.5,70.6
500KV-BYQ-003,2024-06-03 21:00:00,49.8,51.7
500KV-BYQ-001,2024-06-03 22:00:00,59.1,60.2
500KV-BYQ-002,2024-06-03 22:00:00,47.4,48.6
500KV-BYQ-003,2024-06-03 22:00:00,58.8,60.7
500KV-BYQ-001,2024-06-03 23:00:00,45.1,47.6
500KV-BYQ-002,2024-06-03 23:00:00,56.1,57.4
500KV-BYQ-003,2024-06-03 23:00:00,64.5,66.9
500KV-BYQ-001,2024-06-04 00:00:00,50.7,52.7
500KV-BYQ-002,2024-06-04 00:00:00,56.1,57.7
500KV-BYQ-003,2024-06-04 00:00:00,59.4,60.6
500KV-BYQ-001,2024-06-04 01:00:00,65.2,68.1
500KV-BYQ-002,2024-06-04 01:00:00,45.5,48.2
500KV-BYQ-003,2024-06-04 01:00:00,58.7,60.9
500KV-BYQ-001,2024-06-04 02:00:00,52.4,54.8
500KV-BYQ-002,2024-06-04 02:00:00,55.1,56.8
500KV-BYQ-003,2024-06-04 02:00:00,61.6,62.8
500KV-BYQ-001,2024-06-04 03:00:00,47.0,48.4
500KV-BYQ-002,2024-06-04 03:00:00,50.1,51.7
500KV-BYQ-003,2024-06-04 03:00:00,57.2,58.6
500KV-BYQ-001,2024-06-04 04:00:00,58.4,60.4
500KV-BYQ-002,2024-06-04 04:00:00,52.1,54.5
500KV-BYQ-003,2024-06-04 04:00:00,63.6,65.0
500KV-BYQ-001,2024-06-04 05:00:00,50.6,52.0
500KV-BYQ-002,2024-06-04 05:00:00,62.4,64.6
500KV-BYQ-003,2024-06-04 05:00:00,56.1,59.0
500KV-BYQ-001,2024-06-04 06:00:00,57.9,60.3
500KV-BYQ-002,2024-06-04 06:00:00,50.3,51.5
500KV-BYQ-003,2024-06-04 06:00:00,52.3,53.9
500KV-BYQ-001,2024-06-04 07:00:00,48.8,50.0
500KV-BYQ-002,2024-06-04 07:00:00,58.2,59.8
500KV-BYQ-003,2024-06-04 07:00:00,49.9,50.9
500KV-BYQ-001,2024-06-04 08:00:00,66.0,67.5
500KV-BYQ-002,2024-06-04 08:00:00,62.3,64.3
500KV-BYQ-003,2024-06-04 08:00:00,57.1,59.1
500KV-BYQ-001,2024-06-04 09:00:00,58.9,60.5
500KV-BYQ-002,2024-06-04 09:00:00,48.7,50.7
500KV-BYQ-003,2024-06-04 09:00:00,56.8,57.8
500KV-BYQ-001,2024-06-04 10:00:00,70.3,72.7
500KV-BYQ-002,2024-06-04 10:00:00,53.2,55.9
500KV-BYQ-003,2024-06-04 10:00:00,51.3,52.6
500KV-BYQ-001,2024-06-04 11:00:00,64.9,67.4
500KV-BYQ-002,2024-06-04 11:00:00,68.0,69.0
500KV-BYQ-003,2024-06-04 11:00:00,60.5,62.0
500KV-BYQ-001,2024-06-04 12:00:00,68.3,71.2
500KV-BYQ-002,2024-06-04 12:00:00,48.3,49.5
500KV-BYQ-003,2024-06-04 12:00:00,61.2,63.6
500KV-BYQ-001,2024-06-04 13:00:00,51.6,53.2
500KV-BYQ-002,2024-06-04 13:00:00,66.9,68.1
500KV-BYQ-003,2024-06-04 13:00:00,65.2,67.3
500KV-BYQ-001,2024-06-04 14:00:00,66.9,69.3
500KV-BYQ-002,2024-06-04 14:00:00,60.5,61.7
500KV-BYQ-003,2024-06-04 14:00:00,65.8,68.7
500KV-BYQ-001,2024-06-04 15:00:00,62.1,65.1
500KV-BYQ-002,2024-06-04 15:00:00,48.5,51.2
500KV-BYQ-003,2024-06-04 15:00:00,63.8,66.6
500KV-BYQ-001,2024-06-04 16:00:00,49.9,51.0
500KV-BYQ-002,2024-06-04 16:00:00,49.7,52.2
500KV-BYQ-003,2024-06-04 16:00:00,68.9,70.1
500KV-BYQ-001,2024-06-04 17:00:00,52.6,53.8
500KV-BYQ-002,2024-06-04 17:00:00,63.8,64.8
500KV-BYQ-003,2024-06-04 17:00:00,53.0,55.4
500KV-BYQ-001,2024-06-04 18:00:00,61.0,63.0
500KV-BYQ-002,2024-06-04 18:00:00,62.9,64.4
500KV-BYQ-003,2024-06-04 18:00:00,57.3,59.1
500KV-BYQ-001,2024-06-04 19:00:00,54.7,56.7
500KV-BYQ-002,2024-06-04 19:00:00,54.2,56.3
500KV-BYQ-003,2024-06-04 19:00:00,68.2,69.9
500KV-BYQ-001,2024-06-04 20:00:00,52.4,53.5
500KV-BYQ-002,2024-06-04 20:00:00,50.7,53.7
500KV-BYQ-003,2024-06-04 20:00:00,47.4,49.9
500KV-BYQ-001,2024-06-04 21:00:00,46.4,49.2
500KV-BYQ-002,2024-06-04 21:00:00,67.2,69.9
500KV-BYQ-003,2024-06-04 21:00:00,62.5,65.5
500KV-BYQ-001,2024-06-04 22:00:00,51.1,53.0
500KV-BYQ-002,2024-06-04 22:00:00,55.4,56.7
500KV-BYQ-003,2024-06-04 22:00:00,59.2,61.9
500KV-BYQ-001,2024-06-04 23:00:00,66.7,68.9
500KV-BYQ-002,2024-06-04 23:00:00,54.1,55.2
500KV-BYQ-003,2024-06-04 23:00:00,46.6,49.4
500KV-BYQ-001,2024-06-05 00:00:00,64.0,65.6
500KV-BYQ-002,2024-06-05 00:00:00,46.3,49.1
500KV-BYQ-003,2024-06-05 00:00:00,61.9,63.9
500KV-BYQ-001,2024-06-05 01:00:00,52.1,54.3
500KV-BYQ-002,2024-06-05 01:00:00,55.2,56.4
500KV-BYQ-003,2024-06-05 01:00:00,63.1,64.5
500KV-BYQ-001,2024-06-05 02:00:00,52.1,54.6
500KV-BYQ-002,2024-06-05 02:00:00,63.7,65.4
500KV-BYQ-003,2024-06-05 02:00:00,56.6,58.7
500KV-BYQ-001,2024-06-05 03:00:00,63.1,65.4
500KV-BYQ-002,2024-06-05 03:00:00,65.0,67.9
500KV-BYQ-003,2024-06-05 03:00:00,47.8,49.9
500KV-BYQ-001,2024-06-05 04:00:00,48.3,50.3
500KV-BYQ-002,2024-06-05 04:00:00,48.0,50.3
500KV-BYQ-003,2024-06-05 04:00:00,57.8,59.7
500KV-BYQ-001,2024-06-05 05:00:00,63.2,65.5
500KV-BYQ-002,2024-06-05 05:00:00,48.0,50.2
500KV-BYQ-003,2024-06-05 05:00:00,60.2,61.6
500KV-BYQ-001,2024-06-05 06:00:00,64.1,66.1
500KV-BYQ-002,2024-06-05 06:00:00,58.5,60.3
500KV-BYQ-003,2024-06-05 06:00:00,48.7,50.0
500KV-BYQ-001,2024-06-05 07:00:00,60.6,63.6
500KV-BYQ-002,2024-06-05 07:00:00,64.7,67.5
500KV-BYQ-003,2024-06-05 07:00:00,59.2,61.8
500KV-BYQ-001,2024-06-05 08:00:00,47.9,50.1
500KV-BYQ-002,2024-06-05 08:00:00,68.0,69.4
500KV-BYQ-003,2024-06-05 08:00:00,56.5,58.7
500KV-BYQ-001,2024-06-05 09:00:00,63.6,65.9
500KV-BYQ-002,2024-06-05 09:00:00,57.3,60.1
500KV-BYQ-003,2024-06-05 09:00:00,58.0,59.5
500KV-BYQ-001,2024-06-05 10:00:00,48.7,50.8
500KV-BYQ-002,2024-06-05 10:00:00,66.8,68.2
500KV-BYQ-003,2024-06-05 10:00:00,65.4,67.5
500KV-BYQ-001,2024-06-05 11:00:00,47.9,50.8
500KV-BYQ-002,2024-06-05 11:00:00,50.2,51.8
500KV-BYQ-003,2024-06-05 11:00:00,56.0,57.2
500KV-BYQ-001,2024-06-05 12:00:00,60.4,62.4
500KV-BYQ-002,2024-06-05 12:00:00,64.0,66.0
500KV-BYQ-003,2024-06-05 12:00:00,62.0,64.6
500KV-BYQ-001,2024-06-05 13:00:00,59.2,61.9
500KV-BYQ-002,2024-06-05 13:00:00,52.0,54.7
500KV-BYQ-003,2024-06-05 13:00:00,65.5,66.8
500KV-BYQ-001,2024-06-05 14:00:00,50.4,51.5
500KV-BYQ-002,2024-06-05 14:00:00,61.4,62.8
500KV-BYQ-003,2024-06-05 14:00:00,67.4,69.3
500KV-BYQ-001,2024-06-05 15:00:00,67.6,68.8
500KV-BYQ-002,2024-06-05 15:00:00,50.1,52.2
500KV-BYQ-003,2024-06-05 15:00:00,67.9,69.8
500KV-BYQ-001,2024-06-05 16:00:00,57.7,60.5
500KV-BYQ-002,2024-06-05 16:00:00,57.7,59.5
500KV-BYQ-003,2024-06-05 16:00:00,67.1,69.3
500KV-BYQ-001,2024-06-05 17:00:00,57.4,59.7
500KV-BYQ-002,2024-06-05 17:00:00,61.8,64.4
500KV-BYQ-003,2024-06-05 17:00:00,58.3,61.2
500KV-BYQ-001,2024-06-05 18:00:00,63.4,65.5
500KV-BYQ-002,2024-06-05 18:00:00,46.6,48.9
500KV-BYQ-003,2024-06-05 18:00:00,63.9,65.2
500KV-BYQ-001,2024-06-05 19:00:00,56.9,59.2
500KV-BYQ-002,2024-06-05 19:00:00,53.4,55.8
500KV-BYQ-003,2024-06-05 19:00:00,54.5,57.0
500KV-BYQ-001,2024-06-05 20:00:00,54.1,56.6
500KV-BYQ-002,2024-06-05 20:00:00,61.3,62.5
500KV-BYQ-003,2024-06-05 20:00:00,53.5,55.9
500KV-BYQ-001,2024-06-05 21:00:00,64.7,65.9
500KV-BYQ-002,2024-06-05 21:00:00,63.3,65.4
500KV-BYQ-003,2024-06-05 21:00:00,64.7,67.3
500KV-BYQ-001,2024-06-05 22:00:00,67.4,69.1
500KV-BYQ-002,2024-06-05 22:00:00,67.3,69.1
500KV-BYQ-003,2024-06-05 22:00:00,67.8,70.0
500KV-BYQ-001,2024-06-05 23:00:00,66.9,67.9
500KV-BYQ-002,2024-06-05 23:00:00,65.5,66.8
500KV-BYQ-003,2024-06-05 23:00:00,56.5,59.2
500KV-BYQ-001,2024-06-06 00:00:00,47.3,48.6
500KV-BYQ-002,2024-06-06 00:00:00,63.9,65.5
500KV-BYQ-003,2024-06-06 00:00:00,67.1,69.3
500KV-BYQ-001,2024-06-06 01:00:00,65.0,67.2
500KV-BYQ-002,2024-06-06 01:00:00,65.6,67.8
500KV-BYQ-003,2024-06-06 01:00:00,53.8,55.8
500KV-BYQ-001,2024-06-06 02:00:00,65.4,68.1
500KV-BYQ-002,2024-06-06 02:00:00,64.1,66.5
500KV-BYQ-003,2024-06-06 02:00:00,47.5,49.5
500KV-BYQ-001,2024-06-06 03:00:00,50.0,51.3
500KV-BYQ-002,2024-06-06 03:00:00,63.5,65.9
500KV-BYQ-003,2024-06-06 03:00:00,60.4,61.8
500KV-BYQ-001,2024-06-06 04:00:00,45.9,47.3
500KV-BYQ-002,2024-06-06 04:00:00,48.6,50.8
500KV-BYQ-003,2024-06-06 04:00:00,55.4,56.9
500KV-BYQ-001,2024-06-06 05:00:00,50.8,52.8
500KV-BYQ-002,2024-06-06 05:00:00,58.9,60.5
500KV-BYQ-003,2024-06-06 05:00:00,56.1,59.1
500KV-BYQ-001,2024-06-06 06:00:00,51.0,52.8
500KV-BYQ-002,2024-06-06 06:00:00,42.8,44.7
500KV-BYQ-003,2024-06-06 06:00:00,48.0,50.5
500KV-BYQ-001,2024-06-06 07:00:00,46.5,47.9
500KV-BYQ-002,2024-06-06 07:00:00,53.6,55.3
500KV-BYQ-003,2024-06-06 07:00:00,46.4,48.9
500KV-BYQ-001,2024-06-06 08:00:00,70.1,71.6
500KV-BYQ-002,2024-06-06 08:00:00,59.3,61.4
500KV-BYQ-003,2024-06-06 08:00:00,60.6,63.3
500KV-BYQ-001,2024-06-06 09:00:00,55.5,58.3
500KV-BYQ-002,2024-06-06 09:00:00,49.8,51.3
500KV-BYQ-003,2024-06-06 09:00:00,51.0,53.2
500KV-BYQ-001,2024-06-06 10:00:00,62.5,63.7
500KV-BYQ-002,2024-06-06 10:00:00,47.0,50.0
500KV-BYQ-003,2024-06-06 10:00:00,63.8,64.9
500KV-BYQ-001,2024-06-06 11:00:00,47.8,49.3
500KV-BYQ-002,2024-06-06 11:00:00,55.2,57.5
500KV-BYQ-003,2024-06-06 11:00:00,58.6,61.2
500KV-BYQ-001,2024-06-06 12:00:00,69.8,72.6
500KV-BYQ-002,2024-06-06 12:00:00,57.4,59.1
500KV-BYQ-003,2024-06-06 12:00:00,54.4,57.1
500KV-BYQ-001,2024-06-06 13:00:00,69.3,71.4
500KV-BYQ-002,2024-06-06 13:00:00,48.9,50.7
500KV-BYQ-003,2024-06-06 13:00:00,51.3,54.3
500KV-BYQ-001,2024-06-06 14:00:00,71.8,73
500KV-BYQ-002,2024-06-06 14:00:00,55.9,57.1
500KV-BYQ-003,2024-06-06 14:00:00,57.7,59.2
500KV-BYQ-001,2024-06-06 15:00:00,65.2,67.8
500KV-BYQ-002,2024-06-06 15:00:00,53.2,54.2
500KV-BYQ-003,2024-06-06 15:00:00,64.6,67.1
500KV-BYQ-001,2024-06-06 16:00:00,60.5,61.8
500KV-BYQ-002,2024-06-06 16:00:00,52.3,54.2
500KV-BYQ-003,2024-06-06 16:00:00,47.9,50.0
500KV-BYQ-001,2024-06-06 17:00:00,57.7,59.1
500KV-BYQ-002,2024-06-06 17:00:00,67.9,69.2
500KV-BYQ-003,2024-06-06 17:00:00,55.0,57.2
500KV-BYQ-001,2024-06-06 18:00:00,49.8,51.2
500KV-BYQ-002,2024-06-06 18:00:00,56.5,59.5
500KV-BYQ-003,2024-06-06 18:00:00,54.7,55.9
500KV-BYQ-001,2024-06-06 19:00:00,48.5,50.4
500KV-BYQ-002,2024-06-06 19:00:00,54.0,56.5
500KV-BYQ-003,2024-06-06 19:00:00,52.2,54.6
500KV-BYQ-001,2024-06-06 20:00:00,65.7,67.4
500KV-BYQ-002,2024-06-06 20:00:00,69.9,71.4
500KV-BYQ-003,2024-06-06 20:00:00,61.2,63.6
500KV-BYQ-001,2024-06-06 21:00:00,66.9,69.5
500KV-BYQ-002,2024-06-06 21:00:00,56.1,57.4
500KV-BYQ-003,2024-06-06 21:00:00,54.8,57.2
500KV-BYQ-001,2024-06-06 22:00:00,58.5,61.2
500KV-BYQ-002,2024-06-06 22:00:00,58.6,60.8
500KV-BYQ-003,2024-06-06 22:00:00,63.5,65.4
500KV-BYQ-001,2024-06-06 23:00:00,62.1,64.2
500KV-BYQ-002,2024-06-06 23:00:00,60.4,61.4
500KV-BYQ-003,2024-06-06 23:00:00,64.1,66.8
500KV-BYQ-001,2024-06-07 00:00:00,52.3,53.4
500KV-BYQ-002,2024-06-07 00:00:00,56.7,59.3
500KV-BYQ-003,2024-06-07 00:00:00,53.4,56.1
500KV-BYQ-001,2024-06-07 01:00:00,62.0,63.8
500KV-BYQ-002,2024-06-07 01:00:00,54.2,56.7
500KV-BYQ-003,2024-06-07 01:00:00,45.2,46.6
500KV-BYQ-001,2024-06-07 02:00:00,53.8,55.0
500KV-BYQ-002,2024-06-07 02:00:00,46.3,48.6
500KV-BYQ-003,2024-06-07 02:00:00,52.8,54.6
500KV-BYQ-001,2024-06-07 03:00:00,49.8,50.9
500KV-BYQ-002,2024-06-07 03:00:00,44.7,46.6
500KV-BYQ-003,2024-06-07 03:00:00,60.7,62.6
500KV-BYQ-001,2024-06-07 04:00:00,44.6,46.8
500KV-BYQ-002,2024-06-07 04:00:00,43.8,45.4
500KV-BYQ-003,2024-06-07 04:00:00,50.6,52.4
500KV-BYQ-001,2024-06-07 05:00:00,50.4,52.5
500KV-BYQ-002,2024-06-07 05:00:00,55.5,56.9
500KV-BYQ-003,2024-06-07 05:00:00,53.4,56.1
500KV-BYQ-001,2024-06-07 06:00:00,49.4,52.0
500KV-BYQ-002,2024-06-07 06:00:00,54.2,56.8
500KV-BYQ-003,2024-06-07 06:00:00,59.7,61.8
500KV-BYQ-001,2024-06-07 07:00:00,61.0,63.7
500KV-BYQ-002,2024-06-07 07:00:00,43.6,46.0
500KV-BYQ-003,2024-06-07 07:00:00,57.5,60.1
500KV-BYQ-001,2024-06-07 08:00:00,59.4,61.9
500KV-BYQ-002,2024-06-07 08:00:00,55.6,56.8
500KV-BYQ-003,2024-06-07 08:00:00,53.9,55.5
500KV-BYQ-001,2024-06-07 09:00:00,66.0,68.8
500KV-BYQ-002,2024-06-07 09:00:00,58.7,60.4
500KV-BYQ-003,2024-06-07 09:00:00,66.2,68.5
500KV-BYQ-001,2024-06-07 10:00:00,61.5,63.1
500KV-BYQ-002,2024-06-07 10:00:00,72.8,73
500KV-BYQ-003,2024-06-07 10:00:00,68.7,70.9
500KV-BYQ-001,2024-06-07 11:00:00,51.9,54.2
500KV-BYQ-002,2024-06-07 11:00:00,47.0,49.5
500KV-BYQ-003,2024-06-07 11:00:00,59.7,61.9
500KV-BYQ-001,2024-06-07 12:00:00,55.3,56.9
500KV-BYQ-002,2024-06-07 12:00:00,62.3,64.9
500KV-BYQ-003,2024-06-07 12:00:00,63.8,66.4
500KV-BYQ-001,2024-06-07 13:00:00,50.7,53.4
500KV-BYQ-002,2024-06-07 13:00:00,48.4,51.2
500KV-BYQ-003,2024-06-07 13:00:00,57.8,60.1
500KV-BYQ-001,2024-06-07 14:00:00,57.3,59.8
500KV-BYQ-002,2024-06-07 14:00:00,55.7,57.2
500KV-BYQ-003,2024-06-07 14:00:00,50.2,52.5
500KV-BYQ-001,2024-06-07 15:00:00,55.1,56.7
500KV-BYQ-002,2024-06-07 15:00:00,58.7,59.8
500KV-BYQ-003,2024-06-07 15:00:00,51.9,54.4
500KV-BYQ-001,2024-06-07 16:00:00,47.8,49.5
500KV-BYQ-002,2024-06-07 16:00:00,65.9,67.9
500KV-BYQ-003,2024-06-07 16:00:00,59.9,62.8
500KV-BYQ-001,2024-06-07 17:00:00,58.4,60.4
500KV-BYQ-002,2024-06-07 17:00:00,64.6,66.3
500KV-BYQ-003,2024-06-07 17:00:00,67.6,69.0
500KV-BYQ-001,2024-06-07 18:00:00,59.6,62.0
500KV-BYQ-002,2024-06-07 18:00:00,55.0,56.1
500KV-BYQ-003,2024-06-07 18:00:00,48.3,49.3
500KV-BYQ-001,2024-06-07 19:00:00,50.6,52.6
500KV-BYQ-002,2024-06-07 19:00:00,49.6,50.9
500KV-BYQ-003,2024-06-07 19:00:00,51.8,54.3
500KV-BYQ-001,2024-06-07 20:00:00,47.0,48.4
500KV-BYQ-002,2024-06-07 20:00:00,58.4,60.4
500KV-BYQ-003,2024-06-07 20:00:00,55.0,56.4
500KV-BYQ-001,2024-06-07 21:00:00,58.9,60.9
500KV-BYQ-002,2024-06-07 21:00:00,55.3,57.9
500KV-BYQ-003,2024-06-07 21:00:00,50.5,51.8
500KV-BYQ-001,2024-06-07 22:00:00,63.7,66.6
500KV-BYQ-002,2024-06-07 22:00:00,63.4,66.1
500KV-BYQ-003,2024-06-07 22:00:00,47.8,50.1
500KV-BYQ-001,2024-06-07 23:00:00,54.3,56.6
500KV-BYQ-002,2024-06-07 23:00:00,59.4,60.7
500KV-BYQ-003,2024-06-07 23:00:00,64.2,65.3
500KV-BYQ-001,2024-06-08 00:00:00,62.1,64.7
500KV-BYQ-002,2024-06-08 00:00:00,49.1,50.4
500KV-BYQ-003,2024-06-08 00:00:00,61.0,62.1
500KV-BYQ-001,2024-06-08 01:00:00,50.1,52.7
500KV-BYQ-002,2024-06-08 01:00:00,58.9,60.3
500KV-BYQ-003,2024-06-08 01:00:00,44.8,45.9
500KV-BYQ-001,2024-06-08 02:00:00,51.1,53.7
500KV-BYQ-002,2024-06-08 02:00:00,57.8,60.4
500KV-BYQ-003,2024-06-08 02:00:00,50.6,52.6
500KV-BYQ-001,2024-06-08 03:00:00,43.2,46.0
500KV-BYQ-002,2024-06-08 03:00:00,62.3,64.9
500KV-BYQ-003,2024-06-08 03:00:00,48.4,49.6
500KV-BYQ-001,2024-06-08 04:00:00,55.8,58.6
500KV-BYQ-002,2024-06-08 04:00:00,57.3,58.6
500KV-BYQ-003,2024-06-08 04:00:00,48.4,50.4
500KV-BYQ-001,2024-06-08 05:00:00,56.1,58.1
500KV-BYQ-002,2024-06-08 05:00:00,59.3,61.4
500KV-BYQ-003,2024-06-08 05:00:00,47.4,50.1
500KV-BYQ-001,2024-06-08 06:00:00,58.9,61.0
500KV-BYQ-002,2024-06-08 06:00:00,51.2,54.0
500KV-BYQ-003,2024-06-08 06:00:00,57.4,59.2
500KV-BYQ-001,2024-06-08 07:00:00,61.5,64.1
500KV-BYQ-002,2024-06-08 07:00:00,65.1,67.5
500KV-BYQ-003,2024-06-08 07:00:00,48.8,51.0
500KV-BYQ-001,2024-06-08 08:00:00,69.5,72.4
500KV-BYQ-002,2024-06-08 08:00:00,66.3,69.0
500KV-BYQ-003,2024-06-08 08:00:00,68.3,70.1
500KV-BYQ-001,2024-06-08 09:00:00,61.8,63.6
500KV-BYQ-002,2024-06-08 09:00:00,58.8,60.8
500KV-BYQ-003,2024-06-08 09:00:00,52.7,54.6
500KV-BYQ-001,2024-06-08 10:00:00,71.8,73
500KV-BYQ-002,2024-06-08 10:00:00,61.0,62.2
500KV-BYQ-003,2024-06-08 10:00:00,51.9,54.6
500KV-BYQ-001,2024-06-08 11:00:00,49.0,50.1
500KV-BYQ-002,2024-06-08 11:00:00,52.9,54.4
500KV-BYQ-003,2024-06-08 11:00:00,63.8,65.2
500KV-BYQ-001,2024-06-08 12:00:00,56.2,57.7
500KV-BYQ-002,2024-06-08 12:00:00,60.2,62.9
500KV-BYQ-003,2024-06-08 12:00:00,63.6,65.1
500KV-BYQ-001,2024-06-08 13:00:00,72.2,73
500KV-BYQ-002,2024-06-08 13:00:00,68.8,70.4
500KV-BYQ-003,2024-06-08 13:00:00,50.5,53.4
500KV-BYQ-001,2024-06-08 14:00:00,56.6,58.5
500KV-BYQ-002,2024-06-08 14:00:00,68.4,69.9
500KV-BYQ-003,2024-06-08 14:00:00,53.8,55.5
500KV-BYQ-001,2024-06-08 15:00:00,54.4,57.1
500KV-BYQ-002,2024-06-08 15:00:00,68.7,69.9
500KV-BYQ-003,2024-06-08 15:00:00,49.5,51.9
500KV-BYQ-001,2024-06-08 16:00:00,60.3,61.7
500KV-BYQ-002,2024-06-08 16:00:00,57.4,59.5
500KV-BYQ-003,2024-06-08 16:00:00,68.5,69.8
500KV-BYQ-001,2024-06-08 17:00:00,51.1,53.8
500KV-BYQ-002,2024-06-08 17:00:00,58.3,60.1
500KV-BYQ-003,2024-06-08 17:00:00,62.5,64.7
500KV-BYQ-001,2024-06-08 18:00:00,65.5,67.7
500KV-BYQ-002,2024-06-08 18:00:00,61.3,62.9
500KV-BYQ-003,2024-06-08 18:00:00,52.7,55.0
500KV-BYQ-001,2024-06-08 19:00:00,60.2,62.1
500KV-BYQ-002,2024-06-08 19:00:00,49.4,51.6
500KV-BYQ-003,2024-06-08 19:00:00,48.9,51.6
500KV-BYQ-001,2024-06-08 20:00:00,62.4,64.7
500KV-BYQ-002,2024-06-08 20:00:00,65.7,67.9
500KV-BYQ-003,2024-06-08 20:00:00,60.5,62.4
500KV-BYQ-001,2024-06-08 21:00:00,45.3,47.9
500KV-BYQ-002,2024-06-08 21:00:00,61.4,63.7
500KV-BYQ-003,2024-06-08 21:00:00,60.3,61.5
500KV-BYQ-001,2024-06-08 22:00:00,45.1,47.5
500KV-BYQ-002,2024-06-08 22:00:00,53.4,55.3
500KV-BYQ-003,2024-06-08 22:00:00,64.0,67.0
500KV-BYQ-001,2024-06-08 23:00:00,66.3,68.2
500KV-BYQ-002,2024-06-08 23:00:00,65.5,67.5
500KV-BYQ-003,2024-06-08 23:00:00,54.2,55.7
500KV-BYQ-001,2024-06-09 00:00:00,55.4,56.8
500KV-BYQ-002,2024-06-09 00:00:00,56.8,59.8
500KV-BYQ-003,2024-06-09 00:00:00,58.5,60.4
500KV-BYQ-001,2024-06-09 01:00:00,63.8,65.7
500KV-BYQ-002,2024-06-09 01:00:00,53.4,56.3
500KV-BYQ-003,2024-06-09 01:00:00,59.1,62.1
500KV-BYQ-001,2024-06-09 02:00:00,53.2,55.3
500KV-BYQ-002,2024-06-09 02:00:00,54.6,56.5
500KV-BYQ-003,2024-06-09 02:00:00,59.2,61.5
500KV-BYQ-001,2024-06-09 03:00:00,44.6,46.0
500KV-BYQ-002,2024-06-09 03:00:00,58.6,61.5
500KV-BYQ-003,2024-06-09 03:00:00,61.1,63.8
500KV-BYQ-001,2024-06-09 04:00:00,61.0,63.4
500KV-BYQ-002,2024-06-09 04:00:00,53.8,56.3
500KV-BYQ-003,2024-06-09 04:00:00,62.4,65.4
500KV-BYQ-001,2024-06-09 05:00:00,48.6,50.4
500KV-BYQ-002,2024-06-09 05:00:00,52.0,53.2
500KV-BYQ-003,2024-06-09 05:00:00,61.1,62.6
500KV-BYQ-001,2024-06-09 06:00:00,47.8,50.6
500KV-BYQ-002,2024-06-09 06:00:00,59.7,62.6
500KV-BYQ-003,2024-06-09 06:00:00,65.8,67.8
500KV-BYQ-001,2024-06-09 07:00:00,43.9,46.1
500KV-BYQ-002,2024-06-09 07:00:00,45.4,48.2
500KV-BYQ-003,2024-06-09 07:00:00,43.5,45.4
500KV-BYQ-001,2024-06-09 08:00:00,63.1,65.3
500KV-BYQ-002,2024-06-09 08:00:00,50.0,52.7
500KV-BYQ-003,2024-06-09 08:00:00,52.6,53.7
500KV-BYQ-001,2024-06-09 09:00:00,66.3,68.8
500KV-BYQ-002,2024-06-09 09:00:00,63.3,66.1
500KV-BYQ-003,2024-06-09 09:00:00,51.5,53.5
500KV-BYQ-001,2024-06-09 10:00:00,65.7,67.6
500KV-BYQ-002,2024-06-09 10:00:00,46.3,48.2
500KV-BYQ-003,2024-06-09 10:00:00,58.4,60.4
500KV-BYQ-001,2024-06-09 11:00:00,53.1,55.0
500KV-BYQ-002,2024-06-09 11:00:00,47.8,49.2
500KV-BYQ-003,2024-06-09 11:00:00,58.7,61.6
500KV-BYQ-001,2024-06-09 12:00:00,53.1,54.5
500KV-BYQ-002,2024-06-09 12:00:00,50.1,51.5
500KV-BYQ-003,2024-06-09 12:00:00,57.4,59.1
500KV-BYQ-001,2024-06-09 13:00:00,61.6,63.4
500KV-BYQ-002,2024-06-09 13:00:00,50.3,52.4
500KV-BYQ-003,2024-06-09 13:00:00,67.7,69.5
500KV-BYQ-001,2024-06-09 14:00:00,58.1,59.1
500KV-BYQ-002,2024-06-09 14:00:00,63.3,65.7
500KV-BYQ-003,2024-06-09 14:00:00,48.9,50.3
500KV-BYQ-001,2024-06-09 15:00:00,59.0,60.6
500KV-BYQ-002,2024-06-09 15:00:00,62.3,64.9
500KV-BYQ-003,2024-06-09 15:00:00,65.0,66.7
500KV-BYQ-001,2024-06-09 16:00:00,52.3,54.5
500KV-BYQ-002,2024-06-09 16:00:00,72.4,73
500KV-BYQ-003,2024-06-09 16:00:00,60.0,62.1
500KV-BYQ-001,2024-06-09 17:00:00,49.0,51.4
500KV-BYQ-002,2024-06-09 17:00:00,72.0,73
500KV-BYQ-003,2024-06-09 17:00:00,51.2,53.4
500KV-BYQ-001,2024-06-09 18:00:00,47.4,49.3
500KV-BYQ-002,2024-06-09 18:00:00,53.7,54.9
500KV-BYQ-003,2024-06-09 18:00:00,54.3,56.0
500KV-BYQ-001,2024-06-09 19:00:00,47.3,48.3
500KV-BYQ-002,2024-06-09 19:00:00,61.2,62.9
500KV-BYQ-003,2024-06-09 19:00:00,61.0,62.3
500KV-BYQ-001,2024-06-09 20:00:00,63.6,65.8
500KV-BYQ-002,2024-06-09 20:00:00,48.4,50.3
500KV-BYQ-003,2024-06-09 20:00:00,47.2,48.6
500KV-BYQ-001,2024-06-09 21:00:00,61.3,62.7
500KV-BYQ-002,2024-06-09 21:00:00,49.4,52.0
500KV-BYQ-003,2024-06-09 21:00:00,63.5,64.8
500KV-BYQ-001,2024-06-09 22:00:00,68.5,71.0
500KV-BYQ-002,2024-06-09 22:00:00,67.8,70.0
500KV-BYQ-003,2024-06-09 22:00:00,56.5,59.1
500KV-BYQ-001,2024-06-09 23:00:00,55.5,57.0
500KV-BYQ-002,2024-06-09 23:00:00,63.3,65.2
500KV-BYQ-003,2024-06-09 23:00:00,50.8,53.0
500KV-BYQ-001,2024-06-10 00:00:00,66.7,68.9
500KV-BYQ-002,2024-06-10 00:00:00,46.5,48.0
500KV-BYQ-003,2024-06-10 00:00:00,58.7,61.3
500KV-BYQ-001,2024-06-10 01:00:00,51.2,52.4
500KV-BYQ-002,2024-06-10 01:00:00,64.1,66.7
500KV-BYQ-003,2024-06-10 01:00:00,67.1,68.3
500KV-BYQ-001,2024-06-10 02:00:00,58.0,59.0
500KV-BYQ-002,2024-06-10 02:00:00,59.4,60.7
500KV-BYQ-003,2024-06-10 02:00:00,49.0,50.4
500KV-BYQ-001,2024-06-10 03:00:00,61.3,62.5
500KV-BYQ-002,2024-06-10 03:00:00,48.8,51.4
500KV-BYQ-003,2024-06-10 03:00:00,52.6,54.2
500KV-BYQ-001,2024-06-10 04:00:00,47.0,49.4
500KV-BYQ-002,2024-06-10 04:00:00,48.2,49.9
500KV-BYQ-003,2024-06-10 04:00:00,61.3,63.6
500KV-BYQ-001,2024-06-10 05:00:00,55.9,58.0
500KV-BYQ-002,2024-06-10 05:00:00,64.4,66.1
500KV-BYQ-003,2024-06-10 05:00:00,56.4,58.8
500KV-BYQ-001,2024-06-10 06:00:00,48.4,51.0
500KV-BYQ-002,2024-06-10 06:00:00,58.6,59.7
500KV-BYQ-003,2024-06-10 06:00:00,58.3,60.1
500KV-BYQ-001,2024-06-10 07:00:00,54.9,57.3
500KV-BYQ-002,2024-06-10 07:00:00,61.6,63.8
500KV-BYQ-003,2024-06-10 07:00:00,52.2,54.2
500KV-BYQ-001,2024-06-10 08:00:00,66.3,69.1
500KV-BYQ-002,2024-06-10 08:00:00,70.1,72.6
500KV-BYQ-003,2024-06-10 08:00:00,50.1,52.1
500KV-BYQ-001,2024-06-10 09:00:00,72.3,73
500KV-BYQ-002,2024-06-10 09:00:00,62.4,63.4
500KV-BYQ-003,2024-06-10 09:00:00,51.7,53.0
500KV-BYQ-001,2024-06-10 10:00:00,61.3,64.1
500KV-BYQ-002,2024-06-10 10:00:00,55.7,57.6
500KV-BYQ-003,2024-06-10 10:00:00,69.5,71.7
500KV-BYQ-001,2024-06-10 11:00:00,61.0,62.0
500KV-BYQ-002,2024-06-10 11:00:00,67.7,69.7
500KV-BYQ-003,2024-06-10 11:00:00,61.3,62.8
500KV-BYQ-001,2024-06-10 12:00:00,48.7,50.3
500KV-BYQ-002,2024-06-10 12:00:00,65.9,67.8
500KV-BYQ-003,2024-06-10 12:00:00,56.6,59.4
500KV-BYQ-001,2024-06-10 13:00:00,68.5,71.0
500KV-BYQ-002,2024-06-10 13:00:00,60.2,62.0
500KV-BYQ-003,2024-06-10 13:00:00,66.3,68.5
500KV-BYQ-001,2024-06-10 14:00:00,60.0,61.8
500KV-BYQ-002,2024-06-10 14:00:00,64.3,65.9
500KV-BYQ-003,2024-06-10 14:00:00,49.7,52.3
500KV-BYQ-001,2024-06-10 15:00:00,66.6,69.5
500KV-BYQ-002,2024-06-10 15:00:00,54.4,56.4
500KV-BYQ-003,2024-06-10 15:00:00,47.4,50.4
500KV-BYQ-001,2024-06-10 16:00:00,68.5,71.1
500KV-BYQ-002,2024-06-10 16:00:00,66.0,68.0
500KV-BYQ-003,2024-06-10 16:00:00,70.6,72.9
500KV-BYQ-001,2024-06-10 17:00:00,71.4,73
500KV-BYQ-002,2024-06-10 17:00:00,62.0,64.9
500KV-BYQ-003,2024-06-10 17:00:00,53.2,55.4
500KV-BYQ-001,2024-06-10 18:00:00,65.6,66.8
500KV-BYQ-002,2024-06-10 18:00:00,66.9,68.5
500KV-BYQ-003,2024-06-10 18:00:00,55.7,56.9
500KV-BYQ-001,2024-06-10 19:00:00,61.3,62.7
500KV-BYQ-002,2024-06-10 19:00:00,57.8,60.1
500KV-BYQ-003,2024-06-10 19:00:00,54.7,57.6
500KV-BYQ-001,2024-06-10 20:00:00,66.1,67.9
500KV-BYQ-002,2024-06-10 20:00:00,65.8,67.7
500KV-BYQ-003,2024-06-10 20:00:00,49.4,50.8
500KV-BYQ-001,2024-06-10 21:00:00,54.2,56.4
500KV-BYQ-002,2024-06-10 21:00:00,47.6,50.0
500KV-BYQ-003,2024-06-10 21:00:00,53.0,55.9
500KV-BYQ-001,2024-06-10 22:00:00,61.7,64.5
500KV-BYQ-002,2024-06-10 22:00:00,65.3,66.9
500KV-BYQ-003,2024-06-10 22:00:00,54.6,56.4
500KV-BYQ-001,2024-06-10 23:00:00,55.1,57.8
500KV-BYQ-002,2024-06-10 23:00:00,66.5,68.7
500KV-BYQ-003,2024-06-10 23:00:00,44.9,47.2
500KV-BYQ-001,2024-06-11 00:00:00,63.1,64.6
500KV-BYQ-002,2024-06-11 00:00:00,47.8,49.0
500KV-BYQ-003,2024-06-11 00:00:00,61.0,62.4
500KV-BYQ-001,2024-06-11 01:00:00,52.6,54.2
500KV-BYQ-002,2024-06-11 01:00:00,57.5,59.7
500KV-BYQ-003,2024-06-11 01:00:00,57.9,60.4
500KV-BYQ-001,2024-06-11 02:00:00,53.8,55.4
500KV-BYQ-002,2024-06-11 02:00:00,63.4,65.4
500KV-BYQ-003,2024-06-11 02:00:00,58.7,60.8
500KV-BYQ-001,2024-06-11 03:00:00,62.8,65.5
500KV-BYQ-002,2024-06-11 03:00:00,54.4,56.0
500KV-BYQ-003,2024-06-11 03:00:00,55.3,56.6
500KV-BYQ-001,2024-06-11 04:00:00,63.2,65.8
500KV-BYQ-002,2024-06-11 04:00:00,54.7,57.6
500KV-BYQ-003,2024-06-11 04:00:00,62.5,63.9
500KV-BYQ-001,2024-06-11 05:00:00,55.1,57.3
500KV-BYQ-002,2024-06-11 05:00:00,53.6,54.9
500KV-BYQ-003,2024-06-11 05:00:00,47.8,50.0
500KV-BYQ-001,2024-06-11 06:00:00,46.9,48.0
500KV-BYQ-002,2024-06-11 06:00:00,44.7,46.6
500KV-BYQ-003,2024-06-11 06:00:00,57.6,60.4
500KV-BYQ-001,2024-06-11 07:00:00,54.7,56.3
500KV-BYQ-002,2024-06-11 07:00:00,55.7,57.7
500KV-BYQ-003,2024-06-11 07:00:00,46.5,48.8
500KV-BYQ-001,2024-06-11 08:00:00,49.1,50.5
500KV-BYQ-002,2024-06-11 08:00:00,66.0,68.1
500KV-BYQ-003,2024-06-11 08:00:00,57.5,60.1
500KV-BYQ-001,2024-06-11 09:00:00,50.4,53.2
500KV-BYQ-002,2024-06-11 09:00:00,69.9,71.5
500KV-BYQ-003,2024-06-11 09:00:00,59.9,62.7
500KV-BYQ-001,2024-06-11 10:00:00,59.6,60.9
500KV-BYQ-002,2024-06-11 10:00:00,50.8,53.7
500KV-BYQ-003,2024-06-11 10:00:00,62.8,64.1
500KV-BYQ-001,2024-06-11 11:00:00,52.9,55.1
500KV-BYQ-002,2024-06-11 11:00:00,60.9,62.0
500KV-BYQ-003,2024-06-11 11:00:00,52.2,54.8
500KV-BYQ-001,2024-06-11 12:00:00,69.3,70.6
500KV-BYQ-002,2024-06-11 12:00:00,51.0,52.1
500KV-BYQ-003,2024-06-11 12:00:00,52.7,55.1
500KV-BYQ-001,2024-06-11 13:00:00,50.7,52.8
500KV-BYQ-002,2024-06-11 13:00:00,58.7,61.2
500KV-BYQ-003,2024-06-11 13:00:00,55.2,57.0
500KV-BYQ-001,2024-06-11 14:00:00,66.5,67.7
500KV-BYQ-002,2024-06-11 14:00:00,55.5,56.7
500KV-BYQ-003,2024-06-11 14:00:00,52.9,55.3
500KV-BYQ-001,2024-06-11 15:00:00,65.1,66.3
500KV-BYQ-002,2024-06-11 15:00:00,55.7,58.7
500KV-BYQ-003,2024-06-11 15:00:00,49.8,52.6
500KV-BYQ-001,2024-06-11 16:00:00,53.7,55.5
500KV-BYQ-002,2024-06-11 16:00:00,61.5,64.1
500KV-BYQ-003,2024-06-11 16:00:00,70.7,73
500KV-BYQ-001,2024-06-11 17:00:00,52.1,55.0
500KV-BYQ-002,2024-06-11 17:00:00,52.8,54.9
500KV-BYQ-003,2024-06-11 17:00:00,61.1,62.5
500KV-BYQ-001,2024-06-11 18:00:00,56.0,58.5
500KV-BYQ-002,2024-06-11 18:00:00,46.7,48.9
500KV-BYQ-003,2024-06-11 18:00:00,62.4,64.8
500KV-BYQ-001,2024-06-11 19:00:00,49.2,50.7
500KV-BYQ-002,2024-06-11 19:00:00,46.0,47.0
500KV-BYQ-003,2024-06-11 19:00:00,48.9,50.3
500KV-BYQ-001,2024-06-11 20:00:00,55.4,58.3
500KV-BYQ-002,2024-06-11 20:00:00,61.6,63.5
500KV-BYQ-003,2024-06-11 20:00:00,52.5,53.7
500KV-BYQ-001,2024-06-11 21:00:00,63.0,64.2
500KV-BYQ-002,2024-06-11 21:00:00,70.0,72.4
500KV-BYQ-003,2024-06-11 21:00:00,58.3,60.9
500KV-BYQ-001,2024-06-11 22:00:00,48.8,50.1
500KV-BYQ-002,2024-06-11 22:00:00,66.5,67.5
500KV-BYQ-003,2024-06-11 22:00:00,64.0,65.7
500KV-BYQ-001,2024-06-11 23:00:00,63.8,65.4
500KV-BYQ-002,2024-06-11 23:00:00,63.2,66.1
500KV-BYQ-003,2024-06-11 23:00:00,45.8,47.9
500KV-BYQ-001,2024-06-12 00:00:00,50.3,52.8
500KV-BYQ-002,2024-06-12 00:00:00,43.1,45.5
500KV-BYQ-003,2024-06-12 00:00:00,63.3,66.2
500KV-BYQ-001,2024-06-12 01:00:00,58.0,59.2
500KV-BYQ-002,2024-06-12 01:00:00,45.5,46.9
500KV-BYQ-003,2024-06-12 01:00:00,56.1,58.6
500KV-BYQ-001,2024-06-12 02:00:00,51.9,53.5
500KV-BYQ-002,2024-06-12 02:00:00,56.5,58.5
500KV-BYQ-003,2024-06-12 02:00:00,45.9,47.6
500KV-BYQ-001,2024-06-12 03:00:00,49.7,52.3
500KV-BYQ-002,2024-06-12 03:00:00,54.3,57.3
500KV-BYQ-003,2024-06-12 03:00:00,61.7,64.0
500KV-BYQ-001,2024-06-12 04:00:00,58.0,60.2
500KV-BYQ-002,2024-06-12 04:00:00,50.8,52.6
500KV-BYQ-003,2024-06-12 04:00:00,45.1,47.6
500KV-BYQ-001,2024-06-12 05:00:00,59.3,61.2
500KV-BYQ-002,2024-06-12 05:00:00,57.9,60.0
500KV-BYQ-003,2024-06-12 05:00:00,62.2,64.2
500KV-BYQ-001,2024-06-12 06:00:00,61.5,63.7
500KV-BYQ-002,2024-06-12 06:00:00,52.0,53.2
500KV-BYQ-003,2024-06-12 06:00:00,43.9,45.9
500KV-BYQ-001,2024-06-12 07:00:00,60.7,63.1
500KV-BYQ-002,2024-06-12 07:00:00,46.6,47.9
500KV-BYQ-003,2024-06-12 07:00:00,59.6,62.5
500KV-BYQ-001,2024-06-12 08:00:00,46.9,48.9
500KV-BYQ-002,2024-06-12 08:00:00,71.4,72.7
500KV-BYQ-003,2024-06-12 08:00:00,49.4,51.9
500KV-BYQ-001,2024-06-12 09:00:00,57.7,59.9
500KV-BYQ-002,2024-06-12 09:00:00,50.0,52.3
500KV-BYQ-003,2024-06-12 09:00:00,46.8,47.9
500KV-BYQ-001,2024-06-12 10:00:00,53.0,54.1
500KV-BYQ-002,2024-06-12 10:00:00,49.2,50.9
500KV-BYQ-003,2024-06-12 10:00:00,63.9,66.1
500KV-BYQ-001,2024-06-12 11:00:00,61.5,63.3
500KV-BYQ-002,2024-06-12 11:00:00,52.8,55.2
500KV-BYQ-003,2024-06-12 11:00:00,67.2,69.4
500KV-BYQ-001,2024-06-12 12:00:00,48.9,50.0
500KV-BYQ-002,2024-06-12 12:00:00,67.7,69.1
500KV-BYQ-003,2024-06-12 12:00:00,66.0,68.2
500KV-BYQ-001,2024-06-12 13:00:00,48.8,50.9
500KV-BYQ-002,2024-06-12 13:00:00,48.0,49.6
500KV-BYQ-003,2024-06-12 13:00:00,49.6,51.4
500KV-BYQ-001,2024-06-12 14:00:00,50.5,53.2
500KV-BYQ-002,2024-06-12 14:00:00,53.1,55.7
500KV-BYQ-003,2024-06-12 14:00:00,70.2,72.1
500KV-BYQ-001,2024-06-12 15:00:00,50.5,53.4
500KV-BYQ-002,2024-06-12 15:00:00,65.0,67.4
500KV-BYQ-003,2024-06-12 15:00:00,48.0,50.3
500KV-BYQ-001,2024-06-12 16:00:00,51.8,53.0
500KV-BYQ-002,2024-06-12 16:00:00,62.5,64.7
500KV-BYQ-003,2024-06-12 16:00:00,53.6,55.8
500KV-BYQ-001,2024-06-12 17:00:00,47.4,49.4
500KV-BYQ-002,2024-06-12 17:00:00,71.3,73
500KV-BYQ-003,2024-06-12 17:00:00,51.8,54.6
500KV-BYQ-001,2024-06-12 18:00:00,60.1,62.0
500KV-BYQ-002,2024-06-12 18:00:00,52.9,55.2
500KV-BYQ-003,2024-06-12 18:00:00,50.5,53.1
500KV-BYQ-001,2024-06-12 19:00:00,65.9,67.9
500KV-BYQ-002,2024-06-12 19:00:00,52.8,55.5
500KV-BYQ-003,2024-06-12 19:00:00,68.2,70.1
500KV-BYQ-001,2024-06-12 20:00:00,51.7,53.5
500KV-BYQ-002,2024-06-12 20:00:00,65.3,68.0
500KV-BYQ-003,2024-06-12 20:00:00,56.3,58.7
500KV-BYQ-001,2024-06-12 21:00:00,59.1,60.9
500KV-BYQ-002,2024-06-12 21:00:00,53.4,55.0
500KV-BYQ-003,2024-06-12 21:00:00,59.2,62.1
500KV-BYQ-001,2024-06-12 22:00:00,70.5,73
500KV-BYQ-002,2024-06-12 22:00:00,62.3,64.6
500KV-BYQ-003,2024-06-12 22:00:00,65.1,66.8
500KV-BYQ-001,2024-06-12 23:00:00,47.6,49.5
500KV-BYQ-002,2024-06-12 23:00:00,61.4,64.0
500KV-BYQ-003,2024-06-12 23:00:00,45.4,48.3
500KV-BYQ-001,2024-06-13 00:00:00,52.8,55.5
500KV-BYQ-002,2024-06-13 00:00:00,53.1,55.4
500KV-BYQ-003,2024-06-13 00:00:00,61.6,62.8
500KV-BYQ-001,2024-06-13 01:00:00,49.2,50.9
500KV-BYQ-002,2024-06-13 01:00:00,50.6,52.2
500KV-BYQ-003,2024-06-13 01:00:00,54.8,57.5
500KV-BYQ-001,2024-06-13 02:00:00,53.4,55.1
500KV-BYQ-002,2024-06-13 02:00:00,42.1,45.0
500KV-BYQ-003,2024-06-13 02:00:00,57.8,60.7
500KV-BYQ-001,2024-06-13 03:00:00,63.0,65.1
500KV-BYQ-002,2024-06-13 03:00:00,55.8,57.9
500KV-BYQ-003,2024-06-13 03:00:00,50.1,52.0
500KV-BYQ-001,2024-06-13 04:00:00,62.4,64.9
500KV-BYQ-002,2024-06-13 04:00:00,48.3,50.2
500KV-BYQ-003,2024-06-13 04:00:00,43.1,44.3
500KV-BYQ-001,2024-06-13 05:00:00,46.2,48.6
500KV-BYQ-002,2024-06-13 05:00:00,51.7,53.1
500KV-BYQ-003,2024-06-13 05:00:00,45.2,48.1
500KV-BYQ-001,2024-06-13 06:00:00,56.3,58.2
500KV-BYQ-002,2024-06-13 06:00:00,58.9,61.6
500KV-BYQ-003,2024-06-13 06:00:00,43.0,45.4
500KV-BYQ-001,2024-06-13 07:00:00,62.1,64.9
500KV-BYQ-002,2024-06-13 07:00:00,63.2,65.1
500KV-BYQ-003,2024-06-13 07:00:00,58.7,60.4
500KV-BYQ-001,2024-06-13 08:00:00,55.2,57.4
500KV-BYQ-002,2024-06-13 08:00:00,58.7,61.1
500KV-BYQ-003,2024-06-13 08:00:00,67.3,68.4
500KV-BYQ-001,2024-06-13 09:00:00,65.6,67.7
500KV-BYQ-002,2024-06-13 09:00:00,59.6,61.4
500KV-BYQ-003,2024-06-13 09:00:00,72.8,73
500KV-BYQ-001,2024-06-13 10:00:00,60.5,62.1
500KV-BYQ-002,2024-06-13 10:00:00,56.6,58.0
500KV-BYQ-003,2024-06-13 10:00:00,62.0,63.0
500KV-BYQ-001,2024-06-13 11:00:00,53.5,54.8
500KV-BYQ-002,2024-06-13 11:00:00,59.6,61.8
500KV-BYQ-003,2024-06-13 11:00:00,65.7,66.8
500KV-BYQ-001,2024-06-13 12:00:00,63.5,65.7
500KV-BYQ-002,2024-06-13 12:00:00,52.8,54.9
500KV-BYQ-003,2024-06-13 12:00:00,62.8,64.8
500KV-BYQ-001,2024-06-13 13:00:00,53.6,56.6
500KV-BYQ-002,2024-06-13 13:00:00,67.7,70.3
500KV-BYQ-003,2024-06-13 13:00:00,62.1,64.1
500KV-BYQ-001,2024-06-13 14:00:00,51.5,52.7
500KV-BYQ-002,2024-06-13 14:00:00,59.5,61.3
500KV-BYQ-003,2024-06-13 14:00:00,47.9,49.2
500KV-BYQ-001,2024-06-13 15:00:00,57.0,59.0
500KV-BYQ-002,2024-06-13 15:00:00,64.2,65.3
500KV-BYQ-003,2024-06-13 15:00:00,57.5,59.9
500KV-BYQ-001,2024-06-13 16:00:00,67.6,69.4
500KV-BYQ-002,2024-06-13 16:00:00,69.6,72.0
500KV-BYQ-003,2024-06-13 16:00:00,47.9,50.2
500KV-BYQ-001,2024-06-13 17:00:00,48.0,49.8
500KV-BYQ-002,2024-06-13 17:00:00,50.9,53.4
500KV-BYQ-003,2024-06-13 17:00:00,50.9,52.6
500KV-BYQ-001,2024-06-13 18:00:00,47.7,49.2
500KV-BYQ-002,2024-06-13 18:00:00,60.7,62.3
500KV-BYQ-003,2024-06-13 18:00:00,54.3,56.8
500KV-BYQ-001,2024-06-13 19:00:00,53.3,55.8
500KV-BYQ-002,2024-06-13 19:00:00,58.3,60.5
500KV-BYQ-003,2024-06-13 19:00:00,56.3,59.2
500KV-BYQ-001,2024-06-13 20:00:00,49.2,50.9
500KV-BYQ-002,2024-06-13 20:00:00,69.5,71.3
500KV-BYQ-003,2024-06-13 20:00:00,64.1,66.5
500KV-BYQ-001,2024-06-13 21:00:00,53.7,55.2
500KV-BYQ-002,2024-06-13 21:00:00,65.5,67.4
500KV-BYQ-003,2024-06-13 21:00:00,68.9,71.6
500KV-BYQ-001,2024-06-13 22:00:00,49.1,51.1
500KV-BYQ-002,2024-06-13 22:00:00,49.6,51.3
500KV-BYQ-003,2024-06-13 22:00:00,57.8,60.7
500KV-BYQ-001,2024-06-13 23:00:00,50.5,51.8
500KV-BYQ-002,2024-06-13 23:00:00,65.6,68.4
500KV-BYQ-003,2024-06-13 23:00:00,55.3,56.6
500KV-BYQ-001,2024-06-14 00:00:00,44.0,45.7
500KV-BYQ-002,2024-06-14 00:00:00,59.4,61.9
500KV-BYQ-003,2024-06-14 00:00:00,55.8,56.9
500KV-BYQ-001,2024-06-14 01:00:00,48.5,49.8
500KV-BYQ-002,2024-06-14 01:00:00,56.9,59.4
500KV-BYQ-003,2024-06-14 01:00:00,51.9,54.3
500KV-BYQ-001,2024-06-14 02:00:00,62.5,64.2
500KV-BYQ-002,2024-06-14 02:00:00,63.2,64.9
500KV-BYQ-003,2024-06-14 02:00:00,51.6,54.3
500KV-BYQ-001,2024-06-14 03:00:00,49.3,51.0
500KV-BYQ-002,2024-06-14 03:00:00,62.5,63.6
500KV-BYQ-003,2024-06-14 03:00:00,51.8,53.5
500KV-BYQ-001,2024-06-14 04:00:00,62.8,63.9
500KV-BYQ-002,2024-06-14 04:00:00,43.5,46.3
500KV-BYQ-003,2024-06-14 04:00:00,50.8,53.3
500KV-BYQ-001,2024-06-14 05:00:00,47.7,49.9
500KV-BYQ-002,2024-06-14 05:00:00,49.8,52.4
500KV-BYQ-003,2024-06-14 05:00:00,63.4,64.6
500KV-BYQ-001,2024-06-14 06:00:00,50.7,52.2
500KV-BYQ-002,2024-06-14 06:00:00,54.4,57.2
500KV-BYQ-003,2024-06-14 06:00:00,46.7,48.0
500KV-BYQ-001,2024-06-14 07:00:00,64.6,66.2
500KV-BYQ-002,2024-06-14 07:00:00,60.3,61.6
500KV-BYQ-003,2024-06-14 07:00:00,63.4,65.4
500KV-BYQ-001,2024-06-14 08:00:00,65.6,66.7
500KV-BYQ-002,2024-06-14 08:00:00,66.7,68.8
500KV-BYQ-003,2024-06-14 08:00:00,68.8,71.5
500KV-BYQ-001,2024-06-14 09:00:00,51.6,54.3
500KV-BYQ-002,2024-06-14 09:00:00,54.2,56.4
500KV-BYQ-003,2024-06-14 09:00:00,54.0,56.7
500KV-BYQ-001,2024-06-14 10:00:00,66.3,67.4
500KV-BYQ-002,2024-06-14 10:00:00,47.6,48.7
500KV-BYQ-003,2024-06-14 10:00:00,55.9,57.4
500KV-BYQ-001,2024-06-14 11:00:00,62.6,64.6
500KV-BYQ-002,2024-06-14 11:00:00,55.8,56.9
500KV-BYQ-003,2024-06-14 11:00:00,61.1,62.1
500KV-BYQ-001,2024-06-14 12:00:00,47.5,48.6
500KV-BYQ-002,2024-06-14 12:00:00,58.6,60.4
500KV-BYQ-003,2024-06-14 12:00:00,61.5,62.7
500KV-BYQ-001,2024-06-14 13:00:00,69.2,70.8
500KV-BYQ-002,2024-06-14 13:00:00,62.9,64.1
500KV-BYQ-003,2024-06-14 13:00:00,54.0,55.8
500KV-BYQ-001,2024-06-14 14:00:00,65.8,67.0
500KV-BYQ-002,2024-06-14 14:00:00,56.6,59.1
500KV-BYQ-003,2024-06-14 14:00:00,70.3,72.1
500KV-BYQ-001,2024-06-14 15:00:00,48.1,49.9
500KV-BYQ-002,2024-06-14 15:00:00,59.5,61.2
500KV-BYQ-003,2024-06-14 15:00:00,68.1,70.6
500KV-BYQ-001,2024-06-14 16:00:00,52.1,53.4
500KV-BYQ-002,2024-06-14 16:00:00,47.6,49.3
500KV-BYQ-003,2024-06-14 16:00:00,63.1,65.5
500KV-BYQ-001,2024-06-14 17:00:00,51.3,53.5
500KV-BYQ-002,2024-06-14 17:00:00,51.0,52.3
500KV-BYQ-003,2024-06-14 17:00:00,55.3,57.0
500KV-BYQ-001,2024-06-14 18:00:00,63.1,65.1
500KV-BYQ-002,2024-06-14 18:00:00,52.6,53.7
500KV-BYQ-003,2024-06-14 18:00:00,58.7,60.6
500KV-BYQ-001,2024-06-14 19:00:00,57.6,60.5
500KV-BYQ-002,2024-06-14 19:00:00,62.4,63.7
500KV-BYQ-003,2024-06-14 19:00:00,47.2,49.8
500KV-BYQ-001,2024-06-14 20:00:00,53.3,55.4
500KV-BYQ-002,2024-06-14 20:00:00,50.6,52.6
500KV-BYQ-003,2024-06-14 20:00:00,50.6,53.0
500KV-BYQ-001,2024-06-14 21:00:00,49.0,50.3
500KV-BYQ-002,2024-06-14 21:00:00,47.8,49.2
500KV-BYQ-003,2024-06-14 21:00:00,52.0,54.2
500KV-BYQ-001,2024-06-14 22:00:00,50.6,52.0
500KV-BYQ-002,2024-06-14 22:00:00,46.7,48.2
500KV-BYQ-003,2024-06-14 22:00:00,52.3,55.3
500KV-BYQ-001,2024-06-14 23:00:00,50.9,52.9
500KV-BYQ-002,2024-06-14 23:00:00,51.8,53.7
500KV-BYQ-003,2024-06-14 23:00:00,67.1,69.9
500KV-BYQ-001,2024-06-15 00:00:00,61.5,64.0
500KV-BYQ-002,2024-06-15 00:00:00,55.7,57.6
500KV-BYQ-003,2024-06-15 00:00:00,50.7,53.5
500KV-BYQ-001,2024-06-15 01:00:00,50.6,53.4
500KV-BYQ-002,2024-06-15 01:00:00,63.3,66.2
500KV-BYQ-003,2024-06-15 01:00:00,51.4,52.6
500KV-BYQ-001,2024-06-15 02:00:00,57.3,59.8
500KV-BYQ-002,2024-06-15 02:00:00,46.3,48.4
500KV-BYQ-003,2024-06-15 02:00:00,45.9,47.2
500KV-BYQ-001,2024-06-15 03:00:00,63.3,65.1
500KV-BYQ-002,2024-06-15 03:00:00,61.4,64.3
500KV-BYQ-003,2024-06-15 03:00:00,49.9,52.2
500KV-BYQ-001,2024-06-15 04:00:00,64.8,67.0
500KV-BYQ-002,2024-06-15 04:00:00,48.1,50.4
500KV-BYQ-003,2024-06-15 04:00:00,55.1,57.8
500KV-BYQ-001,2024-06-15 05:00:00,47.8,50.4
500KV-BYQ-002,2024-06-15 05:00:00,62.4,65.0
500KV-BYQ-003,2024-06-15 05:00:00,51.3,53.0
500KV-BYQ-001,2024-06-15 06:00:00,55.0,57.2
500KV-BYQ-002,2024-06-15 06:00:00,42.8,45.6
500KV-BYQ-003,2024-06-15 06:00:00,53.4,55.2
500KV-BYQ-001,2024-06-15 07:00:00,45.5,48.2
500KV-BYQ-002,2024-06-15 07:00:00,61.5,63.5
500KV-BYQ-003,2024-06-15 07:00:00,57.9,60.7
500KV-BYQ-001,2024-06-15 08:00:00,65.7,67.8
500KV-BYQ-002,2024-06-15 08:00:00,67.7,70.5
500KV-BYQ-003,2024-06-15 08:00:00,68.8,70.4
500KV-BYQ-001,2024-06-15 09:00:00,67.9,70.0
500KV-BYQ-002,2024-06-15 09:00:00,49.2,51.5
500KV-BYQ-003,2024-06-15 09:00:00,49.6,51.4
500KV-BYQ-001,2024-06-15 10:00:00,57.7,59.3
500KV-BYQ-002,2024-06-15 10:00:00,65.9,67.7
500KV-BYQ-003,2024-06-15 10:00:00,49.2,52.1
500KV-BYQ-001,2024-06-15 11:00:00,52.5,54.9
500KV-BYQ-002,2024-06-15 11:00:00,54.0,56.5
500KV-BYQ-003,2024-06-15 11:00:00,62.7,63.9
500KV-BYQ-001,2024-06-15 12:00:00,64.1,66.6
500KV-BYQ-002,2024-06-15 12:00:00,61.0,63.6
500KV-BYQ-003,2024-06-15 12:00:00,49.9,51.4
500KV-BYQ-001,2024-06-15 13:00:00,47.3,50.2
500KV-BYQ-002,2024-06-15 13:00:00,58.9,61.8
500KV-BYQ-003,2024-06-15 13:00:00,50.1,51.9
500KV-BYQ-001,2024-06-15 14:00:00,52.6,55.3
500KV-BYQ-002,2024-06-15 14:00:00,46.4,48.2
500KV-BYQ-003,2024-06-15 14:00:00,65.5,66.6
500KV-BYQ-001,2024-06-15 15:00:00,68.8,70.2
500KV-BYQ-002,2024-06-15 15:00:00,59.4,62.3
500KV-BYQ-003,2024-06-15 15:00:00,52.4,55.4
500KV-BYQ-001,2024-06-15 16:00:00,67.3,69.4
500KV-BYQ-002,2024-06-15 16:00:00,61.9,63.2
500KV-BYQ-003,2024-06-15 16:00:00,69.4,70.5
500KV-BYQ-001,2024-06-15 17:00:00,56.1,58.4
500KV-BYQ-002,2024-06-15 17:00:00,69.5,72.3
500KV-BYQ-003,2024-06-15 17:00:00,62.8,63.8
500KV-BYQ-001,2024-06-15 18:00:00,60.6,61.6
500KV-BYQ-002,2024-06-15 18:00:00,54.8,57.1
500KV-BYQ-003,2024-06-15 18:00:00,66.3,67.8
500KV-BYQ-001,2024-06-15 19:00:00,67.8,69.7
500KV-BYQ-002,2024-06-15 19:00:00,64.2,66.2
500KV-BYQ-003,2024-06-15 19:00:00,63.9,66.7
500KV-BYQ-001,2024-06-15 20:00:00,60.6,62.1
500KV-BYQ-002,2024-06-15 20:00:00,52.0,53.3
500KV-BYQ-003,2024-06-15 20:00:00,54.5,57.0
500KV-BYQ-001,2024-06-15 21:00:00,56.0,57.6
500KV-BYQ-002,2024-06-15 21:00:00,51.0,53.1
500KV-BYQ-003,2024-06-15 21:00:00,68.9,71.8
500KV-BYQ-001,2024-06-15 22:00:00,63.7,65.8
500KV-BYQ-002,2024-06-15 22:00:00,54.2,55.8
500KV-BYQ-003,2024-06-15 22:00:00,44.8,46.1
500KV-BYQ-001,2024-06-15 23:00:00,44.0,46.1
500KV-BYQ-002,2024-06-15 23:00:00,58.2,60.5
500KV-BYQ-003,2024-06-15 23:00:00,45.6,47.5
500KV-BYQ-001,2024-06-16 00:00:00,58.1,59.4
500KV-BYQ-002,2024-06-16 00:00:00,61.5,64.0
500KV-BYQ-003,2024-06-16 00:00:00,51.7,54.0
500KV-BYQ-001,2024-06-16 01:00:00,46.5,48.7
500KV-BYQ-002,2024-06-16 01:00:00,55.1,56.7
500KV-BYQ-003,2024-06-16 01:00:00,53.0,55.4
500KV-BYQ-001,2024-06-16 02:00:00,54.3,56.6
500KV-BYQ-002,2024-06-16 02:00:00,55.7,56.8
500KV-BYQ-003,2024-06-16 02:00:00,49.3,51.2
500KV-BYQ-001,2024-06-16 03:00:00,62.0,63.8
500KV-BYQ-002,2024-06-16 03:00:00,58.2,60.7
500KV-BYQ-003,2024-06-16 03:00:00,49.3,50.5
500KV-BYQ-001,2024-06-16 04:00:00,65.6,68.1
500KV-BYQ-002,2024-06-16 04:00:00,58.2,60.1
500KV-BYQ-003,2024-06-16 04:00:00,50.8,53.5
500KV-BYQ-001,2024-06-16 05:00:00,48.6,50.1
500KV-BYQ-002,2024-06-16 05:00:00,59.9,61.3
500KV-BYQ-003,2024-06-16 05:00:00,58.2,59.7
500KV-BYQ-001,2024-06-16 06:00:00,59.0,61.5
500KV-BYQ-002,2024-06-16 06:00:00,61.9,63.7
500KV-BYQ-003,2024-06-16 06:00:00,43.1,44.7
500KV-BYQ-001,2024-06-16 07:00:00,53.8,55.6
500KV-BYQ-002,2024-06-16 07:00:00,51.5,52.6
500KV-BYQ-003,2024-06-16 07:00:00,57.4,59.0
500KV-BYQ-001,2024-06-16 08:00:00,69.8,72.3
500KV-BYQ-002,2024-06-16 08:00:00,63.3,64.7
500KV-BYQ-003,2024-06-16 08:00:00,64.9,67.5
500KV-BYQ-001,2024-06-16 09:00:00,48.9,51.1
500KV-BYQ-002,2024-06-16 09:00:00,47.9,49.3
500KV-BYQ-003,2024-06-16 09:00:00,54.7,56.1
500KV-BYQ-001,2024-06-16 10:00:00,68.0,69.1
500KV-BYQ-002,2024-06-16 10:00:00,63.8,65.6
500KV-BYQ-003,2024-06-16 10:00:00,55.2,56.7
500KV-BYQ-001,2024-06-16 11:00:00,60.3,62.0
500KV-BYQ-002,2024-06-16 11:00:00,45.5,46.6
500KV-BYQ-003,2024-06-16 11:00:00,62.0,63.4
500KV-BYQ-001,2024-06-16 12:00:00,51.4,53.7
500KV-BYQ-002,2024-06-16 12:00:00,71.7,73
500KV-BYQ-003,2024-06-16 12:00:00,52.0,53.3
500KV-BYQ-001,2024-06-16 13:00:00,63.0,64.0
500KV-BYQ-002,2024-06-16 13:00:00,52.7,53.8
500KV-BYQ-003,2024-06-16 13:00:00,65.6,66.8
500KV-BYQ-001,2024-06-16 14:00:00,54.8,56.9
500KV-BYQ-002,2024-06-16 14:00:00,63.3,64.4
500KV-BYQ-003,2024-06-16 14:00:00,53.3,55.9
500KV-BYQ-001,2024-06-16 15:00:00,57.3,60.1
500KV-BYQ-002,2024-06-16 15:00:00,61.6,62.6
500KV-BYQ-003,2024-06-16 15:00:00,54.3,57.1
500KV-BYQ-001,2024-06-16 16:00:00,48.6,51.1
500KV-BYQ-002,2024-06-16 16:00:00,61.5,63.4
500KV-BYQ-003,2024-06-16 16:00:00,57.7,60.3
500KV-BYQ-001,2024-06-16 17:00:00,67.8,70.1
500KV-BYQ-002,2024-06-16 17:00:00,65.6,68.3
500KV-BYQ-003,2024-06-16 17:00:00,65.4,66.7
500KV-BYQ-001,2024-06-16 18:00:00,52.9,54.3
500KV-BYQ-002,2024-06-16 18:00:00,66.5,68.7
500KV-BYQ-003,2024-06-16 18:00:00,49.0,51.0
500KV-BYQ-001,2024-06-16 19:00:00,62.7,65.5
500KV-BYQ-002,2024-06-16 19:00:00,56.2,59.0
500KV-BYQ-003,2024-06-16 19:00:00,54.5,56.3
500KV-BYQ-001,2024-06-16 20:00:00,55.9,57.7
500KV-BYQ-002,2024-06-16 20:00:00,59.2,62.0
500KV-BYQ-003,2024-06-16 20:00:00,64.3,66.8
500KV-BYQ-001,2024-06-16 21:00:00,65.1,67.3
500KV-BYQ-002,2024-06-16 21:00:00,60.3,62.1
500KV-BYQ-003,2024-06-16 21:00:00,68.2,69.8
500KV-BYQ-001,2024-06-16 22:00:00,55.2,58.1
500KV-BYQ-002,2024-06-16 22:00:00,54.1,56.8
500KV-BYQ-003,2024-06-16 22:00:00,62.7,65.6
500KV-BYQ-001,2024-06-16 23:00:00,61.3,63.6
500KV-BYQ-002,2024-06-16 23:00:00,61.4,62.7
500KV-BYQ-003,2024-06-16 23:00:00,48.4,50.5
500KV-BYQ-001,2024-06-17 00:00:00,48.9,51.6
500KV-BYQ-002,2024-06-17 00:00:00,47.1,49.0
500KV-BYQ-003,2024-06-17 00:00:00,45.9,47.4
500KV-BYQ-001,2024-06-17 01:00:00,55.9,57.1
500KV-BYQ-002,2024-06-17 01:00:00,43.6,46.1
500KV-BYQ-003,2024-06-17 01:00:00,48.6,50.1
500KV-BYQ-001,2024-06-17 02:00:00,44.5,46.1
500KV-BYQ-002,2024-06-17 02:00:00,60.7,62.5
500KV-BYQ-003,2024-06-17 02:00:00,47.0,48.8
500KV-BYQ-001,2024-06-17 03:00:00,47.8,50.5
500KV-BYQ-002,2024-06-17 03:00:00,54.2,56.2
500KV-BYQ-003,2024-06-17 03:00:00,44.1,45.4
500KV-BYQ-001,2024-06-17 04:00:00,57.0,59.1
500KV-BYQ-002,2024-06-17 04:00:00,50.9,53.6
500KV-BYQ-003,2024-06-17 04:00:00,56.3,59.2
500KV-BYQ-001,2024-06-17 05:00:00,51.8,54.6
500KV-BYQ-002,2024-06-17 05:00:00,49.6,50.6
500KV-BYQ-003,2024-06-17 05:00:00,57.0,59.7
500KV-BYQ-001,2024-06-17 06:00:00,59.1,61.1
500KV-BYQ-002,2024-06-17 06:00:00,43.7,46.1
500KV-BYQ-003,2024-06-17 06:00:00,63.3,65.2
500KV-BYQ-001,2024-06-17 07:00:00,50.3,52.4
500KV-BYQ-002,2024-06-17 07:00:00,43.9,46.3
500KV-BYQ-003,2024-06-17 07:00:00,55.5,56.9
500KV-BYQ-001,2024-06-17 08:00:00,47.7,49.0
500KV-BYQ-002,2024-06-17 08:00:00,69.4,70.9
500KV-BYQ-003,2024-06-17 08:00:00,56.7,58.6
500KV-BYQ-001,2024-06-17 09:00:00,53.9,55.6
500KV-BYQ-002,2024-06-17 09:00:00,54.6,56.2
500KV-BYQ-003,2024-06-17 09:00:00,69.7,71.5
500KV-BYQ-001,2024-06-17 10:00:00,49.4,52.0
500KV-BYQ-002,2024-06-17 10:00:00,64.2,65.2
500KV-BYQ-003,2024-06-17 10:00:00,61.1,63.0
500KV-BYQ-001,2024-06-17 11:00:00,57.9,60.5
500KV-BYQ-002,2024-06-17 11:00:00,57.7,60.2
500KV-BYQ-003,2024-06-17 11:00:00,53.8,54.9
500KV-BYQ-001,2024-06-17 12:00:00,52.4,54.0
500KV-BYQ-002,2024-06-17 12:00:00,65.0,66.5
500KV-BYQ-003,2024-06-17 12:00:00,53.0,55.3
500KV-BYQ-001,2024-06-17 13:00:00,71.2,72.5
500KV-BYQ-002,2024-06-17 13:00:00,69.0,70.6
500KV-BYQ-003,2024-06-17 13:00:00,57.6,59.6
500KV-BYQ-001,2024-06-17 14:00:00,67.6,69.6
500KV-BYQ-002,2024-06-17 14:00:00,58.0,59.8
500KV-BYQ-003,2024-06-17 14:00:00,55.2,58.2
500KV-BYQ-001,2024-06-17 15:00:00,50.6,52.0
500KV-BYQ-002,2024-06-17 15:00:00,57.0,59.8
500KV-BYQ-003,2024-06-17 15:00:00,52.6,53.8
500KV-BYQ-001,2024-06-17 16:00:00,49.0,51.6
500KV-BYQ-002,2024-06-17 16:00:00,64.3,67.1
500KV-BYQ-003,2024-06-17 16:00:00,59.9,62.8
500KV-BYQ-001,2024-06-17 17:00:00,54.7,57.2
500KV-BYQ-002,2024-06-17 17:00:00,68.1,69.6
500KV-BYQ-003,2024-06-17 17:00:00,63.7,65.4
500KV-BYQ-001,2024-06-17 18:00:00,66.0,68.7
500KV-BYQ-002,2024-06-17 18:00:00,66.6,68.5
500KV-BYQ-003,2024-06-17 18:00:00,50.3,51.6
500KV-BYQ-001,2024-06-17 19:00:00,51.1,53.6
500KV-BYQ-002,2024-06-17 19:00:00,53.2,55.2
500KV-BYQ-003,2024-06-17 19:00:00,63.5,66.3
500KV-BYQ-001,2024-06-17 20:00:00,69.4,71.0
500KV-BYQ-002,2024-06-17 20:00:00,47.7,49.1
500KV-BYQ-003,2024-06-17 20:00:00,59.2,62.1
500KV-BYQ-001,2024-06-17 21:00:00,45.8,47.5
500KV-BYQ-002,2024-06-17 21:00:00,60.2,61.7
500KV-BYQ-003,2024-06-17 21:00:00,66.0,67.4
500KV-BYQ-001,2024-06-17 22:00:00,48.1,50.6
500KV-BYQ-002,2024-06-17 22:00:00,61.6,62.7
500KV-BYQ-003,2024-06-17 22:00:00,60.4,63.0
500KV-BYQ-001,2024-06-17 23:00:00,65.9,67.9
500KV-BYQ-002,2024-06-17 23:00:00,46.6,48.8
500KV-BYQ-003,2024-06-17 23:00:00,48.8,51.0
500KV-BYQ-001,2024-06-18 00:00:00,58.6,61.0
500KV-BYQ-002,2024-06-18 00:00:00,64.5,66.2
500KV-BYQ-003,2024-06-18 00:00:00,49.9,52.0
500KV-BYQ-001,2024-06-18 01:00:00,57.3,58.5
500KV-BYQ-002,2024-06-18 01:00:00,49.5,51.5
500KV-BYQ-003,2024-06-18 01:00:00,49.9,50.9
500KV-BYQ-001,2024-06-18 02:00:00,53.2,55.7
500KV-BYQ-002,2024-06-18 02:00:00,63.4,64.6
500KV-BYQ-003,2024-06-18 02:00:00,53.8,56.0
500KV-BYQ-001,2024-06-18 03:00:00,61.5,62.5
500KV-BYQ-002,2024-06-18 03:00:00,62.7,63.9
500KV-BYQ-003,2024-06-18 03:00:00,52.9,54.8
500KV-BYQ-001,2024-06-18 04:00:00,65.6,67.3
500KV-BYQ-002,2024-06-18 04:00:00,55.5,58.1
500KV-BYQ-003,2024-06-18 04:00:00,61.7,63.2
500KV-BYQ-001,2024-06-18 05:00:00,56.0,58.3
500KV-BYQ-002,2024-06-18 05:00:00,57.3,58.4
500KV-BYQ-003,2024-06-18 05:00:00,51.4,53.9
500KV-BYQ-001,2024-06-18 06:00:00,48.6,51.2
500KV-BYQ-002,2024-06-18 06:00:00,63.7,66.3
500KV-BYQ-003,2024-06-18 06:00:00,51.7,53.9
500KV-BYQ-001,2024-06-18 07:00:00,47.8,49.8
500KV-BYQ-002,2024-06-18 07:00:00,52.7,54.1
500KV-BYQ-003,2024-06-18 07:00:00,65.7,67.4
500KV-BYQ-001,2024-06-18 08:00:00,56.4,59.3
500KV-BYQ-002,2024-06-18 08:00:00,67.4,68.5
500KV-BYQ-003,2024-06-18 08:00:00,47.7,49.4
500KV-BYQ-001,2024-06-18 09:00:00,69.1,71.8
500KV-BYQ-002,2024-06-18 09:00:00,50.3,51.8
500KV-BYQ-003,2024-06-18 09:00:00,68.6,70.8
500KV-BYQ-001,2024-06-18 10:00:00,67.6,69.9
500KV-BYQ-002,2024-06-18 10:00:00,59.6,62.5
500KV-BYQ-003,2024-06-18 10:00:00,64.1,66.5
500KV-BYQ-001,2024-06-18 11:00:00,58.5,59.9
500KV-BYQ-002,2024-06-18 11:00:00,51.5,53.2
500KV-BYQ-003,2024-06-18 11:00:00,67.0,68.1
500KV-BYQ-001,2024-06-18 12:00:00,57.4,59.7
500KV-BYQ-002,2024-06-18 12:00:00,59.7,62.5
500KV-BYQ-003,2024-06-18 12:00:00,69.3,70.9
500KV-BYQ-001,2024-06-18 13:00:00,52.6,54.9
500KV-BYQ-002,2024-06-18 13:00:00,47.7,49.8
500KV-BYQ-003,2024-06-18 13:00:00,55.8,58.2
500KV-BYQ-001,2024-06-18 14:00:00,69.7,70.7
500KV-BYQ-002,2024-06-18 14:00:00,52.2,54.5
500KV-BYQ-003,2024-06-18 14:00:00,52.0,53.5
500KV-BYQ-001,2024-06-18 15:00:00,47.9,50.6
500KV-BYQ-002,2024-06-18 15:00:00,67.3,69.3
500KV-BYQ-003,2024-06-18 15:00:00,65.5,68.3
500KV-BYQ-001,2024-06-18 16:00:00,64.6,67.3
500KV-BYQ-002,2024-06-18 16:00:00,52.8,55.4
500KV-BYQ-003,2024-06-18 16:00:00,52.3,55.2
500KV-BYQ-001,2024-06-18 17:00:00,65.5,67.4
500KV-BYQ-002,2024-06-18 17:00:00,70.6,72.8
500KV-BYQ-003,2024-06-18 17:00:00,60.3,62.2
500KV-BYQ-001,2024-06-18 18:00:00,50.4,53.1
500KV-BYQ-002,2024-06-18 18:00:00,55.8,57.4
500KV-BYQ-003,2024-06-18 18:00:00,69.7,70.8
500KV-BYQ-001,2024-06-18 19:00:00,53.4,55.6
500KV-BYQ-002,2024-06-18 19:00:00,64.2,66.0
500KV-BYQ-003,2024-06-18 19:00:00,66.7,69.5
500KV-BYQ-001,2024-06-18 20:00:00,60.4,62.7
500KV-BYQ-002,2024-06-18 20:00:00,47.2,48.3
500KV-BYQ-003,2024-06-18 20:00:00,59.8,61.4
500KV-BYQ-001,2024-06-18 21:00:00,53.2,55.9
500KV-BYQ-002,2024-06-18 21:00:00,53.4,56.3
500KV-BYQ-003,2024-06-18 21:00:00,49.0,50.2
500KV-BYQ-001,2024-06-18 22:00:00,50.4,51.9
500KV-BYQ-002,2024-06-18 22:00:00,54.7,57.5
500KV-BYQ-003,2024-06-18 22:00:00,59.9,62.2
500KV-BYQ-001,2024-06-18 23:00:00,53.1,55.7
500KV-BYQ-002,2024-06-18 23:00:00,65.9,67.4
500KV-BYQ-003,2024-06-18 23:00:00,53.9,56.7
500KV-BYQ-001,2024-06-19 00:00:00,63.0,65.9
500KV-BYQ-002,2024-06-19 00:00:00,47.3,49.7
500KV-BYQ-003,2024-06-19 00:00:00,48.2,49.2
500KV-BYQ-001,2024-06-19 01:00:00,53.4,55.8
500KV-BYQ-002,2024-06-19 01:00:00,48.7,51.3
500KV-BYQ-003,2024-06-19 01:00:00,62.8,64.3
500KV-BYQ-001,2024-06-19 02:00:00,53.1,55.5
500KV-BYQ-002,2024-06-19 02:00:00,48.8,50.9
500KV-BYQ-003,2024-06-19 02:00:00,50.0,52.1
500KV-BYQ-001,2024-06-19 03:00:00,46.6,48.1
500KV-BYQ-002,2024-06-19 03:00:00,61.5,63.3
500KV-BYQ-003,2024-06-19 03:00:00,48.4,50.3
500KV-BYQ-001,2024-06-19 04:00:00,55.0,57.4
500KV-BYQ-002,2024-06-19 04:00:00,45.5,46.5
500KV-BYQ-003,2024-06-19 04:00:00,47.0,49.9
500KV-BYQ-001,2024-06-19 05:00:00,45.6,47.4
500KV-BYQ-002,2024-06-19 05:00:00,44.2,46.5
500KV-BYQ-003,2024-06-19 05:00:00,49.1,51.6
500KV-BYQ-001,2024-06-19 06:00:00,50.3,52.2
500KV-BYQ-002,2024-06-19 06:00:00,52.4,55.3
500KV-BYQ-003,2024-06-19 06:00:00,49.5,52.2
500KV-BYQ-001,2024-06-19 07:00:00,59.5,61.9
500KV-BYQ-002,2024-06-19 07:00:00,48.6,51.6
500KV-BYQ-003,2024-06-19 07:00:00,60.8,62.8
500KV-BYQ-001,2024-06-19 08:00:00,71.4,72.7
500KV-BYQ-002,2024-06-19 08:00:00,65.8,67.7
500KV-BYQ-003,2024-06-19 08:00:00,66.2,67.5
500KV-BYQ-001,2024-06-19 09:00:00,62.5,64.6
500KV-BYQ-002,2024-06-19 09:00:00,70.2,72.8
500KV-BYQ-003,2024-06-19 09:00:00,67.2,68.2
500KV-BYQ-001,2024-06-19 10:00:00,62.1,63.3
500KV-BYQ-002,2024-06-19 10:00:00,66.9,68.5
500KV-BYQ-003,2024-06-19 10:00:00,61.5,63.5
500KV-BYQ-001,2024-06-19 11:00:00,50.7,52.0
500KV-BYQ-002,2024-06-19 11:00:00,54.2,56.1
500KV-BYQ-003,2024-06-19 11:00:00,54.7,56.4
500KV-BYQ-001,2024-06-19 12:00:00,64.4,67.4
500KV-BYQ-002,2024-06-19 12:00:00,53.9,56.0
500KV-BYQ-003,2024-06-19 12:00:00,72.6,73
500KV-BYQ-001,2024-06-19 13:00:00,49.3,50.8
500KV-BYQ-002,2024-06-19 13:00:00,48.1,49.4
500KV-BYQ-003,2024-06-19 13:00:00,49.6,52.2
500KV-BYQ-001,2024-06-19 14:00:00,47.6,49.5
500KV-BYQ-002,2024-06-19 14:00:00,54.0,56.1
500KV-BYQ-003,2024-06-19 14:00:00,66.8,69.2
500KV-BYQ-001,2024-06-19 15:00:00,50.6,52.7
500KV-BYQ-002,2024-06-19 15:00:00,68.6,70.4
500KV-BYQ-003,2024-06-19 15:00:00,62.4,64.1
500KV-BYQ-001,2024-06-19 16:00:00,58.2,59.9
500KV-BYQ-002,2024-06-19 16:00:00,59.5,62.5
500KV-BYQ-003,2024-06-19 16:00:00,65.2,67.4
500KV-BYQ-001,2024-06-19 17:00:00,50.5,52.8
500KV-BYQ-002,2024-06-19 17:00:00,65.3,67.8
500KV-BYQ-003,2024-06-19 17:00:00,55.9,58.6
500KV-BYQ-001,2024-06-19 18:00:00,58.3,59.7
500KV-BYQ-002,2024-06-19 18:00:00,48.5,50.6
500KV-BYQ-003,2024-06-19 18:00:00,48.0,50.7
500KV-BYQ-001,2024-06-19 19:00:00,53.8,55.8
500KV-BYQ-002,2024-06-19 19:00:00,62.2,64.1
500KV-BYQ-003,2024-06-19 19:00:00,68.7,70.7
500KV-BYQ-001,2024-06-19 20:00:00,68.0,70.0
500KV-BYQ-002,2024-06-19 20:00:00,48.4,51.0
500KV-BYQ-003,2024-06-19 20:00:00,60.0,61.9
500KV-BYQ-001,2024-06-19 21:00:00,56.2,57.7
500KV-BYQ-002,2024-06-19 21:00:00,51.2,53.7
500KV-BYQ-003,2024-06-19 21:00:00,57.5,60.1
500KV-BYQ-001,2024-06-19 22:00:00,59.1,61.7
500KV-BYQ-002,2024-06-19 22:00:00,54.9,57.0
500KV-BYQ-003,2024-06-19 22:00:00,47.3,48.8
500KV-BYQ-001,2024-06-19 23:00:00,44.7,47.0
500KV-BYQ-002,2024-06-19 23:00:00,43.4,46.3
500KV-BYQ-003,2024-06-19 23:00:00,51.2,53.8
500KV-BYQ-001,2024-06-20 00:00:00,63.0,65.3
500KV-BYQ-002,2024-06-20 00:00:00,46.0,47.9
500KV-BYQ-003,2024-06-20 00:00:00,53.5,56.2
500KV-BYQ-001,2024-06-20 01:00:00,60.9,63.2
500KV-BYQ-002,2024-06-20 01:00:00,45.6,47.5
500KV-BYQ-003,2024-06-20 01:00:00,59.6,60.7
500KV-BYQ-001,2024-06-20 02:00:00,61.1,62.7
500KV-BYQ-002,2024-06-20 02:00:00,52.7,54.4
500KV-BYQ-003,2024-06-20 02:00:00,51.6,54.1
500KV-BYQ-001,2024-06-20 03:00:00,62.1,63.8
500KV-BYQ-002,2024-06-20 03:00:00,55.2,56.4
500KV-BYQ-003,2024-06-20 03:00:00,51.8,54.5
500KV-BYQ-001,2024-06-20 04:00:00,55.3,57.5
500KV-BYQ-002,2024-06-20 04:00:00,45.2,46.9
500KV-BYQ-003,2024-06-20 04:00:00,65.2,68.2
500KV-BYQ-001,2024-06-20 05:00:00,54.9,57.9
500KV-BYQ-002,2024-06-20 05:00:00,61.7,63.7
500KV-BYQ-003,2024-06-20 05:00:00,63.8,66.6
500KV-BYQ-001,2024-06-20 06:00:00,58.3,59.4
500KV-BYQ-002,2024-06-20 06:00:00,49.8,51.1
500KV-BYQ-003,2024-06-20 06:00:00,54.0,55.5
500KV-BYQ-001,2024-06-20 07:00:00,54.9,56.5
500KV-BYQ-002,2024-06-20 07:00:00,67.0,69.8
500KV-BYQ-003,2024-06-20 07:00:00,45.9,48.1
500KV-BYQ-001,2024-06-20 08:00:00,57.0,59.6
500KV-BYQ-002,2024-06-20 08:00:00,60.7,63.1
500KV-BYQ-003,2024-06-20 08:00:00,48.5,51.0
500KV-BYQ-001,2024-06-20 09:00:00,66.0,68.8
500KV-BYQ-002,2024-06-20 09:00:00,51.4,54.3
500KV-BYQ-003,2024-06-20 09:00:00,59.9,62.2
500KV-BYQ-001,2024-06-20 10:00:00,52.2,54.4
500KV-BYQ-002,2024-06-20 10:00:00,54.2,55.4
500KV-BYQ-003,2024-06-20 10:00:00,59.4,61.5
500KV-BYQ-001,2024-06-20 11:00:00,54.0,55.9
500KV-BYQ-002,2024-06-20 11:00:00,53.7,56.5
500KV-BYQ-003,2024-06-20 11:00:00,60.4,63.4
500KV-BYQ-001,2024-06-20 12:00:00,53.3,54.6
500KV-BYQ-002,2024-06-20 12:00:00,68.6,71.3
500KV-BYQ-003,2024-06-20 12:00:00,62.2,63.7
500KV-BYQ-001,2024-06-20 13:00:00,66.7,69.2
500KV-BYQ-002,2024-06-20 13:00:00,67.3,69.0
500KV-BYQ-003,2024-06-20 13:00:00,65.0,67.3
500KV-BYQ-001,2024-06-20 14:00:00,58.1,60.7
500KV-BYQ-002,2024-06-20 14:00:00,52.9,55.5
500KV-BYQ-003,2024-06-20 14:00:00,53.2,56.0
500KV-BYQ-001,2024-06-20 15:00:00,54.1,56.6
500KV-BYQ-002,2024-06-20 15:00:00,51.7,54.7
500KV-BYQ-003,2024-06-20 15:00:00,54.4,57.1
500KV-BYQ-001,2024-06-20 16:00:00,62.3,63.8
500KV-BYQ-002,2024-06-20 16:00:00,46.8,47.8
500KV-BYQ-003,2024-06-20 16:00:00,60.8,63.8
500KV-BYQ-001,2024-06-20 17:00:00,71.3,73
500KV-BYQ-002,2024-06-20 17:00:00,60.5,61.6
500KV-BYQ-003,2024-06-20 17:00:00,59.5,61.2
500KV-BYQ-001,2024-06-20 18:00:00,54.2,55.5
500KV-BYQ-002,2024-06-20 18:00:00,67.6,70.1
500KV-BYQ-003,2024-06-20 18:00:00,57.5,60.3
500KV-BYQ-001,2024-06-20 19:00:00,62.0,65.0
500KV-BYQ-002,2024-06-20 19:00:00,57.6,58.9
500KV-BYQ-003,2024-06-20 19:00:00,51.4,54.3
500KV-BYQ-001,2024-06-20 20:00:00,46.6,48.0
500KV-BYQ-002,2024-06-20 20:00:00,49.5,51.8
500KV-BYQ-003,2024-06-20 20:00:00,65.9,67.1
500KV-BYQ-001,2024-06-20 21:00:00,52.6,55.3
500KV-BYQ-002,2024-06-20 21:00:00,64.3,67.0
500KV-BYQ-003,2024-06-20 21:00:00,50.7,53.2
500KV-BYQ-001,2024-06-20 22:00:00,64.7,66.0
500KV-BYQ-002,2024-06-20 22:00:00,63.3,65.7
500KV-BYQ-003,2024-06-20 22:00:00,51.9,54.1
500KV-BYQ-001,2024-06-20 23:00:00,50.3,52.9
500KV-BYQ-002,2024-06-20 23:00:00,45.8,46.9
500KV-BYQ-003,2024-06-20 23:00:00,54.8,56.1
500KV-BYQ-001,2024-06-21 00:00:00,54.0,55.5
500KV-BYQ-002,2024-06-21 00:00:00,58.9,61.1
500KV-BYQ-003,2024-06-21 00:00:00,57.2,58.7
500KV-BYQ-001,2024-06-21 01:00:00,48.5,51.1
500KV-BYQ-002,2024-06-21 01:00:00,59.3,62.0
500KV-BYQ-003,2024-06-21 01:00:00,65.6,68.3
500KV-BYQ-001,2024-06-21 02:00:00,60.3,62.5
500KV-BYQ-002,2024-06-21 02:00:00,56.7,57.8
500KV-BYQ-003,2024-06-21 02:00:00,56.0,57.8
500KV-BYQ-001,2024-06-21 03:00:00,61.4,63.8
500KV-BYQ-002,2024-06-21 03:00:00,50.9,53.8
500KV-BYQ-003,2024-06-21 03:00:00,48.8,50.6
500KV-BYQ-001,2024-06-21 04:00:00,62.3,63.6
500KV-BYQ-002,2024-06-21 04:00:00,57.8,60.0
500KV-BYQ-003,2024-06-21 04:00:00,61.0,62.2
500KV-BYQ-001,2024-06-21 05:00:00,49.4,52.2
500KV-BYQ-002,2024-06-21 05:00:00,54.5,57.1
500KV-BYQ-003,2024-06-21 05:00:00,55.0,56.5
500KV-BYQ-001,2024-06-21 06:00:00,62.1,64.8
500KV-BYQ-002,2024-06-21 06:00:00,60.0,61.5
500KV-BYQ-003,2024-06-21 06:00:00,52.2,53.6
500KV-BYQ-001,2024-06-21 07:00:00,45.4,46.5
500KV-BYQ-002,2024-06-21 07:00:00,46.4,48.9
500KV-BYQ-003,2024-06-21 07:00:00,48.1,49.6
500KV-BYQ-001,2024-06-21 08:00:00,52.7,55.5
500KV-BYQ-002,2024-06-21 08:00:00,52.4,53.9
500KV-BYQ-003,2024-06-21 08:00:00,61.0,62.9
500KV-BYQ-001,2024-06-21 09:00:00,62.0,64.9
500KV-BYQ-002,2024-06-21 09:00:00,55.6,57.2
500KV-BYQ-003,2024-06-21 09:00:00,58.9,61.5
500KV-BYQ-001,2024-06-21 10:00:00,50.1,52.0
500KV-BYQ-002,2024-06-21 10:00:00,61.8,63.0
500KV-BYQ-003,2024-06-21 10:00:00,52.5,55.4
500KV-BYQ-001,2024-06-21 11:00:00,52.8,54.3
500KV-BYQ-002,2024-06-21 11:00:00,48.8,51.6
500KV-BYQ-003,2024-06-21 11:00:00,62.3,65.3
500KV-BYQ-001,2024-06-21 12:00:00,56.3,57.4
500KV-BYQ-002,2024-06-21 12:00:00,72.1,73
500KV-BYQ-003,2024-06-21 12:00:00,60.9,63.0
500KV-BYQ-001,2024-06-21 13:00:00,51.8,53.7
500KV-BYQ-002,2024-06-21 13:00:00,71.3,73
500KV-BYQ-003,2024-06-21 13:00:00,59.4,60.6
500KV-BYQ-001,2024-06-21 14:00:00,66.3,67.9
500KV-BYQ-002,2024-06-21 14:00:00,69.1,71.8
500KV-BYQ-003,2024-06-21 14:00:00,55.1,57.7
500KV-BYQ-001,2024-06-21 15:00:00,57.8,59.5
500KV-BYQ-002,2024-06-21 15:00:00,55.5,56.9
500KV-BYQ-003,2024-06-21 15:00:00,49.0,50.4
500KV-BYQ-001,2024-06-21 16:00:00,60.1,62.5
500KV-BYQ-002,2024-06-21 16:00:00,58.1,59.6
500KV-BYQ-003,2024-06-21 16:00:00,55.9,57.5
500KV-BYQ-001,2024-06-21 17:00:00,58.0,59.6
500KV-BYQ-002,2024-06-21 17:00:00,50.2,53.1
500KV-BYQ-003,2024-06-21 17:00:00,57.9,60.6
500KV-BYQ-001,2024-06-21 18:00:00,64.2,66.1
500KV-BYQ-002,2024-06-21 18:00:00,50.7,52.4
500KV-BYQ-003,2024-06-21 18:00:00,66.0,67.3
500KV-BYQ-001,2024-06-21 19:00:00,67.9,70.6
500KV-BYQ-002,2024-06-21 19:00:00,56.5,59.4
500KV-BYQ-003,2024-06-21 19:00:00,66.4,68.0
500KV-BYQ-001,2024-06-21 20:00:00,62.9,64.6
500KV-BYQ-002,2024-06-21 20:00:00,60.9,62.4
500KV-BYQ-003,2024-06-21 20:00:00,55.1,57.6
500KV-BYQ-001,2024-06-21 21:00:00,58.0,59.6
500KV-BYQ-002,2024-06-21 21:00:00,49.3,52.0
500KV-BYQ-003,2024-06-21 21:00:00,60.4,62.5
500KV-BYQ-001,2024-06-21 22:00:00,51.2,52.5
500KV-BYQ-002,2024-06-21 22:00:00,47.4,50.4
500KV-BYQ-003,2024-06-21 22:00:00,64.4,66.7
500KV-BYQ-001,2024-06-21 23:00:00,50.7,52.3
500KV-BYQ-002,2024-06-21 23:00:00,64.7,66.1
500KV-BYQ-003,2024-06-21 23:00:00,45.8,46.9
500KV-BYQ-001,2024-06-22 00:00:00,55.4,57.6
500KV-BYQ-002,2024-06-22 00:00:00,66.0,67.7
500KV-BYQ-003,2024-06-22 00:00:00,58.0,60.3
500KV-BYQ-001,2024-06-22 01:00:00,48.2,50.0
500KV-BYQ-002,2024-06-22 01:00:00,48.4,50.9
500KV-BYQ-003,2024-06-22 01:00:00,52.3,53.6
500KV-BYQ-001,2024-06-22 02:00:00,44.1,46.4
500KV-BYQ-002,2024-06-22 02:00:00,56.4,59.1
500KV-BYQ-003,2024-06-22 02:00:00,55.1,57.3
500KV-BYQ-001,2024-06-22 03:00:00,48.8,50.3
500KV-BYQ-002,2024-06-22 03:00:00,64.3,66.5
500KV-BYQ-003,2024-06-22 03:00:00,50.7,52.6
500KV-BYQ-001,2024-06-22 04:00:00,54.6,55.7
500KV-BYQ-002,2024-06-22 04:00:00,53.3,56.3
500KV-BYQ-003,2024-06-22 04:00:00,52.2,54.0
500KV-BYQ-001,2024-06-22 05:00:00,54.9,56.7
500KV-BYQ-002,2024-06-22 05:00:00,49.3,50.4
500KV-BYQ-003,2024-06-22 05:00:00,59.0,60.5
500KV-BYQ-001,2024-06-22 06:00:00,55.2,58.2
500KV-BYQ-002,2024-06-22 06:00:00,62.4,65.2
500KV-BYQ-003,2024-06-22 06:00:00,62.4,64.4
500KV-BYQ-001,2024-06-22 07:00:00,58.4,59.9
500KV-BYQ-002,2024-06-22 07:00:00,48.3,50.0
500KV-BYQ-003,2024-06-22 07:00:00,64.4,66.7
500KV-BYQ-001,2024-06-22 08:00:00,61.5,62.7
500KV-BYQ-002,2024-06-22 08:00:00,46.7,48.2
500KV-BYQ-003,2024-06-22 08:00:00,57.3,59.7
500KV-BYQ-001,2024-06-22 09:00:00,50.6,52.2
500KV-BYQ-002,2024-06-22 09:00:00,51.5,53.4
500KV-BYQ-003,2024-06-22 09:00:00,71.8,73
500KV-BYQ-001,2024-06-22 10:00:00,53.4,56.2
500KV-BYQ-002,2024-06-22 10:00:00,56.5,59.4
500KV-BYQ-003,2024-06-22 10:00:00,58.2,60.4
500KV-BYQ-001,2024-06-22 11:00:00,59.3,61.6
500KV-BYQ-002,2024-06-22 11:00:00,54.8,57.0
500KV-BYQ-003,2024-06-22 11:00:00,59.4,61.9
500KV-BYQ-001,2024-06-22 12:00:00,60.6,63.0
500KV-BYQ-002,2024-06-22 12:00:00,50.2,52.1
500KV-BYQ-003,2024-06-22 12:00:00,55.4,58.0
500KV-BYQ-001,2024-06-22 13:00:00,70.1,72.5
500KV-BYQ-002,2024-06-22 13:00:00,67.1,69.4
500KV-BYQ-003,2024-06-22 13:00:00,48.0,50.4
500KV-BYQ-001,2024-06-22 14:00:00,65.0,66.4
500KV-BYQ-002,2024-06-22 14:00:00,62.9,65.8
500KV-BYQ-003,2024-06-22 14:00:00,54.0,55.8
500KV-BYQ-001,2024-06-22 15:00:00,64.0,65.3
500KV-BYQ-002,2024-06-22 15:00:00,61.6,64.3
500KV-BYQ-003,2024-06-22 15:00:00,51.1,53.4
500KV-BYQ-001,2024-06-22 16:00:00,51.6,53.8
500KV-BYQ-002,2024-06-22 16:00:00,67.6,69.6
500KV-BYQ-003,2024-06-22 16:00:00,53.3,55.1
500KV-BYQ-001,2024-06-22 17:00:00,50.0,51.8
500KV-BYQ-002,2024-06-22 17:00:00,53.3,54.6
500KV-BYQ-003,2024-06-22 17:00:00,69.7,71.7
500KV-BYQ-001,2024-06-22 18:00:00,67.5,69.6
500KV-BYQ-002,2024-06-22 18:00:00,68.1,69.7
500KV-BYQ-003,2024-06-22 18:00:00,53.6,56.3
500KV-BYQ-001,2024-06-22 19:00:00,45.0,47.1
500KV-BYQ-002,2024-06-22 19:00:00,49.2,50.6
500KV-BYQ-003,2024-06-22 19:00:00,62.1,63.6
500KV-BYQ-001,2024-06-22 20:00:00,71.2,73
500KV-BYQ-002,2024-06-22 20:00:00,46.8,49.0
500KV-BYQ-003,2024-06-22 20:00:00,54.2,55.2
500KV-BYQ-001,2024-06-22 21:00:00,64.1,65.3
500KV-BYQ-002,2024-06-22 21:00:00,61.3,62.7
500KV-BYQ-003,2024-06-22 21:00:00,57.6,59.7
500KV-BYQ-001,2024-06-22 22:00:00,62.7,65.2
500KV-BYQ-002,2024-06-22 22:00:00,60.7,61.8
500KV-BYQ-003,2024-06-22 22:00:00,63.6,65.7
500KV-BYQ-001,2024-06-22 23:00:00,51.1,53.4
500KV-BYQ-002,2024-06-22 23:00:00,50.3,52.0
500KV-BYQ-003,2024-06-22 23:00:00,53.8,55.6
500KV-BYQ-001,2024-06-23 00:00:00,54.0,55.9
500KV-BYQ-002,2024-06-23 00:00:00,43.3,45.8
500KV-BYQ-003,2024-06-23 00:00:00,51.0,52.1
500KV-BYQ-001,2024-06-23 01:00:00,59.8,60.8
500KV-BYQ-002,2024-06-23 01:00:00,56.0,57.8
500KV-BYQ-003,2024-06-23 01:00:00,67.2,68.5
500KV-BYQ-001,2024-06-23 02:00:00,53.9,55.1
500KV-BYQ-002,2024-06-23 02:00:00,64.6,66.3
500KV-BYQ-003,2024-06-23 02:00:00,57.1,58.9
500KV-BYQ-001,2024-06-23 03:00:00,50.8,52.0
500KV-BYQ-002,2024-06-23 03:00:00,54.1,55.9
500KV-BYQ-003,2024-06-23 03:00:00,61.1,62.7
500KV-BYQ-001,2024-06-23 04:00:00,60.1,61.6
500KV-BYQ-002,2024-06-23 04:00:00,56.4,58.5
500KV-BYQ-003,2024-06-23 04:00:00,55.2,56.4
500KV-BYQ-001,2024-06-23 05:00:00,50.5,52.9
500KV-BYQ-002,2024-06-23 05:00:00,53.0,54.5
500KV-BYQ-003,2024-06-23 05:00:00,50.7,52.4
500KV-BYQ-001,2024-06-23 06:00:00,64.5,65.6
500KV-BYQ-002,2024-06-23 06:00:00,48.8,50.2
500KV-BYQ-003,2024-06-23 06:00:00,47.3,49.6
500KV-BYQ-001,2024-06-23 07:00:00,50.1,51.6
500KV-BYQ-002,2024-06-23 07:00:00,41.8,43.2
500KV-BYQ-003,2024-06-23 07:00:00,60.8,62.1
500KV-BYQ-001,2024-06-23 08:00:00,51.8,54.6
500KV-BYQ-002,2024-06-23 08:00:00,47.8,49.0
500KV-BYQ-003,2024-06-23 08:00:00,55.6,57.5
500KV-BYQ-001,2024-06-23 09:00:00,67.1,69.7
500KV-BYQ-002,2024-06-23 09:00:00,60.8,61.9
500KV-BYQ-003,2024-06-23 09:00:00,52.1,55.0
500KV-BYQ-001,2024-06-23 10:00:00,48.0,49.3
500KV-BYQ-002,2024-06-23 10:00:00,51.1,52.3
500KV-BYQ-003,2024-06-23 10:00:00,59.9,62.5
500KV-BYQ-001,2024-06-23 11:00:00,68.8,70.0
500KV-BYQ-002,2024-06-23 11:00:00,61.2,62.9
500KV-BYQ-003,2024-06-23 11:00:00,50.2,51.3
500KV-BYQ-001,2024-06-23 12:00:00,47.2,49.4
500KV-BYQ-002,2024-06-23 12:00:00,62.2,65.0
500KV-BYQ-003,2024-06-23 12:00:00,53.2,55.5
500KV-BYQ-001,2024-06-23 13:00:00,50.0,51.5
500KV-BYQ-002,2024-06-23 13:00:00,57.9,59.1
500KV-BYQ-003,2024-06-23 13:00:00,53.3,54.7
500KV-BYQ-001,2024-06-23 14:00:00,67.1,68.9
500KV-BYQ-002,2024-06-23 14:00:00,61.0,62.8
500KV-BYQ-003,2024-06-23 14:00:00,56.2,58.5
500KV-BYQ-001,2024-06-23 15:00:00,59.8,62.1
500KV-BYQ-002,2024-06-23 15:00:00,64.7,66.7
500KV-BYQ-003,2024-06-23 15:00:00,47.8,49.1
500KV-BYQ-001,2024-06-23 16:00:00,61.9,64.0
500KV-BYQ-002,2024-06-23 16:00:00,47.2,50.0
500KV-BYQ-003,2024-06-23 16:00:00,55.1,57.9
500KV-BYQ-001,2024-06-23 17:00:00,53.7,56.1
500KV-BYQ-002,2024-06-23 17:00:00,69.6,70.7
500KV-BYQ-003,2024-06-23 17:00:00,54.3,57.2
500KV-BYQ-001,2024-06-23 18:00:00,57.3,58.8
500KV-BYQ-002,2024-06-23 18:00:00,50.7,53.7
500KV-BYQ-003,2024-06-23 18:00:00,53.5,56.3
500KV-BYQ-001,2024-06-23 19:00:00,48.4,49.5
500KV-BYQ-002,2024-06-23 19:00:00,46.3,49.1
500KV-BYQ-003,2024-06-23 19:00:00,49.8,51.4
500KV-BYQ-001,2024-06-23 20:00:00,64.8,67.0
500KV-BYQ-002,2024-06-23 20:00:00,50.9,52.0
500KV-BYQ-003,2024-06-23 20:00:00,56.6,59.1
500KV-BYQ-001,2024-06-23 21:00:00,64.5,66.7
500KV-BYQ-002,2024-06-23 21:00:00,68.7,71.4
500KV-BYQ-003,2024-06-23 21:00:00,63.5,64.8
500KV-BYQ-001,2024-06-23 22:00:00,50.5,52.8
500KV-BYQ-002,2024-06-23 22:00:00,61.6,62.9
500KV-BYQ-003,2024-06-23 22:00:00,69.7,71.2
500KV-BYQ-001,2024-06-23 23:00:00,54.4,56.5
500KV-BYQ-002,2024-06-23 23:00:00,61.2,63.3
500KV-BYQ-003,2024-06-23 23:00:00,62.6,63.7
500KV-BYQ-001,2024-06-24 00:00:00,59.2,60.8
500KV-BYQ-002,2024-06-24 00:00:00,57.7,59.4
500KV-BYQ-003,2024-06-24 00:00:00,45.5,48.1
500KV-BYQ-001,2024-06-24 01:00:00,50.1,51.4
500KV-BYQ-002,2024-06-24 01:00:00,51.0,53.7
500KV-BYQ-003,2024-06-24 01:00:00,59.0,61.1
500KV-BYQ-001,2024-06-24 02:00:00,43.9,45.6
500KV-BYQ-002,2024-06-24 02:00:00,46.2,47.7
500KV-BYQ-003,2024-06-24 02:00:00,66.1,67.4
500KV-BYQ-001,2024-06-24 03:00:00,48.4,51.1
500KV-BYQ-002,2024-06-24 03:00:00,53.3,54.3
500KV-BYQ-003,2024-06-24 03:00:00,53.7,56.1
500KV-BYQ-001,2024-06-24 04:00:00,54.7,56.1
500KV-BYQ-002,2024-06-24 04:00:00,52.6,54.6
500KV-BYQ-003,2024-06-24 04:00:00,54.9,56.0
500KV-BYQ-001,2024-06-24 05:00:00,49.2,50.9
500KV-BYQ-002,2024-06-24 05:00:00,57.0,59.5
500KV-BYQ-003,2024-06-24 05:00:00,51.4,54.1
500KV-BYQ-001,2024-06-24 06:00:00,44.1,46.0
500KV-BYQ-002,2024-06-24 06:00:00,49.4,51.1
500KV-BYQ-003,2024-06-24 06:00:00,53.7,56.5
500KV-BYQ-001,2024-06-24 07:00:00,57.9,59.1
500KV-BYQ-002,2024-06-24 07:00:00,62.2,63.4
500KV-BYQ-003,2024-06-24 07:00:00,53.6,54.7
500KV-BYQ-001,2024-06-24 08:00:00,52.8,55.1
500KV-BYQ-002,2024-06-24 08:00:00,60.4,62.4
500KV-BYQ-003,2024-06-24 08:00:00,46.3,48.8
500KV-BYQ-001,2024-06-24 09:00:00,54.4,55.7
500KV-BYQ-002,2024-06-24 09:00:00,69.3,70.5
500KV-BYQ-003,2024-06-24 09:00:00,50.7,52.7
500KV-BYQ-001,2024-06-24 10:00:00,54.5,57.2
500KV-BYQ-002,2024-06-24 10:00:00,55.4,57.2
500KV-BYQ-003,2024-06-24 10:00:00,64.2,66.2
500KV-BYQ-001,2024-06-24 11:00:00,51.2,53.6
500KV-BYQ-002,2024-06-24 11:00:00,55.1,56.5
500KV-BYQ-003,2024-06-24 11:00:00,59.8,62.5
500KV-BYQ-001,2024-06-24 12:00:00,49.5,50.7
500KV-BYQ-002,2024-06-24 12:00:00,60.1,61.3
500KV-BYQ-003,2024-06-24 12:00:00,56.5,59.1
500KV-BYQ-001,2024-06-24 13:00:00,70.6,73
500KV-BYQ-002,2024-06-24 13:00:00,55.0,57.8
500KV-BYQ-003,2024-06-24 13:00:00,70.5,72.5
500KV-BYQ-001,2024-06-24 14:00:00,62.0,64.2
500KV-BYQ-002,2024-06-24 14:00:00,58.1,60.0
500KV-BYQ-003,2024-06-24 14:00:00,59.8,60.9
500KV-BYQ-001,2024-06-24 15:00:00,52.4,54.8
500KV-BYQ-002,2024-06-24 15:00:00,61.7,64.5
500KV-BYQ-003,2024-06-24 15:00:00,51.4,53.1
500KV-BYQ-001,2024-06-24 16:00:00,69.7,70.7
500KV-BYQ-002,2024-06-24 16:00:00,51.6,52.9
500KV-BYQ-003,2024-06-24 16:00:00,62.8,64.0
500KV-BYQ-001,2024-06-24 17:00:00,50.0,52.6
500KV-BYQ-002,2024-06-24 17:00:00,63.2,65.2
500KV-BYQ-003,2024-06-24 17:00:00,70.1,71.2
500KV-BYQ-001,2024-06-24 18:00:00,48.3,49.3
500KV-BYQ-002,2024-06-24 18:00:00,48.7,51.3
500KV-BYQ-003,2024-06-24 18:00:00,65.0,66.5
500KV-BYQ-001,2024-06-24 19:00:00,52.3,54.9
500KV-BYQ-002,2024-06-24 19:00:00,57.0,59.0
500KV-BYQ-003,2024-06-24 19:00:00,62.6,64.8
500KV-BYQ-001,2024-06-24 20:00:00,60.8,62.0
500KV-BYQ-002,2024-06-24 20:00:00,64.9,67.1
500KV-BYQ-003,2024-06-24 20:00:00,54.5,56.9
500KV-BYQ-001,2024-06-24 21:00:00,61.4,62.7
500KV-BYQ-002,2024-06-24 21:00:00,59.9,62.4
500KV-BYQ-003,2024-06-24 21:00:00,49.4,52.0
500KV-BYQ-001,2024-06-24 22:00:00,54.4,56.5
500KV-BYQ-002,2024-06-24 22:00:00,62.8,64.9
500KV-BYQ-003,2024-06-24 22:00:00,52.9,55.0
500KV-BYQ-001,2024-06-24 23:00:00,55.0,56.4
500KV-BYQ-002,2024-06-24 23:00:00,61.0,63.6
500KV-BYQ-003,2024-06-24 23:00:00,47.7,50.0
500KV-BYQ-001,2024-06-25 00:00:00,42.1,44.4
500KV-BYQ-002,2024-06-25 00:00:00,66.9,69.5
500KV-BYQ-003,2024-06-25 00:00:00,44.9,46.1
500KV-BYQ-001,2024-06-25 01:00:00,61.3,64.0
500KV-BYQ-002,2024-06-25 01:00:00,49.8,51.5
500KV-BYQ-003,2024-06-25 01:00:00,50.9,53.1
500KV-BYQ-001,2024-06-25 02:00:00,63.2,65.9
500KV-BYQ-002,2024-06-25 02:00:00,52.2,54.8
500KV-BYQ-003,2024-06-25 02:00:00,60.0,61.1
500KV-BYQ-001,2024-06-25 03:00:00,59.9,62.8
500KV-BYQ-002,2024-06-25 03:00:00,45.9,47.5
500KV-BYQ-003,2024-06-25 03:00:00,46.6,48.7
500KV-BYQ-001,2024-06-25 04:00:00,48.3,50.0
500KV-BYQ-002,2024-06-25 04:00:00,64.6,67.4
500KV-BYQ-003,2024-06-25 04:00:00,58.3,59.5
500KV-BYQ-001,2024-06-25 05:00:00,57.9,59.0
500KV-BYQ-002,2024-06-25 05:00:00,64.2,65.9
500KV-BYQ-003,2024-06-25 05:00:00,43.5,45.7
500KV-BYQ-001,2024-06-25 06:00:00,65.8,68.7
500KV-BYQ-002,2024-06-25 06:00:00,58.2,60.7
500KV-BYQ-003,2024-06-25 06:00:00,42.4,44.9
500KV-BYQ-001,2024-06-25 07:00:00,53.6,55.1
500KV-BYQ-002,2024-06-25 07:00:00,63.4,65.7
500KV-BYQ-003,2024-06-25 07:00:00,62.6,64.4
500KV-BYQ-001,2024-06-25 08:00:00,56.3,57.9
500KV-BYQ-002,2024-06-25 08:00:00,49.8,52.6
500KV-BYQ-003,2024-06-25 08:00:00,63.1,65.0
500KV-BYQ-001,2024-06-25 09:00:00,54.9,57.4
500KV-BYQ-002,2024-06-25 09:00:00,53.2,55.0
500KV-BYQ-003,2024-06-25 09:00:00,54.9,57.4
500KV-BYQ-001,2024-06-25 10:00:00,70.2,71.5
500KV-BYQ-002,2024-06-25 10:00:00,67.4,68.7
500KV-BYQ-003,2024-06-25 10:00:00,60.0,61.2
500KV-BYQ-001,2024-06-25 11:00:00,71.5,73
500KV-BYQ-002,2024-06-25 11:00:00,67.5,69.3
500KV-BYQ-003,2024-06-25 11:00:00,70.8,72.9
500KV-BYQ-001,2024-06-25 12:00:00,69.0,71.4
500KV-BYQ-002,2024-06-25 12:00:00,53.1,55.8
500KV-BYQ-003,2024-06-25 12:00:00,59.3,61.5
500KV-BYQ-001,2024-06-25 13:00:00,61.1,62.3
500KV-BYQ-002,2024-06-25 13:00:00,52.6,54.6
500KV-BYQ-003,2024-06-25 13:00:00,66.1,68.1
500KV-BYQ-001,2024-06-25 14:00:00,60.7,63.1
500KV-BYQ-002,2024-06-25 14:00:00,69.1,71.0
500KV-BYQ-003,2024-06-25 14:00:00,60.8,63.0
500KV-BYQ-001,2024-06-25 15:00:00,53.7,56.0
500KV-BYQ-002,2024-06-25 15:00:00,52.1,54.0
500KV-BYQ-003,2024-06-25 15:00:00,52.5,54.1
500KV-BYQ-001,2024-06-25 16:00:00,69.3,72.1
500KV-BYQ-002,2024-06-25 16:00:00,65.6,66.7
500KV-BYQ-003,2024-06-25 16:00:00,64.0,65.4
500KV-BYQ-001,2024-06-25 17:00:00,54.6,55.9
500KV-BYQ-002,2024-06-25 17:00:00,67.2,68.7
500KV-BYQ-003,2024-06-25 17:00:00,48.7,50.1
500KV-BYQ-001,2024-06-25 18:00:00,68.9,71.4
500KV-BYQ-002,2024-06-25 18:00:00,51.3,52.6
500KV-BYQ-003,2024-06-25 18:00:00,65.7,67.2
500KV-BYQ-001,2024-06-25 19:00:00,66.1,68.4
500KV-BYQ-002,2024-06-25 19:00:00,61.2,62.8
500KV-BYQ-003,2024-06-25 19:00:00,49.8,51.2
500KV-BYQ-001,2024-06-25 20:00:00,64.7,66.8
500KV-BYQ-002,2024-06-25 20:00:00,66.6,68.9
500KV-BYQ-003,2024-06-25 20:00:00,61.0,62.1
500KV-BYQ-001,2024-06-25 21:00:00,53.1,54.2
500KV-BYQ-002,2024-06-25 21:00:00,59.3,60.5
500KV-BYQ-003,2024-06-25 21:00:00,65.0,67.9
500KV-BYQ-001,2024-06-25 22:00:00,66.4,67.5
500KV-BYQ-002,2024-06-25 22:00:00,52.6,54.1
500KV-BYQ-003,2024-06-25 22:00:00,64.9,66.5
500KV-BYQ-001,2024-06-25 23:00:00,61.3,63.6
500KV-BYQ-002,2024-06-25 23:00:00,49.3,51.4
500KV-BYQ-003,2024-06-25 23:00:00,57.7,60.6
500KV-BYQ-001,2024-06-26 00:00:00,57.1,58.2
500KV-BYQ-002,2024-06-26 00:00:00,66.2,67.7
500KV-BYQ-003,2024-06-26 00:00:00,65.3,66.3
500KV-BYQ-001,2024-06-26 01:00:00,53.0,54.7
500KV-BYQ-002,2024-06-26 01:00:00,59.8,60.9
500KV-BYQ-003,2024-06-26 01:00:00,52.9,54.1
500KV-BYQ-001,2024-06-26 02:00:00,42.9,45.6
500KV-BYQ-002,2024-06-26 02:00:00,42.4,44.1
500KV-BYQ-003,2024-06-26 02:00:00,51.8,54.8
500KV-BYQ-001,2024-06-26 03:00:00,64.5,67.0
500KV-BYQ-002,2024-06-26 03:00:00,42.4,45.4
500KV-BYQ-003,2024-06-26 03:00:00,52.4,54.9
500KV-BYQ-001,2024-06-26 04:00:00,44.2,45.6
500KV-BYQ-002,2024-06-26 04:00:00,53.9,55.1
500KV-BYQ-003,2024-06-26 04:00:00,53.8,56.7
500KV-BYQ-001,2024-06-26 05:00:00,58.8,60.9
500KV-BYQ-002,2024-06-26 05:00:00,51.8,53.0
500KV-BYQ-003,2024-06-26 05:00:00,50.8,52.1
500KV-BYQ-001,2024-06-26 06:00:00,51.5,52.8
500KV-BYQ-002,2024-06-26 06:00:00,59.6,60.9
500KV-BYQ-003,2024-06-26 06:00:00,51.8,54.5
500KV-BYQ-001,2024-06-26 07:00:00,59.1,60.9
500KV-BYQ-002,2024-06-26 07:00:00,50.0,51.6
500KV-BYQ-003,2024-06-26 07:00:00,45.6,47.1
500KV-BYQ-001,2024-06-26 08:00:00,55.8,56.9
500KV-BYQ-002,2024-06-26 08:00:00,63.2,66.0
500KV-BYQ-003,2024-06-26 08:00:00,59.0,60.5
500KV-BYQ-001,2024-06-26 09:00:00,69.5,71.8
500KV-BYQ-002,2024-06-26 09:00:00,64.8,67.1
500KV-BYQ-003,2024-06-26 09:00:00,50.8,52.3
500KV-BYQ-001,2024-06-26 10:00:00,70.7,72.3
500KV-BYQ-002,2024-06-26 10:00:00,60.6,61.9
500KV-BYQ-003,2024-06-26 10:00:00,45.9,47.0
500KV-BYQ-001,2024-06-26 11:00:00,70.3,73
500KV-BYQ-002,2024-06-26 11:00:00,53.5,54.5
500KV-BYQ-003,2024-06-26 11:00:00,59.2,61.6
500KV-BYQ-001,2024-06-26 12:00:00,53.3,55.7
500KV-BYQ-002,2024-06-26 12:00:00,52.9,54.6
500KV-BYQ-003,2024-06-26 12:00:00,61.7,64.6
500KV-BYQ-001,2024-06-26 13:00:00,56.8,58.2
500KV-BYQ-002,2024-06-26 13:00:00,61.8,63.2
500KV-BYQ-003,2024-06-26 13:00:00,47.7,48.8
500KV-BYQ-001,2024-06-26 14:00:00,53.8,55.9
500KV-BYQ-002,2024-06-26 14:00:00,46.3,48.8
500KV-BYQ-003,2024-06-26 14:00:00,62.7,64.1
500KV-BYQ-001,2024-06-26 15:00:00,52.7,55.3
500KV-BYQ-002,2024-06-26 15:00:00,54.2,57.0
500KV-BYQ-003,2024-06-26 15:00:00,67.2,68.5
500KV-BYQ-001,2024-06-26 16:00:00,57.8,60.4
500KV-BYQ-002,2024-06-26 16:00:00,68.0,70.1
500KV-BYQ-003,2024-06-26 16:00:00,63.8,66.1
500KV-BYQ-001,2024-06-26 17:00:00,50.3,52.1
500KV-BYQ-002,2024-06-26 17:00:00,55.0,57.2
500KV-BYQ-003,2024-06-26 17:00:00,61.8,62.9
500KV-BYQ-001,2024-06-26 18:00:00,68.4,70.8
500KV-BYQ-002,2024-06-26 18:00:00,66.5,67.8
500KV-BYQ-003,2024-06-26 18:00:00,69.6,72.5
500KV-BYQ-001,2024-06-26 19:00:00,58.2,60.8
500KV-BYQ-002,2024-06-26 19:00:00,50.3,53.3
500KV-BYQ-003,2024-06-26 19:00:00,47.6,49.2
500KV-BYQ-001,2024-06-26 20:00:00,52.7,54.4
500KV-BYQ-002,2024-06-26 20:00:00,58.9,61.8
500KV-BYQ-003,2024-06-26 20:00:00,49.7,51.9
500KV-BYQ-001,2024-06-26 21:00:00,52.9,54.7
500KV-BYQ-002,2024-06-26 21:00:00,53.5,56.5
500KV-BYQ-003,2024-06-26 21:00:00,48.0,49.7
500KV-BYQ-001,2024-06-26 22:00:00,62.8,64.1
500KV-BYQ-002,2024-06-26 22:00:00,52.9,55.3
500KV-BYQ-003,2024-06-26 22:00:00,46.7,48.1
500KV-BYQ-001,2024-06-26 23:00:00,46.6,49.3
500KV-BYQ-002,2024-06-26 23:00:00,59.7,60.8
500KV-BYQ-003,2024-06-26 23:00:00,53.2,54.7
500KV-BYQ-001,2024-06-27 00:00:00,52.9,54.7
500KV-BYQ-002,2024-06-27 00:00:00,48.9,51.9
500KV-BYQ-003,2024-06-27 00:00:00,53.7,54.7
500KV-BYQ-001,2024-06-27 01:00:00,53.0,54.5
500KV-BYQ-002,2024-06-27 01:00:00,50.9,52.1
500KV-BYQ-003,2024-06-27 01:00:00,56.2,58.2
500KV-BYQ-001,2024-06-27 02:00:00,62.7,64.4
500KV-BYQ-002,2024-06-27 02:00:00,62.0,64.7
500KV-BYQ-003,2024-06-27 02:00:00,60.7,63.3
500KV-BYQ-001,2024-06-27 03:00:00,62.2,65.0
500KV-BYQ-002,2024-06-27 03:00:00,60.6,63.6
500KV-BYQ-003,2024-06-27 03:00:00,50.0,52.1
500KV-BYQ-001,2024-06-27 04:00:00,50.4,53.4
500KV-BYQ-002,2024-06-27 04:00:00,67.6,69.2
500KV-BYQ-003,2024-06-27 04:00:00,59.9,61.8
500KV-BYQ-001,2024-06-27 05:00:00,64.8,67.7
500KV-BYQ-002,2024-06-27 05:00:00,56.4,58.2
500KV-BYQ-003,2024-06-27 05:00:00,63.6,64.8
500KV-BYQ-001,2024-06-27 06:00:00,45.9,47.9
500KV-BYQ-002,2024-06-27 06:00:00,63.4,66.3
500KV-BYQ-003,2024-06-27 06:00:00,46.4,47.9
500KV-BYQ-001,2024-06-27 07:00:00,62.5,64.1
500KV-BYQ-002,2024-06-27 07:00:00,62.4,64.7
500KV-BYQ-003,2024-06-27 07:00:00,58.9,61.7
500KV-BYQ-001,2024-06-27 08:00:00,65.5,67.0
500KV-BYQ-002,2024-06-27 08:00:00,67.6,68.9
500KV-BYQ-003,2024-06-27 08:00:00,51.3,52.8
500KV-BYQ-001,2024-06-27 09:00:00,63.5,65.5
500KV-BYQ-002,2024-06-27 09:00:00,56.5,59.5
500KV-BYQ-003,2024-06-27 09:00:00,48.6,50.2
500KV-BYQ-001,2024-06-27 10:00:00,63.6,65.8
500KV-BYQ-002,2024-06-27 10:00:00,64.8,66.9
500KV-BYQ-003,2024-06-27 10:00:00,64.5,67.4
500KV-BYQ-001,2024-06-27 11:00:00,54.2,56.3
500KV-BYQ-002,2024-06-27 11:00:00,51.4,52.8
500KV-BYQ-003,2024-06-27 11:00:00,59.8,61.0
500KV-BYQ-001,2024-06-27 12:00:00,63.7,64.9
500KV-BYQ-002,2024-06-27 12:00:00,69.6,72.1
500KV-BYQ-003,2024-06-27 12:00:00,53.4,54.5
500KV-BYQ-001,2024-06-27 13:00:00,59.6,60.7
500KV-BYQ-002,2024-06-27 13:00:00,63.9,66.4
500KV-BYQ-003,2024-06-27 13:00:00,54.1,55.3
500KV-BYQ-001,2024-06-27 14:00:00,54.3,56.3
500KV-BYQ-002,2024-06-27 14:00:00,68.0,70.6
500KV-BYQ-003,2024-06-27 14:00:00,54.7,57.4
500KV-BYQ-001,2024-06-27 15:00:00,51.3,53.6
500KV-BYQ-002,2024-06-27 15:00:00,60.7,63.4
500KV-BYQ-003,2024-06-27 15:00:00,53.9,56.0
500KV-BYQ-001,2024-06-27 16:00:00,50.4,53.0
500KV-BYQ-002,2024-06-27 16:00:00,50.4,52.0
500KV-BYQ-003,2024-06-27 16:00:00,64.6,67.3
500KV-BYQ-001,2024-06-27 17:00:00,47.3,49.7
500KV-BYQ-002,2024-06-27 17:00:00,63.2,65.5
500KV-BYQ-003,2024-06-27 17:00:00,66.4,69.2
500KV-BYQ-001,2024-06-27 18:00:00,63.0,65.6
500KV-BYQ-002,2024-06-27 18:00:00,53.0,54.0
500KV-BYQ-003,2024-06-27 18:00:00,54.0,55.7
500KV-BYQ-001,2024-06-27 19:00:00,58.0,60.5
500KV-BYQ-002,2024-06-27 19:00:00,68.1,70.1
500KV-BYQ-003,2024-06-27 19:00:00,54.4,56.9
500KV-BYQ-001,2024-06-27 20:00:00,54.4,56.7
500KV-BYQ-002,2024-06-27 20:00:00,56.4,57.6
500KV-BYQ-003,2024-06-27 20:00:00,51.6,53.3
500KV-BYQ-001,2024-06-27 21:00:00,62.8,64.7
500KV-BYQ-002,2024-06-27 21:00:00,69.9,71.9
500KV-BYQ-003,2024-06-27 21:00:00,48.0,49.2
500KV-BYQ-001,2024-06-27 22:00:00,51.6,52.8
500KV-BYQ-002,2024-06-27 22:00:00,56.1,58.8
500KV-BYQ-003,2024-06-27 22:00:00,51.3,54.1
500KV-BYQ-001,2024-06-27 23:00:00,59.1,60.4
500KV-BYQ-002,2024-06-27 23:00:00,53.6,54.7
500KV-BYQ-003,2024-06-27 23:00:00,59.8,62.1
500KV-BYQ-001,2024-06-28 00:00:00,45.5,48.3
500KV-BYQ-002,2024-06-28 00:00:00,54.0,55.9
500KV-BYQ-003,2024-06-28 00:00:00,54.1,57.1
500KV-BYQ-001,2024-06-28 01:00:00,64.8,67.7
500KV-BYQ-002,2024-06-28 01:00:00,64.4,66.6
500KV-BYQ-003,2024-06-28 01:00:00,47.4,49.3
500KV-BYQ-001,2024-06-28 02:00:00,61.8,63.1
500KV-BYQ-002,2024-06-28 02:00:00,63.1,65.8
500KV-BYQ-003,2024-06-28 02:00:00,45.6,48.2
500KV-BYQ-001,2024-06-28 03:00:00,58.8,60.5
500KV-BYQ-002,2024-06-28 03:00:00,53.3,55.2
500KV-BYQ-003,2024-06-28 03:00:00,53.4,55.5
500KV-BYQ-001,2024-06-28 04:00:00,52.3,55.2
500KV-BYQ-002,2024-06-28 04:00:00,60.9,63.4
500KV-BYQ-003,2024-06-28 04:00:00,42.7,45.3
500KV-BYQ-001,2024-06-28 05:00:00,50.4,53.1
500KV-BYQ-002,2024-06-28 05:00:00,45.5,46.8
500KV-BYQ-003,2024-06-28 05:00:00,60.7,63.0
500KV-BYQ-001,2024-06-28 06:00:00,45.6,47.3
500KV-BYQ-002,2024-06-28 06:00:00,57.2,60.0
500KV-BYQ-003,2024-06-28 06:00:00,48.1,49.6
500KV-BYQ-001,2024-06-28 07:00:00,51.4,53.4
500KV-BYQ-002,2024-06-28 07:00:00,63.9,65.7
500KV-BYQ-003,2024-06-28 07:00:00,61.1,62.6
500KV-BYQ-001,2024-06-28 08:00:00,67.5,70.0
500KV-BYQ-002,2024-06-28 08:00:00,62.6,64.0
500KV-BYQ-003,2024-06-28 08:00:00,65.7,66.7
500KV-BYQ-001,2024-06-28 09:00:00,66.5,68.6
500KV-BYQ-002,2024-06-28 09:00:00,69.8,72.7
500KV-BYQ-003,2024-06-28 09:00:00,50.3,51.7
500KV-BYQ-001,2024-06-28 10:00:00,62.8,65.0
500KV-BYQ-002,2024-06-28 10:00:00,71.2,73
500KV-BYQ-003,2024-06-28 10:00:00,64.9,67.8
500KV-BYQ-001,2024-06-28 11:00:00,47.6,48.9
500KV-BYQ-002,2024-06-28 11:00:00,60.6,61.8
500KV-BYQ-003,2024-06-28 11:00:00,70.0,71.1
500KV-BYQ-001,2024-06-28 12:00:00,62.1,65.1
500KV-BYQ-002,2024-06-28 12:00:00,67.2,68.4
500KV-BYQ-003,2024-06-28 12:00:00,63.8,66.3
500KV-BYQ-001,2024-06-28 13:00:00,53.2,54.8
500KV-BYQ-002,2024-06-28 13:00:00,70.5,71.8
500KV-BYQ-003,2024-06-28 13:00:00,63.2,64.3
500KV-BYQ-001,2024-06-28 14:00:00,50.4,52.1
500KV-BYQ-002,2024-06-28 14:00:00,61.6,63.9
500KV-BYQ-003,2024-06-28 14:00:00,64.0,66.8
500KV-BYQ-001,2024-06-28 15:00:00,66.1,68.7
500KV-BYQ-002,2024-06-28 15:00:00,49.1,51.9
500KV-BYQ-003,2024-06-28 15:00:00,48.0,49.8
500KV-BYQ-001,2024-06-28 16:00:00,68.7,71.4
500KV-BYQ-002,2024-06-28 16:00:00,49.1,51.6
500KV-BYQ-003,2024-06-28 16:00:00,51.9,53.1
500KV-BYQ-001,2024-06-28 17:00:00,68.8,70.9
500KV-BYQ-002,2024-06-28 17:00:00,50.1,51.2
500KV-BYQ-003,2024-06-28 17:00:00,65.0,67.7
500KV-BYQ-001,2024-06-28 18:00:00,59.2,60.6
500KV-BYQ-002,2024-06-28 18:00:00,54.4,57.0
500KV-BYQ-003,2024-06-28 18:00:00,48.1,50.2
500KV-BYQ-001,2024-06-28 19:00:00,63.8,66.6
500KV-BYQ-002,2024-06-28 19:00:00,59.7,62.4
500KV-BYQ-003,2024-06-28 19:00:00,68.1,69.7
500KV-BYQ-001,2024-06-28 20:00:00,60.8,63.0
500KV-BYQ-002,2024-06-28 20:00:00,63.2,65.5
500KV-BYQ-003,2024-06-28 20:00:00,69.0,70.3
500KV-BYQ-001,2024-06-28 21:00:00,48.4,49.7
500KV-BYQ-002,2024-06-28 21:00:00,66.2,67.2
500KV-BYQ-003,2024-06-28 21:00:00,47.8,49.8
500KV-BYQ-001,2024-06-28 22:00:00,45.7,47.2
500KV-BYQ-002,2024-06-28 22:00:00,47.7,49.1
500KV-BYQ-003,2024-06-28 22:00:00,63.3,66.0
500KV-BYQ-001,2024-06-28 23:00:00,64.7,67.7
500KV-BYQ-002,2024-06-28 23:00:00,51.9,53.3
500KV-BYQ-003,2024-06-28 23:00:00,51.6,54.3
500KV-BYQ-001,2024-06-29 00:00:00,46.1,47.4
500KV-BYQ-002,2024-06-29 00:00:00,51.7,54.5
500KV-BYQ-003,2024-06-29 00:00:00,63.3,64.9
500KV-BYQ-001,2024-06-29 01:00:00,49.8,51.1
500KV-BYQ-002,2024-06-29 01:00:00,47.3,48.9
500KV-BYQ-003,2024-06-29 01:00:00,63.0,65.0
500KV-BYQ-001,2024-06-29 02:00:00,64.1,65.9
500KV-BYQ-002,2024-06-29 02:00:00,57.9,60.4
500KV-BYQ-003,2024-06-29 02:00:00,60.5,61.6
500KV-BYQ-001,2024-06-29 03:00:00,66.4,68.8
500KV-BYQ-002,2024-06-29 03:00:00,49.6,52.4
500KV-BYQ-003,2024-06-29 03:00:00,53.7,55.0
500KV-BYQ-001,2024-06-29 04:00:00,53.0,55.6
500KV-BYQ-002,2024-06-29 04:00:00,47.6,48.6
500KV-BYQ-003,2024-06-29 04:00:00,47.6,50.0
500KV-BYQ-001,2024-06-29 05:00:00,55.5,56.6
500KV-BYQ-002,2024-06-29 05:00:00,45.4,46.7
500KV-BYQ-003,2024-06-29 05:00:00,54.6,55.8
500KV-BYQ-001,2024-06-29 06:00:00,50.1,52.0
500KV-BYQ-002,2024-06-29 06:00:00,49.4,51.4
500KV-BYQ-003,2024-06-29 06:00:00,47.9,50.3
500KV-BYQ-001,2024-06-29 07:00:00,62.3,64.6
500KV-BYQ-002,2024-06-29 07:00:00,61.8,64.6
500KV-BYQ-003,2024-06-29 07:00:00,59.7,60.8
500KV-BYQ-001,2024-06-29 08:00:00,68.0,70.5
500KV-BYQ-002,2024-06-29 08:00:00,64.5,65.6
500KV-BYQ-003,2024-06-29 08:00:00,67.2,68.3
500KV-BYQ-001,2024-06-29 09:00:00,49.1,51.1
500KV-BYQ-002,2024-06-29 09:00:00,66.2,69.1
500KV-BYQ-003,2024-06-29 09:00:00,49.5,50.5
500KV-BYQ-001,2024-06-29 10:00:00,48.9,50.3
500KV-BYQ-002,2024-06-29 10:00:00,56.6,57.8
500KV-BYQ-003,2024-06-29 10:00:00,69.7,72.7
500KV-BYQ-001,2024-06-29 11:00:00,60.2,62.5
500KV-BYQ-002,2024-06-29 11:00:00,62.3,63.7
500KV-BYQ-003,2024-06-29 11:00:00,53.4,56.4
500KV-BYQ-001,2024-06-29 12:00:00,64.8,66.9
500KV-BYQ-002,2024-06-29 12:00:00,60.7,62.8
500KV-BYQ-003,2024-06-29 12:00:00,46.6,49.3
500KV-BYQ-001,2024-06-29 13:00:00,65.4,67.8
500KV-BYQ-002,2024-06-29 13:00:00,47.0,48.3
500KV-BYQ-003,2024-06-29 13:00:00,58.6,60.5
500KV-BYQ-001,2024-06-29 14:00:00,68.1,70.8
500KV-BYQ-002,2024-06-29 14:00:00,54.1,56.3
500KV-BYQ-003,2024-06-29 14:00:00,66.9,68.7
500KV-BYQ-001,2024-06-29 15:00:00,54.2,56.8
500KV-BYQ-002,2024-06-29 15:00:00,64.4,65.9
500KV-BYQ-003,2024-06-29 15:00:00,62.6,65.4
500KV-BYQ-001,2024-06-29 16:00:00,56.3,59.0
500KV-BYQ-002,2024-06-29 16:00:00,68.9,70.0
500KV-BYQ-003,2024-06-29 16:00:00,65.0,67.1
500KV-BYQ-001,2024-06-29 17:00:00,55.3,57.3
500KV-BYQ-002,2024-06-29 17:00:00,53.0,54.1
500KV-BYQ-003,2024-06-29 17:00:00,58.4,60.9
500KV-BYQ-001,2024-06-29 18:00:00,49.5,51.2
500KV-BYQ-002,2024-06-29 18:00:00,69.4,71.9
500KV-BYQ-003,2024-06-29 18:00:00,52.4,54.1
500KV-BYQ-001,2024-06-29 19:00:00,57.0,60.0
500KV-BYQ-002,2024-06-29 19:00:00,63.3,64.9
500KV-BYQ-003,2024-06-29 19:00:00,55.3,56.4
500KV-BYQ-001,2024-06-29 20:00:00,65.2,67.9
500KV-BYQ-002,2024-06-29 20:00:00,64.8,65.8
500KV-BYQ-003,2024-06-29 20:00:00,70.6,73
500KV-BYQ-001,2024-06-29 21:00:00,46.1,48.9
500KV-BYQ-002,2024-06-29 21:00:00,51.0,52.4
500KV-BYQ-003,2024-06-29 21:00:00,56.2,59.1
500KV-BYQ-001,2024-06-29 22:00:00,67.4,69.9
500KV-BYQ-002,2024-06-29 22:00:00,60.0,62.0
500KV-BYQ-003,2024-06-29 22:00:00,57.1,58.3
500KV-BYQ-001,2024-06-29 23:00:00,42.9,44.1
500KV-BYQ-002,2024-06-29 23:00:00,61.4,64.2
500KV-BYQ-003,2024-06-29 23:00:00,51.5,53.3
500KV-BYQ-001,2024-06-30 00:00:00,51.5,53.3
500KV-BYQ-002,2024-06-30 00:00:00,48.0,49.3
500KV-BYQ-003,2024-06-30 00:00:00,44.2,45.6
500KV-BYQ-001,2024-06-30 01:00:00,63.7,65.9
500KV-BYQ-002,2024-06-30 01:00:00,63.1,65.2
500KV-BYQ-003,2024-06-30 01:00:00,52.2,55.1
500KV-BYQ-001,2024-06-30 02:00:00,57.4,58.7
500KV-BYQ-002,2024-06-30 02:00:00,48.6,50.3
500KV-BYQ-003,2024-06-30 02:00:00,52.4,55.0
500KV-BYQ-001,2024-06-30 03:00:00,57.4,60.0
500KV-BYQ-002,2024-06-30 03:00:00,53.1,54.4
500KV-BYQ-003,2024-06-30 03:00:00,57.8,60.4
500KV-BYQ-001,2024-06-30 04:00:00,46.5,48.2
500KV-BYQ-002,2024-06-30 04:00:00,56.6,58.3
500KV-BYQ-003,2024-06-30 04:00:00,46.0,48.3
500KV-BYQ-001,2024-06-30 05:00:00,51.6,54.1
500KV-BYQ-002,2024-06-30 05:00:00,57.5,59.8
500KV-BYQ-003,2024-06-30 05:00:00,49.0,50.2
500KV-BYQ-001,2024-06-30 06:00:00,47.7,50.1
500KV-BYQ-002,2024-06-30 06:00:00,64.6,66.9
500KV-BYQ-003,2024-06-30 06:00:00,61.2,63.2
500KV-BYQ-001,2024-06-30 07:00:00,45.9,48.6
500KV-BYQ-002,2024-06-30 07:00:00,46.6,49.6
500KV-BYQ-003,2024-06-30 07:00:00,45.9,47.7
500KV-BYQ-001,2024-06-30 08:00:00,61.3,64.0
500KV-BYQ-002,2024-06-30 08:00:00,65.2,67.1
500KV-BYQ-003,2024-06-30 08:00:00,60.5,62.6
500KV-BYQ-001,2024-06-30 09:00:00,70.5,72.4
500KV-BYQ-002,2024-06-30 09:00:00,60.9,63.1
500KV-BYQ-003,2024-06-30 09:00:00,58.6,59.8
500KV-BYQ-001,2024-06-30 10:00:00,47.2,49.1
500KV-BYQ-002,2024-06-30 10:00:00,55.8,57.3
500KV-BYQ-003,2024-06-30 10:00:00,65.8,66.8
500KV-BYQ-001,2024-06-30 11:00:00,55.4,56.6
500KV-BYQ-002,2024-06-30 11:00:00,59.7,60.9
500KV-BYQ-003,2024-06-30 11:00:00,58.0,59.2
500KV-BYQ-001,2024-06-30 12:00:00,45.5,47.5
500KV-BYQ-002,2024-06-30 12:00:00,50.6,52.3
500KV-BYQ-003,2024-06-30 12:00:00,62.5,65.3
500KV-BYQ-001,2024-06-30 13:00:00,47.7,49.8
500KV-BYQ-002,2024-06-30 13:00:00,66.0,67.7
500KV-BYQ-003,2024-06-30 13:00:00,66.3,69.0
500KV-BYQ-001,2024-06-30 14:00:00,52.8,54.3
500KV-BYQ-002,2024-06-30 14:00:00,54.5,55.9
500KV-BYQ-003,2024-06-30 14:00:00,58.6,61.0
500KV-BYQ-001,2024-06-30 15:00:00,65.7,66.8
500KV-BYQ-002,2024-06-30 15:00:00,59.9,61.1
500KV-BYQ-003,2024-06-30 15:00:00,62.5,65.3
500KV-BYQ-001,2024-06-30 16:00:00,54.0,56.2
500KV-BYQ-002,2024-06-30 16:00:00,57.8,60.2
500KV-BYQ-003,2024-06-30 16:00:00,70.2,72.9
500KV-BYQ-001,2024-06-30 17:00:00,57.7,59.5
500KV-BYQ-002,2024-06-30 17:00:00,51.2,52.3
500KV-BYQ-003,2024-06-30 17:00:00,60.7,63.4
500KV-BYQ-001,2024-06-30 18:00:00,48.5,51.0
500KV-BYQ-002,2024-06-30 18:00:00,49.8,52.3
500KV-BYQ-003,2024-06-30 18:00:00,62.3,65.2
500KV-BYQ-001,2024-06-30 19:00:00,68.7,70.6
500KV-BYQ-002,2024-06-30 19:00:00,49.1,52.1
500KV-BYQ-003,2024-06-30 19:00:00,65.8,67.8
500KV-BYQ-001,2024-06-30 20:00:00,50.2,52.1
500KV-BYQ-002,2024-06-30 20:00:00,62.0,64.4
500KV-BYQ-003,2024-06-30 20:00:00,50.9,52.8
500KV-BYQ-001,2024-06-30 21:00:00,70.9,72.3
500KV-BYQ-002,2024-06-30 21:00:00,60.0,61.3
500KV-BYQ-003,2024-06-30 21:00:00,68.5,69.8
500KV-BYQ-001,2024-06-30 22:00:00,60.0,62.4
500KV-BYQ-002,2024-06-30 22:00:00,49.1,51.1
500KV-BYQ-003,2024-06-30 22:00:00,53.3,55.7
500KV-BYQ-001,2024-06-30 23:00:00,62.8,64.7
500KV-BYQ-002,2024-06-30 23:00:00,59.1,60.5
500KV-BYQ-003,2024-06-30 23:00:00,50.0,51.3
500KV-BYQ-001,2024-07-01 00:00:00,58.3,60.2
500KV-BYQ-002,2024-07-01 00:00:00,58.3,61.2
500KV-BYQ-003,2024-07-01 00:00:00,65.3,66.9
500KV-BYQ-001,2024-07-01 01:00:00,50.8,52.1
500KV-BYQ-002,2024-07-01 01:00:00,63.6,65.0
500KV-BYQ-003,2024-07-01 01:00:00,59.1,60.2
500KV-BYQ-001,2024-07-01 02:00:00,55.7,56.9
500KV-BYQ-002,2024-07-01 02:00:00,42.6,44.5
500KV-BYQ-003,2024-07-01 02:00:00,57.8,60.7
500KV-BYQ-001,2024-07-01 03:00:00,60.4,63.0
500KV-BYQ-002,2024-07-01 03:00:00,45.0,47.4
500KV-BYQ-003,2024-07-01 03:00:00,59.0,60.3
500KV-BYQ-001,2024-07-01 04:00:00,45.9,47.1
500KV-BYQ-002,2024-07-01 04:00:00,65.3,67.3
500KV-BYQ-003,2024-07-01 04:00:00,66.8,69.5
500KV-BYQ-001,2024-07-01 05:00:00,45.8,47.2
500KV-BYQ-002,2024-07-01 05:00:00,63.3,65.8
500KV-BYQ-003,2024-07-01 05:00:00,64.1,67.0
500KV-BYQ-001,2024-07-01 06:00:00,51.3,53.6
500KV-BYQ-002,2024-07-01 06:00:00,54.9,56.1
500KV-BYQ-003,2024-07-01 06:00:00,46.5,48.6
500KV-BYQ-001,2024-07-01 07:00:00,56.8,57.8
500KV-BYQ-002,2024-07-01 07:00:00,59.4,60.6
500KV-BYQ-003,2024-07-01 07:00:00,45.9,47.7
500KV-BYQ-001,2024-07-01 08:00:00,52.9,55.6
500KV-BYQ-002,2024-07-01 08:00:00,48.3,50.8
500KV-BYQ-003,2024-07-01 08:00:00,55.0,56.7
500KV-BYQ-001,2024-07-01 09:00:00,52.1,53.2
500KV-BYQ-002,2024-07-01 09:00:00,52.2,54.7
500KV-BYQ-003,2024-07-01 09:00:00,66.3,69.3
500KV-BYQ-001,2024-07-01 10:00:00,51.9,54.8
500KV-BYQ-002,2024-07-01 10:00:00,48.9,51.5
500KV-BYQ-003,2024-07-01 10:00:00,63.7,66.1
500KV-BYQ-001,2024-07-01 11:00:00,62.0,64.2
500KV-BYQ-002,2024-07-01 11:00:00,63.2,65.4
500KV-BYQ-003,2024-07-01 11:00:00,60.0,61.6
500KV-BYQ-001,2024-07-01 12:00:00,72.0,73
500KV-BYQ-002,2024-07-01 12:00:00,63.2,65.4
500KV-BYQ-003,2024-07-01 12:00:00,72.2,73
500KV-BYQ-001,2024-07-01 13:00:00,69.2,70.7
500KV-BYQ-002,2024-07-01 13:00:00,65.6,67.8
500KV-BYQ-003,2024-07-01 13:00:00,58.4,60.5
500KV-BYQ-001,2024-07-01 14:00:00,62.7,64.1
500KV-BYQ-002,2024-07-01 14:00:00,54.3,56.5
500KV-BYQ-003,2024-07-01 14:00:00,53.9,56.4
500KV-BYQ-001,2024-07-01 15:00:00,46.7,48.6
500KV-BYQ-002,2024-07-01 15:00:00,64.0,65.3
500KV-BYQ-003,2024-07-01 15:00:00,71.4,72.5
500KV-BYQ-001,2024-07-01 16:00:00,46.8,49.8
500KV-BYQ-002,2024-07-01 16:00:00,59.1,60.7
500KV-BYQ-003,2024-07-01 16:00:00,62.5,63.8
500KV-BYQ-001,2024-07-01 17:00:00,54.9,56.1
500KV-BYQ-002,2024-07-01 17:00:00,59.5,60.8
500KV-BYQ-003,2024-07-01 17:00:00,64.7,66.4
500KV-BYQ-001,2024-07-01 18:00:00,45.5,48.4
500KV-BYQ-002,2024-07-01 18:00:00,49.4,51.3
500KV-BYQ-003,2024-07-01 18:00:00,58.7,60.5
500KV-BYQ-001,2024-07-01 19:00:00,56.3,58.1
500KV-BYQ-002,2024-07-01 19:00:00,59.9,61.8
500KV-BYQ-003,2024-07-01 19:00:00,55.3,56.8
500KV-BYQ-001,2024-07-01 20:00:00,54.7,57.3
500KV-BYQ-002,2024-07-01 20:00:00,61.8,63.9
500KV-BYQ-003,2024-07-01 20:00:00,50.0,52.4
500KV-BYQ-001,2024-07-01 21:00:00,49.3,52.1
500KV-BYQ-002,2024-07-01 21:00:00,64.0,65.5
500KV-BYQ-003,2024-07-01 21:00:00,45.9,47.4
500KV-BYQ-001,2024-07-01 22:00:00,64.2,65.6
500KV-BYQ-002,2024-07-01 22:00:00,63.5,64.5
500KV-BYQ-003,2024-07-01 22:00:00,61.6,63.2
500KV-BYQ-001,2024-07-01 23:00:00,57.1,59.8
500KV-BYQ-002,2024-07-01 23:00:00,61.6,64.2
500KV-BYQ-003,2024-07-01 23:00:00,61.6,64.1
500KV-BYQ-001,2024-07-02 00:00:00,66.0,68.5
500KV-BYQ-002,2024-07-02 00:00:00,49.7,50.9
500KV-BYQ-003,2024-07-02 00:00:00,51.8,53.8
500KV-BYQ-001,2024-07-02 01:00:00,62.4,63.7
500KV-BYQ-002,2024-07-02 01:00:00,62.4,65.1
500KV-BYQ-003,2024-07-02 01:00:00,66.6,67.8
500KV-BYQ-001,2024-07-02 02:00:00,52.4,53.8
500KV-BYQ-002,2024-07-02 02:00:00,57.5,59.2
500KV-BYQ-003,2024-07-02 02:00:00,45.9,47.3
500KV-BYQ-001,2024-07-02 03:00:00,60.4,61.8
500KV-BYQ-002,2024-07-02 03:00:00,58.9,61.6
500KV-BYQ-003,2024-07-02 03:00:00,46.0,47.3
500KV-BYQ-001,2024-07-02 04:00:00,56.4,57.7
500KV-BYQ-002,2024-07-02 04:00:00,62.0,64.6
500KV-BYQ-003,2024-07-02 04:00:00,58.0,60.5
500KV-BYQ-001,2024-07-02 05:00:00,65.7,67.6
500KV-BYQ-002,2024-07-02 05:00:00,65.4,67.5
500KV-BYQ-003,2024-07-02 05:00:00,61.8,63.4
500KV-BYQ-001,2024-07-02 06:00:00,55.7,58.3
500KV-BYQ-002,2024-07-02 06:00:00,63.4,64.7
500KV-BYQ-003,2024-07-02 06:00:00,57.8,60.5
500KV-BYQ-001,2024-07-02 07:00:00,59.7,61.9
500KV-BYQ-002,2024-07-02 07:00:00,53.7,56.0
500KV-BYQ-003,2024-07-02 07:00:00,43.6,45.7
500KV-BYQ-001,2024-07-02 08:00:00,50.7,52.3
500KV-BYQ-002,2024-07-02 08:00:00,63.5,65.2
500KV-BYQ-003,2024-07-02 08:00:00,52.7,55.3
500KV-BYQ-001,2024-07-02 09:00:00,63.4,65.8
500KV-BYQ-002,2024-07-02 09:00:00,63.0,64.4
500KV-BYQ-003,2024-07-02 09:00:00,62.5,64.4
500KV-BYQ-001,2024-07-02 10:00:00,65.5,67.3
500KV-BYQ-002,2024-07-02 10:00:00,55.8,57.6
500KV-BYQ-003,2024-07-02 10:00:00,69.7,71.1
500KV-BYQ-001,2024-07-02 11:00:00,63.0,64.4
500KV-BYQ-002,2024-07-02 11:00:00,64.0,66.5
500KV-BYQ-003,2024-07-02 11:00:00,65.0,67.3
500KV-BYQ-001,2024-07-02 12:00:00,66.1,68.0
500KV-BYQ-002,2024-07-02 12:00:00,52.4,55.0
500KV-BYQ-003,2024-07-02 12:00:00,67.1,70.1
500KV-BYQ-001,2024-07-02 13:00:00,70.0,71.6
500KV-BYQ-002,2024-07-02 13:00:00,62.2,64.8
500KV-BYQ-003,2024-07-02 13:00:00,58.2,59.3
500KV-BYQ-001,2024-07-02 14:00:00,56.9,59.8
500KV-BYQ-002,2024-07-02 14:00:00,56.7,59.6
500KV-BYQ-003,2024-07-02 14:00:00,52.4,55.0
500KV-BYQ-001,2024-07-02 15:00:00,53.3,54.3
500KV-BYQ-002,2024-07-02 15:00:00,61.1,62.3
500KV-BYQ-003,2024-07-02 15:00:00,70.0,73.0
500KV-BYQ-001,2024-07-02 16:00:00,63.7,65.1
500KV-BYQ-002,2024-07-02 16:00:00,68.9,71.3
500KV-BYQ-003,2024-07-02 16:00:00,53.5,55.9
500KV-BYQ-001,2024-07-02 17:00:00,50.4,53.0
500KV-BYQ-002,2024-07-02 17:00:00,58.4,61.3
500KV-BYQ-003,2024-07-02 17:00:00,70.0,72.4
500KV-BYQ-001,2024-07-02 18:00:00,53.7,55.8
500KV-BYQ-002,2024-07-02 18:00:00,68.1,69.1
500KV-BYQ-003,2024-07-02 18:00:00,61.5,63.8
500KV-BYQ-001,2024-07-02 19:00:00,51.4,52.5
500KV-BYQ-002,2024-07-02 19:00:00,54.9,56.2
500KV-BYQ-003,2024-07-02 19:00:00,49.3,51.9
500KV-BYQ-001,2024-07-02 20:00:00,55.6,58.1
500KV-BYQ-002,2024-07-02 20:00:00,56.4,58.0
500KV-BYQ-003,2024-07-02 20:00:00,60.8,62.5
500KV-BYQ-001,2024-07-02 21:00:00,68.2,69.4
500KV-BYQ-002,2024-07-02 21:00:00,59.6,61.8
500KV-BYQ-003,2024-07-02 21:00:00,54.6,56.5
500KV-BYQ-001,2024-07-02 22:00:00,48.9,50.2
500KV-BYQ-002,2024-07-02 22:00:00,52.8,55.1
500KV-BYQ-003,2024-07-02 22:00:00,61.5,62.8
500KV-BYQ-001,2024-07-02 23:00:00,56.5,57.9
500KV-BYQ-002,2024-07-02 23:00:00,58.0,60.7
500KV-BYQ-003,2024-07-02 23:00:00,56.7,59.1
500KV-BYQ-001,2024-07-03 00:00:00,50.1,52.8
500KV-BYQ-002,2024-07-03 00:00:00,47.8,49.4
500KV-BYQ-003,2024-07-03 00:00:00,56.6,59.1
500KV-BYQ-001,2024-07-03 01:00:00,48.3,49.8
500KV-BYQ-002,2024-07-03 01:00:00,60.0,62.1
500KV-BYQ-003,2024-07-03 01:00:00,62.4,65.2
500KV-BYQ-001,2024-07-03 02:00:00,43.7,44.9
500KV-BYQ-002,2024-07-03 02:00:00,52.0,53.3
500KV-BYQ-003,2024-07-03 02:00:00,54.7,56.4
500KV-BYQ-001,2024-07-03 03:00:00,54.9,57.3
500KV-BYQ-002,2024-07-03 03:00:00,55.8,57.6
500KV-BYQ-003,2024-07-03 03:00:00,53.8,55.1
500KV-BYQ-001,2024-07-03 04:00:00,56.3,57.4
500KV-BYQ-002,2024-07-03 04:00:00,53.4,56.4
500KV-BYQ-003,2024-07-03 04:00:00,52.8,55.4
500KV-BYQ-001,2024-07-03 05:00:00,59.0,61.4
500KV-BYQ-002,2024-07-03 05:00:00,45.3,48.0
500KV-BYQ-003,2024-07-03 05:00:00,49.1,50.7
500KV-BYQ-001,2024-07-03 06:00:00,44.0,46.6
500KV-BYQ-002,2024-07-03 06:00:00,52.4,54.3
500KV-BYQ-003,2024-07-03 06:00:00,63.6,65.9
500KV-BYQ-001,2024-07-03 07:00:00,50.0,51.6
500KV-BYQ-002,2024-07-03 07:00:00,54.4,56.1
500KV-BYQ-003,2024-07-03 07:00:00,58.0,60.4
500KV-BYQ-001,2024-07-03 08:00:00,68.5,70.8
500KV-BYQ-002,2024-07-03 08:00:00,65.4,67.7
500KV-BYQ-003,2024-07-03 08:00:00,56.2,58.0
500KV-BYQ-001,2024-07-03 09:00:00,55.2,56.7
500KV-BYQ-002,2024-07-03 09:00:00,67.1,68.6
500KV-BYQ-003,2024-07-03 09:00:00,57.8,60.5
500KV-BYQ-001,2024-07-03 10:00:00,50.5,53.4
500KV-BYQ-002,2024-07-03 10:00:00,51.6,53.1
500KV-BYQ-003,2024-07-03 10:00:00,60.2,62.1
500KV-BYQ-001,2024-07-03 11:00:00,49.7,51.6
500KV-BYQ-002,2024-07-03 11:00:00,67.2,69.6
500KV-BYQ-003,2024-07-03 11:00:00,64.3,67.1
500KV-BYQ-001,2024-07-03 12:00:00,56.1,58.0
500KV-BYQ-002,2024-07-03 12:00:00,58.8,60.8
500KV-BYQ-003,2024-07-03 12:00:00,55.2,58.1
500KV-BYQ-001,2024-07-03 13:00:00,46.8,48.3
500KV-BYQ-002,2024-07-03 13:00:00,70.0,71.2
500KV-BYQ-003,2024-07-03 13:00:00,52.8,54.3
500KV-BYQ-001,2024-07-03 14:00:00,58.6,61.1
500KV-BYQ-002,2024-07-03 14:00:00,54.1,56.8
500KV-BYQ-003,2024-07-03 14:00:00,60.2,61.7
500KV-BYQ-001,2024-07-03 15:00:00,49.6,51.6
500KV-BYQ-002,2024-07-03 15:00:00,64.6,67.6
500KV-BYQ-003,2024-07-03 15:00:00,63.8,65.4
500KV-BYQ-001,2024-07-03 16:00:00,62.4,63.5
500KV-BYQ-002,2024-07-03 16:00:00,46.8,48.2
500KV-BYQ-003,2024-07-03 16:00:00,57.8,60.2
500KV-BYQ-001,2024-07-03 17:00:00,58.8,60.1
500KV-BYQ-002,2024-07-03 17:00:00,56.1,58.2
500KV-BYQ-003,2024-07-03 17:00:00,55.5,58.1
500KV-BYQ-001,2024-07-03 18:00:00,62.7,63.8
500KV-BYQ-002,2024-07-03 18:00:00,48.8,51.6
500KV-BYQ-003,2024-07-03 18:00:00,64.4,66.5
500KV-BYQ-001,2024-07-03 19:00:00,57.1,58.4
500KV-BYQ-002,2024-07-03 19:00:00,62.9,64.8
500KV-BYQ-003,2024-07-03 19:00:00,58.2,59.9
500KV-BYQ-001,2024-07-03 20:00:00,46.6,48.4
500KV-BYQ-002,2024-07-03 20:00:00,58.0,59.4
500KV-BYQ-003,2024-07-03 20:00:00,48.6,51.4
500KV-BYQ-001,2024-07-03 21:00:00,54.4,56.7
500KV-BYQ-002,2024-07-03 21:00:00,60.6,62.3
500KV-BYQ-003,2024-07-03 21:00:00,51.7,54.5
500KV-BYQ-001,2024-07-03 22:00:00,64.2,65.7
500KV-BYQ-002,2024-07-03 22:00:00,61.5,62.9
500KV-BYQ-003,2024-07-03 22:00:00,58.2,59.5
500KV-BYQ-001,2024-07-03 23:00:00,55.7,57.5
500KV-BYQ-002,2024-07-03 23:00:00,47.0,48.1
500KV-BYQ-003,2024-07-03 23:00:00,57.0,59.5
500KV-BYQ-001,2024-07-04 00:00:00,60.7,62.4
500KV-BYQ-002,2024-07-04 00:00:00,44.8,47.7
500KV-BYQ-003,2024-07-04 00:00:00,63.2,66.1
500KV-BYQ-001,2024-07-04 01:00:00,64.9,67.5
500KV-BYQ-002,2024-07-04 01:00:00,56.2,59.1
500KV-BYQ-003,2024-07-04 01:00:00,51.2,52.9
500KV-BYQ-001,2024-07-04 02:00:00,42.7,44.0
500KV-BYQ-002,2024-07-04 02:00:00,54.6,57.4
500KV-BYQ-003,2024-07-04 02:00:00,65.0,67.7
500KV-BYQ-001,2024-07-04 03:00:00,59.3,61.5
500KV-BYQ-002,2024-07-04 03:00:00,44.8,46.4
500KV-BYQ-003,2024-07-04 03:00:00,53.0,55.6
500KV-BYQ-001,2024-07-04 04:00:00,57.0,58.7
500KV-BYQ-002,2024-07-04 04:00:00,45.6,47.5
500KV-BYQ-003,2024-07-04 04:00:00,47.1,48.4
500KV-BYQ-001,2024-07-04 05:00:00,58.8,61.3
500KV-BYQ-002,2024-07-04 05:00:00,43.3,45.5
500KV-BYQ-003,2024-07-04 05:00:00,61.2,64.0
500KV-BYQ-001,2024-07-04 06:00:00,54.2,56.1
500KV-BYQ-002,2024-07-04 06:00:00,58.4,60.8
500KV-BYQ-003,2024-07-04 06:00:00,49.7,51.8
500KV-BYQ-001,2024-07-04 07:00:00,45.0,46.4
500KV-BYQ-002,2024-07-04 07:00:00,58.2,60.3
500KV-BYQ-003,2024-07-04 07:00:00,49.4,52.1
500KV-BYQ-001,2024-07-04 08:00:00,72.2,73
500KV-BYQ-002,2024-07-04 08:00:00,56.6,57.6
500KV-BYQ-003,2024-07-04 08:00:00,64.5,66.7
500KV-BYQ-001,2024-07-04 09:00:00,66.5,69.2
500KV-BYQ-002,2024-07-04 09:00:00,51.4,54.2
500KV-BYQ-003,2024-07-04 09:00:00,59.7,61.5
500KV-BYQ-001,2024-07-04 10:00:00,69.2,71.9
500KV-BYQ-002,2024-07-04 10:00:00,47.9,49.3
500KV-BYQ-003,2024-07-04 10:00:00,61.5,63.9
500KV-BYQ-001,2024-07-04 11:00:00,61.7,63.4
500KV-BYQ-002,2024-07-04 11:00:00,62.6,65.4
500KV-BYQ-003,2024-07-04 11:00:00,50.3,51.4
500KV-BYQ-001,2024-07-04 12:00:00,47.9,50.2
500KV-BYQ-002,2024-07-04 12:00:00,54.2,55.6
500KV-BYQ-003,2024-07-04 12:00:00,59.3,61.6
500KV-BYQ-001,2024-07-04 13:00:00,63.3,65.4
500KV-BYQ-002,2024-07-04 13:00:00,58.0,59.9
500KV-BYQ-003,2024-07-04 13:00:00,62.5,64.3
500KV-BYQ-001,2024-07-04 14:00:00,47.9,50.3
500KV-BYQ-002,2024-07-04 14:00:00,60.9,63.4
500KV-BYQ-003,2024-07-04 14:00:00,52.5,54.3
500KV-BYQ-001,2024-07-04 15:00:00,49.6,51.8
500KV-BYQ-002,2024-07-04 15:00:00,50.2,52.6
500KV-BYQ-003,2024-07-04 15:00:00,71.7,73
500KV-BYQ-001,2024-07-04 16:00:00,67.9,70.8
500KV-BYQ-002,2024-07-04 16:00:00,71.9,73
500KV-BYQ-003,2024-07-04 16:00:00,54.5,55.5
500KV-BYQ-001,2024-07-04 17:00:00,61.4,63.6
500KV-BYQ-002,2024-07-04 17:00:00,53.1,55.7
500KV-BYQ-003,2024-07-04 17:00:00,67.8,70.2
500KV-BYQ-001,2024-07-04 18:00:00,50.4,52.7
500KV-BYQ-002,2024-07-04 18:00:00,59.9,61.6
500KV-BYQ-003,2024-07-04 18:00:00,58.4,60.6
500KV-BYQ-001,2024-07-04 19:00:00,59.5,61.9
500KV-BYQ-002,2024-07-04 19:00:00,62.2,64.9
500KV-BYQ-003,2024-07-04 19:00:00,52.5,53.7
500KV-BYQ-001,2024-07-04 20:00:00,63.5,65.4
500KV-BYQ-002,2024-07-04 20:00:00,54.5,56.4
500KV-BYQ-003,2024-07-04 20:00:00,59.4,61.6
500KV-BYQ-001,2024-07-04 21:00:00,67.4,70.3
500KV-BYQ-002,2024-07-04 21:00:00,51.1,52.3
500KV-BYQ-003,2024-07-04 21:00:00,47.9,49.2
500KV-BYQ-001,2024-07-04 22:00:00,69.8,71.9
500KV-BYQ-002,2024-07-04 22:00:00,65.0,67.1
500KV-BYQ-003,2024-07-04 22:00:00,52.9,55.9
500KV-BYQ-001,2024-07-04 23:00:00,56.0,58.4
500KV-BYQ-002,2024-07-04 23:00:00,54.4,56.4
500KV-BYQ-003,2024-07-04 23:00:00,62.7,64.9
500KV-BYQ-001,2024-07-05 00:00:00,58.7,59.7
500KV-BYQ-002,2024-07-05 00:00:00,54.3,56.0
500KV-BYQ-003,2024-07-05 00:00:00,45.2,47.7
500KV-BYQ-001,2024-07-05 01:00:00,52.5,55.0
500KV-BYQ-002,2024-07-05 01:00:00,60.7,63.3
500KV-BYQ-003,2024-07-05 01:00:00,63.5,65.7
500KV-BYQ-001,2024-07-05 02:00:00,57.7,59.6
500KV-BYQ-002,2024-07-05 02:00:00,64.4,67.0
500KV-BYQ-003,2024-07-05 02:00:00,46.7,48.8
500KV-BYQ-001,2024-07-05 03:00:00,57.2,58.6
500KV-BYQ-002,2024-07-05 03:00:00,62.5,65.2
500KV-BYQ-003,2024-07-05 03:00:00,48.7,50.9
500KV-BYQ-001,2024-07-05 04:00:00,58.0,60.4
500KV-BYQ-002,2024-07-05 04:00:00,54.7,56.0
500KV-BYQ-003,2024-07-05 04:00:00,47.0,48.7
500KV-BYQ-001,2024-07-05 05:00:00,59.9,62.7
500KV-BYQ-002,2024-07-05 05:00:00,63.7,64.8
500KV-BYQ-003,2024-07-05 05:00:00,57.9,59.4
500KV-BYQ-001,2024-07-05 06:00:00,57.5,58.5
500KV-BYQ-002,2024-07-05 06:00:00,55.1,56.3
500KV-BYQ-003,2024-07-05 06:00:00,50.2,51.9
500KV-BYQ-001,2024-07-05 07:00:00,66.9,68.5
500KV-BYQ-002,2024-07-05 07:00:00,49.2,51.2
500KV-BYQ-003,2024-07-05 07:00:00,64.1,65.2
500KV-BYQ-001,2024-07-05 08:00:00,52.2,53.6
500KV-BYQ-002,2024-07-05 08:00:00,49.4,51.9
500KV-BYQ-003,2024-07-05 08:00:00,56.1,58.9
500KV-BYQ-001,2024-07-05 09:00:00,55.7,57.8
500KV-BYQ-002,2024-07-05 09:00:00,51.4,53.8
500KV-BYQ-003,2024-07-05 09:00:00,51.4,54.3
500KV-BYQ-001,2024-07-05 10:00:00,54.4,56.9
500KV-BYQ-002,2024-07-05 10:00:00,48.7,49.8
500KV-BYQ-003,2024-07-05 10:00:00,49.3,50.6
500KV-BYQ-001,2024-07-05 11:00:00,67.7,69.3
500KV-BYQ-002,2024-07-05 11:00:00,63.7,66.3
500KV-BYQ-003,2024-07-05 11:00:00,54.7,56.4
500KV-BYQ-001,2024-07-05 12:00:00,61.6,63.5
500KV-BYQ-002,2024-07-05 12:00:00,60.5,61.7
500KV-BYQ-003,2024-07-05 12:00:00,49.5,51.1
500KV-BYQ-001,2024-07-05 13:00:00,60.6,62.7
500KV-BYQ-002,2024-07-05 13:00:00,62.9,64.5
500KV-BYQ-003,2024-07-05 13:00:00,69.4,71.5
500KV-BYQ-001,2024-07-05 14:00:00,57.3,59.1
500KV-BYQ-002,2024-07-05 14:00:00,48.0,49.4
500KV-BYQ-003,2024-07-05 14:00:00,51.3,54.2
500KV-BYQ-001,2024-07-05 15:00:00,49.3,51.6
500KV-BYQ-002,2024-07-05 15:00:00,52.0,54.2
500KV-BYQ-003,2024-07-05 15:00:00,49.1,52.0
500KV-BYQ-001,2024-07-05 16:00:00,61.3,64.0
500KV-BYQ-002,2024-07-05 16:00:00,70.3,72.9
500KV-BYQ-003,2024-07-05 16:00:00,68.5,69.6
500KV-BYQ-001,2024-07-05 17:00:00,48.5,50.9
500KV-BYQ-002,2024-07-05 17:00:00,57.8,59.1
500KV-BYQ-003,2024-07-05 17:00:00,51.5,54.3
500KV-BYQ-001,2024-07-05 18:00:00,48.2,49.8
500KV-BYQ-002,2024-07-05 18:00:00,49.2,51.5
500KV-BYQ-003,2024-07-05 18:00:00,55.7,57.7
500KV-BYQ-001,2024-07-05 19:00:00,48.5,51.4
500KV-BYQ-002,2024-07-05 19:00:00,50.1,52.2
500KV-BYQ-003,2024-07-05 19:00:00,50.3,52.7
500KV-BYQ-001,2024-07-05 20:00:00,68.1,70.8
500KV-BYQ-002,2024-07-05 20:00:00,64.6,66.9
500KV-BYQ-003,2024-07-05 20:00:00,65.4,68.0
500KV-BYQ-001,2024-07-05 21:00:00,48.6,50.7
500KV-BYQ-002,2024-07-05 21:00:00,51.9,54.7
500KV-BYQ-003,2024-07-05 21:00:00,49.1,50.9
500KV-BYQ-001,2024-07-05 22:00:00,68.6,70.5
500KV-BYQ-002,2024-07-05 22:00:00,67.2,69.8
500KV-BYQ-003,2024-07-05 22:00:00,65.1,67.6
500KV-BYQ-001,2024-07-05 23:00:00,54.7,55.9
500KV-BYQ-002,2024-07-05 23:00:00,50.9,53.3
500KV-BYQ-003,2024-07-05 23:00:00,52.4,54.9
500KV-BYQ-001,2024-07-06 00:00:00,50.8,53.2
500KV-BYQ-002,2024-07-06 00:00:00,65.7,68.7
500KV-BYQ-003,2024-07-06 00:00:00,56.0,58.6
500KV-BYQ-001,2024-07-06 01:00:00,48.3,49.9
500KV-BYQ-002,2024-07-06 01:00:00,54.2,56.9
500KV-BYQ-003,2024-07-06 01:00:00,48.8,51.8
500KV-BYQ-001,2024-07-06 02:00:00,58.0,59.5
500KV-BYQ-002,2024-07-06 02:00:00,53.6,55.3
500KV-BYQ-003,2024-07-06 02:00:00,51.2,52.3
500KV-BYQ-001,2024-07-06 03:00:00,48.6,51.2
500KV-BYQ-002,2024-07-06 03:00:00,49.9,51.6
500KV-BYQ-003,2024-07-06 03:00:00,62.3,65.1
500KV-BYQ-001,2024-07-06 04:00:00,62.8,65.7
500KV-BYQ-002,2024-07-06 04:00:00,52.2,53.3
500KV-BYQ-003,2024-07-06 04:00:00,50.1,53.0
500KV-BYQ-001,2024-07-06 05:00:00,53.3,54.5
500KV-BYQ-002,2024-07-06 05:00:00,64.4,65.8
500KV-BYQ-003,2024-07-06 05:00:00,59.5,61.3
500KV-BYQ-001,2024-07-06 06:00:00,67.6,68.9
500KV-BYQ-002,2024-07-06 06:00:00,66.7,69.5
500KV-BYQ-003,2024-07-06 06:00:00,66.7,68.2
500KV-BYQ-001,2024-07-06 07:00:00,54.6,55.7
500KV-BYQ-002,2024-07-06 07:00:00,50.6,52.8
500KV-BYQ-003,2024-07-06 07:00:00,64.8,67.5
500KV-BYQ-001,2024-07-06 08:00:00,55.1,57.2
500KV-BYQ-002,2024-07-06 08:00:00,55.5,57.8
500KV-BYQ-003,2024-07-06 08:00:00,68.8,71.6
500KV-BYQ-001,2024-07-06 09:00:00,56.4,58.1
500KV-BYQ-002,2024-07-06 09:00:00,69.9,71.4
500KV-BYQ-003,2024-07-06 09:00:00,59.3,61.4
500KV-BYQ-001,2024-07-06 10:00:00,49.7,52.5
500KV-BYQ-002,2024-07-06 10:00:00,51.7,53.4
500KV-BYQ-003,2024-07-06 10:00:00,62.3,64.9
500KV-BYQ-001,2024-07-06 11:00:00,68.8,71.5
500KV-BYQ-002,2024-07-06 11:00:00,71.0,73
500KV-BYQ-003,2024-07-06 11:00:00,53.3,55.8
500KV-BYQ-001,2024-07-06 12:00:00,61.3,64.1
500KV-BYQ-002,2024-07-06 12:00:00,59.6,61.5
500KV-BYQ-003,2024-07-06 12:00:00,49.0,51.0
500KV-BYQ-001,2024-07-06 13:00:00,49.7,51.1
500KV-BYQ-002,2024-07-06 13:00:00,64.0,66.5
500KV-BYQ-003,2024-07-06 13:00:00,58.8,61.4
500KV-BYQ-001,2024-07-06 14:00:00,52.5,53.9
500KV-BYQ-002,2024-07-06 14:00:00,64.5,66.3
500KV-BYQ-003,2024-07-06 14:00:00,66.0,68.4
500KV-BYQ-001,2024-07-06 15:00:00,48.1,49.7
500KV-BYQ-002,2024-07-06 15:00:00,66.0,68.4
500KV-BYQ-003,2024-07-06 15:00:00,57.9,59.8
500KV-BYQ-001,2024-07-06 16:00:00,61.5,63.5
500KV-BYQ-002,2024-07-06 16:00:00,60.0,61.2
500KV-BYQ-003,2024-07-06 16:00:00,54.3,55.3
500KV-BYQ-001,2024-07-06 17:00:00,61.8,63.5
500KV-BYQ-002,2024-07-06 17:00:00,58.9,61.0
500KV-BYQ-003,2024-07-06 17:00:00,51.0,53.1
500KV-BYQ-001,2024-07-06 18:00:00,49.7,50.8
500KV-BYQ-002,2024-07-06 18:00:00,57.6,59.6
500KV-BYQ-003,2024-07-06 18:00:00,59.8,62.6
500KV-BYQ-001,2024-07-06 19:00:00,56.8,59.0
500KV-BYQ-002,2024-07-06 19:00:00,48.6,50.4
500KV-BYQ-003,2024-07-06 19:00:00,52.6,55.3
500KV-BYQ-001,2024-07-06 20:00:00,48.6,51.6
500KV-BYQ-002,2024-07-06 20:00:00,58.2,60.9
500KV-BYQ-003,2024-07-06 20:00:00,49.7,51.4
500KV-BYQ-001,2024-07-06 21:00:00,46.0,47.8
500KV-BYQ-002,2024-07-06 21:00:00,48.0,49.2
500KV-BYQ-003,2024-07-06 21:00:00,45.3,46.8
500KV-BYQ-001,2024-07-06 22:00:00,62.3,63.6
500KV-BYQ-002,2024-07-06 22:00:00,57.0,59.9
500KV-BYQ-003,2024-07-06 22:00:00,56.6,58.4
500KV-BYQ-001,2024-07-06 23:00:00,43.2,44.3
500KV-BYQ-002,2024-07-06 23:00:00,58.5,61.2
500KV-BYQ-003,2024-07-06 23:00:00,62.8,65.0
500KV-BYQ-001,2024-07-07 00:00:00,47.5,50.1
500KV-BYQ-002,2024-07-07 00:00:00,59.4,61.2
500KV-BYQ-003,2024-07-07 00:00:00,54.2,57.1
500KV-BYQ-001,2024-07-07 01:00:00,61.4,63.0
500KV-BYQ-002,2024-07-07 01:00:00,54.6,57.6
500KV-BYQ-003,2024-07-07 01:00:00,64.9,67.6
500KV-BYQ-001,2024-07-07 02:00:00,67.1,69.6
500KV-BYQ-002,2024-07-07 02:00:00,47.4,49.6
500KV-BYQ-003,2024-07-07 02:00:00,66.6,67.8
500KV-BYQ-001,2024-07-07 03:00:00,51.9,54.7
500KV-BYQ-002,2024-07-07 03:00:00,51.5,54.4
500KV-BYQ-003,2024-07-07 03:00:00,46.7,48.9
500KV-BYQ-001,2024-07-07 04:00:00,64.8,67.3
500KV-BYQ-002,2024-07-07 04:00:00,63.3,64.5
500KV-BYQ-003,2024-07-07 04:00:00,56.8,58.7
500KV-BYQ-001,2024-07-07 05:00:00,48.9,50.2
500KV-BYQ-002,2024-07-07 05:00:00,50.6,52.9
500KV-BYQ-003,2024-07-07 05:00:00,60.0,61.3
500KV-BYQ-001,2024-07-07 06:00:00,56.7,59.3
500KV-BYQ-002,2024-07-07 06:00:00,59.2,61.9
500KV-BYQ-003,2024-07-07 06:00:00,49.3,52.0
500KV-BYQ-001,2024-07-07 07:00:00,62.8,65.3
500KV-BYQ-002,2024-07-07 07:00:00,50.3,51.5
500KV-BYQ-003,2024-07-07 07:00:00,66.5,69.5
500KV-BYQ-001,2024-07-07 08:00:00,63.5,65.0
500KV-BYQ-002,2024-07-07 08:00:00,63.5,66.2
500KV-BYQ-003,2024-07-07 08:00:00,48.1,50.2
500KV-BYQ-001,2024-07-07 09:00:00,59.5,61.1
500KV-BYQ-002,2024-07-07 09:00:00,68.0,69.2
500KV-BYQ-003,2024-07-07 09:00:00,49.4,52.0
500KV-BYQ-001,2024-07-07 10:00:00,60.5,61.7
500KV-BYQ-002,2024-07-07 10:00:00,51.5,53.9
500KV-BYQ-003,2024-07-07 10:00:00,57.6,59.6
500KV-BYQ-001,2024-07-07 11:00:00,51.1,53.1
500KV-BYQ-002,2024-07-07 11:00:00,64.0,65.1
500KV-BYQ-003,2024-07-07 11:00:00,49.6,51.5
500KV-BYQ-001,2024-07-07 12:00:00,70.4,71.4
500KV-BYQ-002,2024-07-07 12:00:00,49.4,50.4
500KV-BYQ-003,2024-07-07 12:00:00,64.1,65.7
500KV-BYQ-001,2024-07-07 13:00:00,63.7,66.3
500KV-BYQ-002,2024-07-07 13:00:00,52.7,54.1
500KV-BYQ-003,2024-07-07 13:00:00,53.6,55.5
500KV-BYQ-001,2024-07-07 14:00:00,64.0,65.2
500KV-BYQ-002,2024-07-07 14:00:00,59.5,61.6
500KV-BYQ-003,2024-07-07 14:00:00,50.7,53.2
500KV-BYQ-001,2024-07-07 15:00:00,53.5,55.8
500KV-BYQ-002,2024-07-07 15:00:00,60.2,61.7
500KV-BYQ-003,2024-07-07 15:00:00,65.0,67.9
500KV-BYQ-001,2024-07-07 16:00:00,67.4,70.0
500KV-BYQ-002,2024-07-07 16:00:00,52.2,53.7
500KV-BYQ-003,2024-07-07 16:00:00,55.2,56.9
500KV-BYQ-001,2024-07-07 17:00:00,64.5,65.6
500KV-BYQ-002,2024-07-07 17:00:00,55.4,56.8
500KV-BYQ-003,2024-07-07 17:00:00,61.5,63.4
500KV-BYQ-001,2024-07-07 18:00:00,61.5,63.6
500KV-BYQ-002,2024-07-07 18:00:00,60.3,62.7
500KV-BYQ-003,2024-07-07 18:00:00,64.6,66.3
500KV-BYQ-001,2024-07-07 19:00:00,53.8,55.4
500KV-BYQ-002,2024-07-07 19:00:00,54.1,55.9
500KV-BYQ-003,2024-07-07 19:00:00,59.6,61.6
500KV-BYQ-001,2024-07-07 20:00:00,55.2,58.2
500KV-BYQ-002,2024-07-07 20:00:00,64.2,65.5
500KV-BYQ-003,2024-07-07 20:00:00,58.1,60.0
500KV-BYQ-001,2024-07-07 21:00:00,66.4,67.9
500KV-BYQ-002,2024-07-07 21:00:00,66.6,68.5
500KV-BYQ-003,2024-07-07 21:00:00,57.9,60.7
500KV-BYQ-001,2024-07-07 22:00:00,45.7,48.0
500KV-BYQ-002,2024-07-07 22:00:00,46.8,48.4
500KV-BYQ-003,2024-07-07 22:00:00,55.1,57.8
500KV-BYQ-001,2024-07-07 23:00:00,46.4,47.7
500KV-BYQ-002,2024-07-07 23:00:00,50.9,52.4
500KV-BYQ-003,2024-07-07 23:00:00,43.1,44.4
500KV-BYQ-001,2024-07-08 00:00:00,53.3,55.2
500KV-BYQ-002,2024-07-08 00:00:00,51.1,53.7
500KV-BYQ-003,2024-07-08 00:00:00,55.4,57.4
500KV-BYQ-001,2024-07-08 01:00:00,52.2,54.3
500KV-BYQ-002,2024-07-08 01:00:00,55.0,56.6
500KV-BYQ-003,2024-07-08 01:00:00,57.0,58.1
500KV-BYQ-001,2024-07-08 02:00:00,47.9,49.1
500KV-BYQ-002,2024-07-08 02:00:00,46.0,48.9
500KV-BYQ-003,2024-07-08 02:00:00,51.8,53.3
500KV-BYQ-001,2024-07-08 03:00:00,58.7,60.9
500KV-BYQ-002,2024-07-08 03:00:00,65.5,67.0
500KV-BYQ-003,2024-07-08 03:00:00,54.3,56.6
500KV-BYQ-001,2024-07-08 04:00:00,61.9,63.8
500KV-BYQ-002,2024-07-08 04:00:00,43.9,46.1
500KV-BYQ-003,2024-07-08 04:00:00,50.1,51.2
500KV-BYQ-001,2024-07-08 05:00:00,64.7,67.5
500KV-BYQ-002,2024-07-08 05:00:00,61.7,63.4
500KV-BYQ-003,2024-07-08 05:00:00,58.8,61.6
500KV-BYQ-001,2024-07-08 06:00:00,55.2,57.7
500KV-BYQ-002,2024-07-08 06:00:00,60.1,61.1
500KV-BYQ-003,2024-07-08 06:00:00,49.2,50.9
500KV-BYQ-001,2024-07-08 07:00:00,50.5,53.1
500KV-BYQ-002,2024-07-08 07:00:00,59.2,61.3
500KV-BYQ-003,2024-07-08 07:00:00,44.6,47.5
500KV-BYQ-001,2024-07-08 08:00:00,69.4,71.3
500KV-BYQ-002,2024-07-08 08:00:00,48.1,50.1
500KV-BYQ-003,2024-07-08 08:00:00,60.4,61.9
500KV-BYQ-001,2024-07-08 09:00:00,68.8,70.1
500KV-BYQ-002,2024-07-08 09:00:00,61.0,62.9
500KV-BYQ-003,2024-07-08 09:00:00,68.0,70.4
500KV-BYQ-001,2024-07-08 10:00:00,48.0,49.1
500KV-BYQ-002,2024-07-08 10:00:00,46.7,49.6
500KV-BYQ-003,2024-07-08 10:00:00,64.0,65.3
500KV-BYQ-001,2024-07-08 11:00:00,60.4,63.0
500KV-BYQ-002,2024-07-08 11:00:00,54.6,57.3
500KV-BYQ-003,2024-07-08 11:00:00,58.8,61.2
500KV-BYQ-001,2024-07-08 12:00:00,71.3,73
500KV-BYQ-002,2024-07-08 12:00:00,49.4,52.0
500KV-BYQ-003,2024-07-08 12:00:00,51.7,53.5
500KV-BYQ-001,2024-07-08 13:00:00,53.7,56.2
500KV-BYQ-002,2024-07-08 13:00:00,52.6,55.6
500KV-BYQ-003,2024-07-08 13:00:00,48.7,49.8
500KV-BYQ-001,2024-07-08 14:00:00,71.0,72.7
500KV-BYQ-002,2024-07-08 14:00:00,50.4,51.8
500KV-BYQ-003,2024-07-08 14:00:00,50.6,53.5
500KV-BYQ-001,2024-07-08 15:00:00,69.3,71.8
500KV-BYQ-002,2024-07-08 15:00:00,47.2,49.9
500KV-BYQ-003,2024-07-08 15:00:00,58.3,60.8
500KV-BYQ-001,2024-07-08 16:00:00,59.5,61.1
500KV-BYQ-002,2024-07-08 16:00:00,53.7,56.0
500KV-BYQ-003,2024-07-08 16:00:00,49.6,52.5
500KV-BYQ-001,2024-07-08 17:00:00,54.4,55.4
500KV-BYQ-002,2024-07-08 17:00:00,48.0,50.9
500KV-BYQ-003,2024-07-08 17:00:00,71.6,73
500KV-BYQ-001,2024-07-08 18:00:00,63.5,65.6
500KV-BYQ-002,2024-07-08 18:00:00,62.6,64.0
500KV-BYQ-003,2024-07-08 18:00:00,46.8,48.9
500KV-BYQ-001,2024-07-08 19:00:00,61.9,62.9
500KV-BYQ-002,2024-07-08 19:00:00,56.6,59.1
500KV-BYQ-003,2024-07-08 19:00:00,50.4,53.1
500KV-BYQ-001,2024-07-08 20:00:00,48.9,50.3
500KV-BYQ-002,2024-07-08 20:00:00,61.2,62.5
500KV-BYQ-003,2024-07-08 20:00:00,50.0,51.8
500KV-BYQ-001,2024-07-08 21:00:00,48.7,50.5
500KV-BYQ-002,2024-07-08 21:00:00,48.1,49.9
500KV-BYQ-003,2024-07-08 21:00:00,62.3,65.3
500KV-BYQ-001,2024-07-08 22:00:00,56.6,59.1
500KV-BYQ-002,2024-07-08 22:00:00,64.5,67.5
500KV-BYQ-003,2024-07-08 22:00:00,67.1,68.8
500KV-BYQ-001,2024-07-08 23:00:00,46.9,49.4
500KV-BYQ-002,2024-07-08 23:00:00,49.5,51.0
500KV-BYQ-003,2024-07-08 23:00:00,50.6,53.2
500KV-BYQ-001,2024-07-09 00:00:00,65.7,67.8
500KV-BYQ-002,2024-07-09 00:00:00,57.4,59.2
500KV-BYQ-003,2024-07-09 00:00:00,59.1,60.8
500KV-BYQ-001,2024-07-09 01:00:00,63.1,65.7
500KV-BYQ-002,2024-07-09 01:00:00,51.1,53.8
500KV-BYQ-003,2024-07-09 01:00:00,60.7,63.3
500KV-BYQ-001,2024-07-09 02:00:00,49.7,51.8
500KV-BYQ-002,2024-07-09 02:00:00,47.4,48.5
500KV-BYQ-003,2024-07-09 02:00:00,52.0,53.5
500KV-BYQ-001,2024-07-09 03:00:00,50.7,53.3
500KV-BYQ-002,2024-07-09 03:00:00,62.3,64.3
500KV-BYQ-003,2024-07-09 03:00:00,61.8,64.4
500KV-BYQ-001,2024-07-09 04:00:00,64.5,66.2
500KV-BYQ-002,2024-07-09 04:00:00,62.3,63.9
500KV-BYQ-003,2024-07-09 04:00:00,56.6,57.9
500KV-BYQ-001,2024-07-09 05:00:00,55.4,57.4
500KV-BYQ-002,2024-07-09 05:00:00,55.2,56.3
500KV-BYQ-003,2024-07-09 05:00:00,52.3,55.2
500KV-BYQ-001,2024-07-09 06:00:00,64.9,66.7
500KV-BYQ-002,2024-07-09 06:00:00,66.6,68.5
500KV-BYQ-003,2024-07-09 06:00:00,61.9,64.3
500KV-BYQ-001,2024-07-09 07:00:00,53.1,55.9
500KV-BYQ-002,2024-07-09 07:00:00,51.1,52.7
500KV-BYQ-003,2024-07-09 07:00:00,63.5,64.7
500KV-BYQ-001,2024-07-09 08:00:00,63.5,64.8
500KV-BYQ-002,2024-07-09 08:00:00,63.6,65.7
500KV-BYQ-003,2024-07-09 08:00:00,50.4,51.9
500KV-BYQ-001,2024-07-09 09:00:00,58.3,60.1
500KV-BYQ-002,2024-07-09 09:00:00,64.5,66.2
500KV-BYQ-003,2024-07-09 09:00:00,57.0,58.8
500KV-BYQ-001,2024-07-09 10:00:00,53.6,55.7
500KV-BYQ-002,2024-07-09 10:00:00,48.5,50.0
500KV-BYQ-003,2024-07-09 10:00:00,58.2,61.0
500KV-BYQ-001,2024-07-09 11:00:00,54.9,56.9
500KV-BYQ-002,2024-07-09 11:00:00,51.8,53.8
500KV-BYQ-003,2024-07-09 11:00:00,59.8,62.7
500KV-BYQ-001,2024-07-09 12:00:00,64.7,67.1
500KV-BYQ-002,2024-07-09 12:00:00,61.6,64.3
500KV-BYQ-003,2024-07-09 12:00:00,64.6,65.8
500KV-BYQ-001,2024-07-09 13:00:00,63.8,65.8
500KV-BYQ-002,2024-07-09 13:00:00,68.1,70.1
500KV-BYQ-003,2024-07-09 13:00:00,55.6,57.5
500KV-BYQ-001,2024-07-09 14:00:00,66.0,67.3
500KV-BYQ-002,2024-07-09 14:00:00,62.8,64.5
500KV-BYQ-003,2024-07-09 14:00:00,47.3,49.1
500KV-BYQ-001,2024-07-09 15:00:00,61.6,64.5
500KV-BYQ-002,2024-07-09 15:00:00,60.0,62.5
500KV-BYQ-003,2024-07-09 15:00:00,61.2,63.7
500KV-BYQ-001,2024-07-09 16:00:00,61.0,63.1
500KV-BYQ-002,2024-07-09 16:00:00,47.3,48.8
500KV-BYQ-003,2024-07-09 16:00:00,50.4,51.9
500KV-BYQ-001,2024-07-09 17:00:00,48.7,51.6
500KV-BYQ-002,2024-07-09 17:00:00,56.9,59.8
500KV-BYQ-003,2024-07-09 17:00:00,50.6,52.3
500KV-BYQ-001,2024-07-09 18:00:00,48.2,49.5
500KV-BYQ-002,2024-07-09 18:00:00,63.7,66.2
500KV-BYQ-003,2024-07-09 18:00:00,61.1,63.2
500KV-BYQ-001,2024-07-09 19:00:00,48.7,50.3
500KV-BYQ-002,2024-07-09 19:00:00,65.3,66.6
500KV-BYQ-003,2024-07-09 19:00:00,52.8,53.9
500KV-BYQ-001,2024-07-09 20:00:00,64.4,67.3
500KV-BYQ-002,2024-07-09 20:00:00,63.8,65.4
500KV-BYQ-003,2024-07-09 20:00:00,50.7,53.1
500KV-BYQ-001,2024-07-09 21:00:00,53.2,55.2
500KV-BYQ-002,2024-07-09 21:00:00,58.9,61.3
500KV-BYQ-003,2024-07-09 21:00:00,57.5,60.4
500KV-BYQ-001,2024-07-09 22:00:00,49.6,51.5
500KV-BYQ-002,2024-07-09 22:00:00,56.1,57.9
500KV-BYQ-003,2024-07-09 22:00:00,68.7,70.1
500KV-BYQ-001,2024-07-09 23:00:00,42.1,44.8
500KV-BYQ-002,2024-07-09 23:00:00,44.6,47.1
500KV-BYQ-003,2024-07-09 23:00:00,47.1,49.5
500KV-BYQ-001,2024-07-10 00:00:00,50.7,52.6
500KV-BYQ-002,2024-07-10 00:00:00,53.0,54.9
500KV-BYQ-003,2024-07-10 00:00:00,59.5,61.4
500KV-BYQ-001,2024-07-10 01:00:00,57.6,59.0
500KV-BYQ-002,2024-07-10 01:00:00,51.3,53.3
500KV-BYQ-003,2024-07-10 01:00:00,65.3,67.0
500KV-BYQ-001,2024-07-10 02:00:00,51.0,52.7
500KV-BYQ-002,2024-07-10 02:00:00,52.5,53.8
500KV-BYQ-003,2024-07-10 02:00:00,53.1,54.7
500KV-BYQ-001,2024-07-10 03:00:00,55.7,58.7
500KV-BYQ-002,2024-07-10 03:00:00,47.8,49.6
500KV-BYQ-003,2024-07-10 03:00:00,54.5,56.5
500KV-BYQ-001,2024-07-10 04:00:00,67.2,68.2
500KV-BYQ-002,2024-07-10 04:00:00,55.2,57.0
500KV-BYQ-003,2024-07-10 04:00:00,61.9,64.7
500KV-BYQ-001,2024-07-10 05:00:00,50.9,52.6
500KV-BYQ-002,2024-07-10 05:00:00,46.4,49.0
500KV-BYQ-003,2024-07-10 05:00:00,61.2,63.6
500KV-BYQ-001,2024-07-10 06:00:00,55.3,56.9
500KV-BYQ-002,2024-07-10 06:00:00,45.0,46.5
500KV-BYQ-003,2024-07-10 06:00:00,62.2,64.9
500KV-BYQ-001,2024-07-10 07:00:00,63.9,65.8
500KV-BYQ-002,2024-07-10 07:00:00,46.1,49.0
500KV-BYQ-003,2024-07-10 07:00:00,54.5,56.9
500KV-BYQ-001,2024-07-10 08:00:00,72.1,73
500KV-BYQ-002,2024-07-10 08:00:00,48.2,50.3
500KV-BYQ-003,2024-07-10 08:00:00,50.1,53.0
500KV-BYQ-001,2024-07-10 09:00:00,53.6,55.9
500KV-BYQ-002,2024-07-10 09:00:00,53.1,55.1
500KV-BYQ-003,2024-07-10 09:00:00,52.3,53.8
500KV-BYQ-001,2024-07-10 10:00:00,69.5,71.4
500KV-BYQ-002,2024-07-10 10:00:00,55.4,58.0
500KV-BYQ-003,2024-07-10 10:00:00,65.8,67.7
500KV-BYQ-001,2024-07-10 11:00:00,70.7,72.6
500KV-BYQ-002,2024-07-10 11:00:00,50.7,53.2
500KV-BYQ-003,2024-07-10 11:00:00,58.3,60.8
500KV-BYQ-001,2024-07-10 12:00:00,65.6,68.5
500KV-BYQ-002,2024-07-10 12:00:00,46.0,48.4
500KV-BYQ-003,2024-07-10 12:00:00,61.6,64.0
500KV-BYQ-001,2024-07-10 13:00:00,70.3,71.5
500KV-BYQ-002,2024-07-10 13:00:00,62.1,63.7
500KV-BYQ-003,2024-07-10 13:00:00,72.1,73
500KV-BYQ-001,2024-07-10 14:00:00,54.2,56.7
500KV-BYQ-002,2024-07-10 14:00:00,52.8,55.3
500KV-BYQ-003,2024-07-10 14:00:00,62.0,64.5
500KV-BYQ-001,2024-07-10 15:00:00,70.7,72.6
500KV-BYQ-002,2024-07-10 15:00:00,53.8,56.4
500KV-BYQ-003,2024-07-10 15:00:00,70.9,72.0
500KV-BYQ-001,2024-07-10 16:00:00,68.3,70.5
500KV-BYQ-002,2024-07-10 16:00:00,67.8,68.9
500KV-BYQ-003,2024-07-10 16:00:00,69.2,70.9
500KV-BYQ-001,2024-07-10 17:00:00,53.6,54.6
500KV-BYQ-002,2024-07-10 17:00:00,67.8,69.5
500KV-BYQ-003,2024-07-10 17:00:00,51.7,53.6
500KV-BYQ-001,2024-07-10 18:00:00,56.9,58.7
500KV-BYQ-002,2024-07-10 18:00:00,52.1,54.5
500KV-BYQ-003,2024-07-10 18:00:00,59.9,61.7
500KV-BYQ-001,2024-07-10 19:00:00,49.9,52.2
500KV-BYQ-002,2024-07-10 19:00:00,63.2,66.2
500KV-BYQ-003,2024-07-10 19:00:00,48.4,49.4
500KV-BYQ-001,2024-07-10 20:00:00,53.8,56.1
500KV-BYQ-002,2024-07-10 20:00:00,58.3,60.0
500KV-BYQ-003,2024-07-10 20:00:00,61.6,63.7
500KV-BYQ-001,2024-07-10 21:00:00,64.2,66.4
500KV-BYQ-002,2024-07-10 21:00:00,66.8,69.4
500KV-BYQ-003,2024-07-10 21:00:00,46.4,48.2
500KV-BYQ-001,2024-07-10 22:00:00,65.8,66.9
500KV-BYQ-002,2024-07-10 22:00:00,56.0,59.0
500KV-BYQ-003,2024-07-10 22:00:00,60.0,61.9
500KV-BYQ-001,2024-07-10 23:00:00,62.3,64.9
500KV-BYQ-002,2024-07-10 23:00:00,50.3,52.3
500KV-BYQ-003,2024-07-10 23:00:00,61.3,63.5
500KV-BYQ-001,2024-07-11 00:00:00,44.9,47.2
500KV-BYQ-002,2024-07-11 00:00:00,48.8,51.2
500KV-BYQ-003,2024-07-11 00:00:00,61.1,63.1
500KV-BYQ-001,2024-07-11 01:00:00,59.8,61.8
500KV-BYQ-002,2024-07-11 01:00:00,49.5,51.8
500KV-BYQ-003,2024-07-11 01:00:00,53.2,55.0
500KV-BYQ-001,2024-07-11 02:00:00,58.0,59.3
500KV-BYQ-002,2024-07-11 02:00:00,57.1,59.3
500KV-BYQ-003,2024-07-11 02:00:00,60.6,62.0
500KV-BYQ-001,2024-07-11 03:00:00,54.9,57.2
500KV-BYQ-002,2024-07-11 03:00:00,63.0,64.9
500KV-BYQ-003,2024-07-11 03:00:00,53.6,54.8
500KV-BYQ-001,2024-07-11 04:00:00,48.1,50.1
500KV-BYQ-002,2024-07-11 04:00:00,53.6,56.3
500KV-BYQ-003,2024-07-11 04:00:00,49.6,51.8
500KV-BYQ-001,2024-07-11 05:00:00,54.8,57.5
500KV-BYQ-002,2024-07-11 05:00:00,57.4,60.3
500KV-BYQ-003,2024-07-11 05:00:00,51.2,53.9
500KV-BYQ-001,2024-07-11 06:00:00,51.5,54.3
500KV-BYQ-002,2024-07-11 06:00:00,49.9,51.3
500KV-BYQ-003,2024-07-11 06:00:00,54.9,56.8
500KV-BYQ-001,2024-07-11 07:00:00,60.9,63.0
500KV-BYQ-002,2024-07-11 07:00:00,49.5,51.6
500KV-BYQ-003,2024-07-11 07:00:00,42.4,43.6
500KV-BYQ-001,2024-07-11 08:00:00,65.2,68.0
500KV-BYQ-002,2024-07-11 08:00:00,64.2,66.2
500KV-BYQ-003,2024-07-11 08:00:00,52.2,54.7
500KV-BYQ-001,2024-07-11 09:00:00,59.4,61.6
500KV-BYQ-002,2024-07-11 09:00:00,50.1,52.0
500KV-BYQ-003,2024-07-11 09:00:00,70.2,72.4
500KV-BYQ-001,2024-07-11 10:00:00,57.3,59.2
500KV-BYQ-002,2024-07-11 10:00:00,50.2,52.6
500KV-BYQ-003,2024-07-11 10:00:00,61.5,63.2
500KV-BYQ-001,2024-07-11 11:00:00,65.1,67.1
500KV-BYQ-002,2024-07-11 11:00:00,58.2,60.9
500KV-BYQ-003,2024-07-11 11:00:00,47.7,48.9
500KV-BYQ-001,2024-07-11 12:00:00,62.9,64.3
500KV-BYQ-002,2024-07-11 12:00:00,69.7,72.5
500KV-BYQ-003,2024-07-11 12:00:00,67.2,69.2
500KV-BYQ-001,2024-07-11 13:00:00,61.7,63.5
500KV-BYQ-002,2024-07-11 13:00:00,50.3,51.6
500KV-BYQ-003,2024-07-11 13:00:00,51.2,53.6
500KV-BYQ-001,2024-07-11 14:00:00,63.9,66.0
500KV-BYQ-002,2024-07-11 14:00:00,48.7,50.9
500KV-BYQ-003,2024-07-11 14:00:00,70.8,73.0
500KV-BYQ-001,2024-07-11 15:00:00,65.6,68.2
500KV-BYQ-002,2024-07-11 15:00:00,57.6,59.0
500KV-BYQ-003,2024-07-11 15:00:00,52.2,54.1
500KV-BYQ-001,2024-07-11 16:00:00,61.7,64.1
500KV-BYQ-002,2024-07-11 16:00:00,64.2,66.4
500KV-BYQ-003,2024-07-11 16:00:00,52.6,55.2
500KV-BYQ-001,2024-07-11 17:00:00,67.3,68.7
500KV-BYQ-002,2024-07-11 17:00:00,54.4,55.9
500KV-BYQ-003,2024-07-11 17:00:00,61.4,63.5
500KV-BYQ-001,2024-07-11 18:00:00,46.4,48.5
500KV-BYQ-002,2024-07-11 18:00:00,60.1,62.7
500KV-BYQ-003,2024-07-11 18:00:00,52.0,53.2
500KV-BYQ-001,2024-07-11 19:00:00,47.4,49.4
500KV-BYQ-002,2024-07-11 19:00:00,66.8,68.7
500KV-BYQ-003,2024-07-11 19:00:00,45.3,47.7
500KV-BYQ-001,2024-07-11 20:00:00,60.9,62.6
500KV-BYQ-002,2024-07-11 20:00:00,64.1,65.5
500KV-BYQ-003,2024-07-11 20:00:00,50.2,52.5
500KV-BYQ-001,2024-07-11 21:00:00,47.5,50.2
500KV-BYQ-002,2024-07-11 21:00:00,50.8,53.7
500KV-BYQ-003,2024-07-11 21:00:00,61.2,63.8
500KV-BYQ-001,2024-07-11 22:00:00,48.5,50.3
500KV-BYQ-002,2024-07-11 22:00:00,65.2,67.2
500KV-BYQ-003,2024-07-11 22:00:00,64.2,65.5
500KV-BYQ-001,2024-07-11 23:00:00,53.3,54.7
500KV-BYQ-002,2024-07-11 23:00:00,48.7,51.1
500KV-BYQ-003,2024-07-11 23:00:00,51.4,53.4
500KV-BYQ-001,2024-07-12 00:00:00,57.5,59.7
500KV-BYQ-002,2024-07-12 00:00:00,43.4,46.1
500KV-BYQ-003,2024-07-12 00:00:00,45.4,47.5
500KV-BYQ-001,2024-07-12 01:00:00,61.8,64.5
500KV-BYQ-002,2024-07-12 01:00:00,46.8,48.4
500KV-BYQ-003,2024-07-12 01:00:00,53.5,56.3
500KV-BYQ-001,2024-07-12 02:00:00,63.1,64.8
500KV-BYQ-002,2024-07-12 02:00:00,45.5,46.7
500KV-BYQ-003,2024-07-12 02:00:00,55.6,57.1
500KV-BYQ-001,2024-07-12 03:00:00,65.2,67.6
500KV-BYQ-002,2024-07-12 03:00:00,45.9,47.0
500KV-BYQ-003,2024-07-12 03:00:00,64.9,67.3
500KV-BYQ-001,2024-07-12 04:00:00,47.8,49.5
500KV-BYQ-002,2024-07-12 04:00:00,43.8,45.4
500KV-BYQ-003,2024-07-12 04:00:00,55.1,56.9
500KV-BYQ-001,2024-07-12 05:00:00,60.0,62.2
500KV-BYQ-002,2024-07-12 05:00:00,63.6,65.0
500KV-BYQ-003,2024-07-12 05:00:00,65.9,68.8
500KV-BYQ-001,2024-07-12 06:00:00,49.0,51.1
500KV-BYQ-002,2024-07-12 06:00:00,50.4,53.0
500KV-BYQ-003,2024-07-12 06:00:00,52.6,54.9
500KV-BYQ-001,2024-07-12 07:00:00,66.7,67.8
500KV-BYQ-002,2024-07-12 07:00:00,51.4,54.0
500KV-BYQ-003,2024-07-12 07:00:00,57.9,59.9
500KV-BYQ-001,2024-07-12 08:00:00,56.6,59.4
500KV-BYQ-002,2024-07-12 08:00:00,58.2,60.4
500KV-BYQ-003,2024-07-12 08:00:00,51.9,54.1
500KV-BYQ-001,2024-07-12 09:00:00,51.6,54.1
500KV-BYQ-002,2024-07-12 09:00:00,69.1,70.9
500KV-BYQ-003,2024-07-12 09:00:00,61.1,63.5
500KV-BYQ-001,2024-07-12 10:00:00,70.0,71.6
500KV-BYQ-002,2024-07-12 10:00:00,60.0,61.4
500KV-BYQ-003,2024-07-12 10:00:00,50.7,52.1
500KV-BYQ-001,2024-07-12 11:00:00,48.3,51.1
500KV-BYQ-002,2024-07-12 11:00:00,54.9,57.4
500KV-BYQ-003,2024-07-12 11:00:00,62.4,65.2
500KV-BYQ-001,2024-07-12 12:00:00,59.2,60.5
500KV-BYQ-002,2024-07-12 12:00:00,48.5,49.5
500KV-BYQ-003,2024-07-12 12:00:00,54.4,55.7
500KV-BYQ-001,2024-07-12 13:00:00,64.0,66.9
500KV-BYQ-002,2024-07-12 13:00:00,53.4,56.2
500KV-BYQ-003,2024-07-12 13:00:00,48.4,50.5
500KV-BYQ-001,2024-07-12 14:00:00,60.6,63.3
500KV-BYQ-002,2024-07-12 14:00:00,63.9,65.9
500KV-BYQ-003,2024-07-12 14:00:00,71.1,72.6
500KV-BYQ-001,2024-07-12 15:00:00,49.7,52.4
500KV-BYQ-002,2024-07-12 15:00:00,58.7,60.3
500KV-BYQ-003,2024-07-12 15:00:00,71.0,73
500KV-BYQ-001,2024-07-12 16:00:00,65.1,66.3
500KV-BYQ-002,2024-07-12 16:00:00,46.2,47.9
500KV-BYQ-003,2024-07-12 16:00:00,69.5,71.1
500KV-BYQ-001,2024-07-12 17:00:00,69.8,71.3
500KV-BYQ-002,2024-07-12 17:00:00,70.9,72.8
500KV-BYQ-003,2024-07-12 17:00:00,59.4,62.4
500KV-BYQ-001,2024-07-12 18:00:00,54.3,55.6
500KV-BYQ-002,2024-07-12 18:00:00,68.8,70.6
500KV-BYQ-003,2024-07-12 18:00:00,55.8,58.7
500KV-BYQ-001,2024-07-12 19:00:00,52.4,53.5
500KV-BYQ-002,2024-07-12 19:00:00,60.1,63.1
500KV-BYQ-003,2024-07-12 19:00:00,60.1,61.2
500KV-BYQ-001,2024-07-12 20:00:00,52.7,54.0
500KV-BYQ-002,2024-07-12 20:00:00,66.6,68.0
500KV-BYQ-003,2024-07-12 20:00:00,61.5,63.2
500KV-BYQ-001,2024-07-12 21:00:00,50.4,53.4
500KV-BYQ-002,2024-07-12 21:00:00,62.3,63.6
500KV-BYQ-003,2024-07-12 21:00:00,61.1,63.4
500KV-BYQ-001,2024-07-12 22:00:00,68.3,71.1
500KV-BYQ-002,2024-07-12 22:00:00,59.9,61.5
500KV-BYQ-003,2024-07-12 22:00:00,46.8,48.3
500KV-BYQ-001,2024-07-12 23:00:00,67.5,69.0
500KV-BYQ-002,2024-07-12 23:00:00,53.4,56.3
500KV-BYQ-003,2024-07-12 23:00:00,60.5,62.2
500KV-BYQ-001,2024-07-13 00:00:00,57.2,59.3
500KV-BYQ-002,2024-07-13 00:00:00,58.4,61.1
500KV-BYQ-003,2024-07-13 00:00:00,46.7,48.3
500KV-BYQ-001,2024-07-13 01:00:00,53.2,55.1
500KV-BYQ-002,2024-07-13 01:00:00,57.6,60.6
500KV-BYQ-003,2024-07-13 01:00:00,59.7,61.5
500KV-BYQ-001,2024-07-13 02:00:00,50.1,51.7
500KV-BYQ-002,2024-07-13 02:00:00,67.3,70.3
500KV-BYQ-003,2024-07-13 02:00:00,50.4,51.4
500KV-BYQ-001,2024-07-13 03:00:00,64.2,66.1
500KV-BYQ-002,2024-07-13 03:00:00,61.5,62.7
500KV-BYQ-003,2024-07-13 03:00:00,59.5,60.8
500KV-BYQ-001,2024-07-13 04:00:00,47.0,49.5
500KV-BYQ-002,2024-07-13 04:00:00,49.4,51.4
500KV-BYQ-003,2024-07-13 04:00:00,43.1,45.9
500KV-BYQ-001,2024-07-13 05:00:00,61.3,62.9
500KV-BYQ-002,2024-07-13 05:00:00,52.6,55.6
500KV-BYQ-003,2024-07-13 05:00:00,42.6,44.6
500KV-BYQ-001,2024-07-13 06:00:00,54.5,56.9
500KV-BYQ-002,2024-07-13 06:00:00,59.4,61.3
500KV-BYQ-003,2024-07-13 06:00:00,42.8,44.6
500KV-BYQ-001,2024-07-13 07:00:00,57.1,58.2
500KV-BYQ-002,2024-07-13 07:00:00,50.8,52.3
500KV-BYQ-003,2024-07-13 07:00:00,49.2,50.3
500KV-BYQ-001,2024-07-13 08:00:00,48.4,51.0
500KV-BYQ-002,2024-07-13 08:00:00,63.3,65.2
500KV-BYQ-003,2024-07-13 08:00:00,60.4,63.1
500KV-BYQ-001,2024-07-13 09:00:00,50.1,51.8
500KV-BYQ-002,2024-07-13 09:00:00,53.4,56.0
500KV-BYQ-003,2024-07-13 09:00:00,50.9,52.8
500KV-BYQ-001,2024-07-13 10:00:00,56.3,58.5
500KV-BYQ-002,2024-07-13 10:00:00,51.3,53.7
500KV-BYQ-003,2024-07-13 10:00:00,58.9,60.9
500KV-BYQ-001,2024-07-13 11:00:00,63.6,64.9
500KV-BYQ-002,2024-07-13 11:00:00,70.5,71.5
500KV-BYQ-003,2024-07-13 11:00:00,48.8,50.8
500KV-BYQ-001,2024-07-13 12:00:00,57.8,59.4
500KV-BYQ-002,2024-07-13 12:00:00,47.0,48.7
500KV-BYQ-003,2024-07-13 12:00:00,72.0,73
500KV-BYQ-001,2024-07-13 13:00:00,70.0,72.6
500KV-BYQ-002,2024-07-13 13:00:00,66.3,69.1
500KV-BYQ-003,2024-07-13 13:00:00,63.9,66.1
500KV-BYQ-001,2024-07-13 14:00:00,51.7,52.9
500KV-BYQ-002,2024-07-13 14:00:00,49.8,52.2
500KV-BYQ-003,2024-07-13 14:00:00,50.6,52.2
500KV-BYQ-001,2024-07-13 15:00:00,48.9,51.5
500KV-BYQ-002,2024-07-13 15:00:00,65.3,66.4
500KV-BYQ-003,2024-07-13 15:00:00,64.2,65.7
500KV-BYQ-001,2024-07-13 16:00:00,61.7,64.3
500KV-BYQ-002,2024-07-13 16:00:00,59.9,61.5
500KV-BYQ-003,2024-07-13 16:00:00,65.3,68.0
500KV-BYQ-001,2024-07-13 17:00:00,55.7,56.9
500KV-BYQ-002,2024-07-13 17:00:00,59.9,61.7
500KV-BYQ-003,2024-07-13 17:00:00,69.1,71.4
500KV-BYQ-001,2024-07-13 18:00:00,49.3,52.1
500KV-BYQ-002,2024-07-13 18:00:00,51.0,53.4
500KV-BYQ-003,2024-07-13 18:00:00,59.7,62.3
500KV-BYQ-001,2024-07-13 19:00:00,50.9,53.5
500KV-BYQ-002,2024-07-13 19:00:00,52.0,53.4
500KV-BYQ-003,2024-07-13 19:00:00,53.2,55.2
500KV-BYQ-001,2024-07-13 20:00:00,55.6,58.5
500KV-BYQ-002,2024-07-13 20:00:00,50.6,52.9
500KV-BYQ-003,2024-07-13 20:00:00,64.9,67.7
500KV-BYQ-001,2024-07-13 21:00:00,65.0,66.2
500KV-BYQ-002,2024-07-13 21:00:00,56.1,58.7
500KV-BYQ-003,2024-07-13 21:00:00,56.1,58.1
500KV-BYQ-001,2024-07-13 22:00:00,58.6,60.4
500KV-BYQ-002,2024-07-13 22:00:00,67.3,68.4
500KV-BYQ-003,2024-07-13 22:00:00,67.3,70.1
500KV-BYQ-001,2024-07-13 23:00:00,61.7,63.7
500KV-BYQ-002,2024-07-13 23:00:00,47.8,49.9
500KV-BYQ-003,2024-07-13 23:00:00,61.7,64.5
500KV-BYQ-001,2024-07-14 00:00:00,58.5,60.5
500KV-BYQ-002,2024-07-14 00:00:00,60.5,63.1
500KV-BYQ-003,2024-07-14 00:00:00,53.1,54.2
500KV-BYQ-001,2024-07-14 01:00:00,66.2,67.5
500KV-BYQ-002,2024-07-14 01:00:00,53.4,55.1
500KV-BYQ-003,2024-07-14 01:00:00,49.0,50.5
500KV-BYQ-001,2024-07-14 02:00:00,65.3,67.9
500KV-BYQ-002,2024-07-14 02:00:00,51.0,52.4
500KV-BYQ-003,2024-07-14 02:00:00,48.5,51.4
500KV-BYQ-001,2024-07-14 03:00:00,66.3,68.3
500KV-BYQ-002,2024-07-14 03:00:00,56.3,58.8
500KV-BYQ-003,2024-07-14 03:00:00,60.0,61.6
500KV-BYQ-001,2024-07-14 04:00:00,56.1,58.8
500KV-BYQ-002,2024-07-14 04:00:00,50.8,53.5
500KV-BYQ-003,2024-07-14 04:00:00,57.5,60.1
500KV-BYQ-001,2024-07-14 05:00:00,63.7,66.6
500KV-BYQ-002,2024-07-14 05:00:00,52.6,54.5
500KV-BYQ-003,2024-07-14 05:00:00,60.1,61.4
500KV-BYQ-001,2024-07-14 06:00:00,49.4,50.4
500KV-BYQ-002,2024-07-14 06:00:00,51.0,54.0
500KV-BYQ-003,2024-07-14 06:00:00,60.3,61.9
500KV-BYQ-001,2024-07-14 07:00:00,43.3,46.2
500KV-BYQ-002,2024-07-14 07:00:00,54.8,57.6
500KV-BYQ-003,2024-07-14 07:00:00,56.0,58.9
500KV-BYQ-001,2024-07-14 08:00:00,52.7,54.2
500KV-BYQ-002,2024-07-14 08:00:00,51.3,53.8
500KV-BYQ-003,2024-07-14 08:00:00,66.5,68.1
500KV-BYQ-001,2024-07-14 09:00:00,50.1,52.2
500KV-BYQ-002,2024-07-14 09:00:00,56.0,57.8
500KV-BYQ-003,2024-07-14 09:00:00,64.5,66.3
500KV-BYQ-001,2024-07-14 10:00:00,56.8,59.6
500KV-BYQ-002,2024-07-14 10:00:00,50.6,53.4
500KV-BYQ-003,2024-07-14 10:00:00,48.4,51.3
500KV-BYQ-001,2024-07-14 11:00:00,52.8,54.0
500KV-BYQ-002,2024-07-14 11:00:00,52.1,54.8
500KV-BYQ-003,2024-07-14 11:00:00,46.2,48.4
500KV-BYQ-001,2024-07-14 12:00:00,59.8,60.9
500KV-BYQ-002,2024-07-14 12:00:00,62.3,65.2
500KV-BYQ-003,2024-07-14 12:00:00,65.0,66.1
500KV-BYQ-001,2024-07-14 13:00:00,66.9,68.5
500KV-BYQ-002,2024-07-14 13:00:00,70.6,73
500KV-BYQ-003,2024-07-14 13:00:00,66.3,68.4
500KV-BYQ-001,2024-07-14 14:00:00,50.5,51.9
500KV-BYQ-002,2024-07-14 14:00:00,50.7,53.2
500KV-BYQ-003,2024-07-14 14:00:00,65.8,67.0
500KV-BYQ-001,2024-07-14 15:00:00,71.2,73
500KV-BYQ-002,2024-07-14 15:00:00,57.4,58.7
500KV-BYQ-003,2024-07-14 15:00:00,58.8,61.7
500KV-BYQ-001,2024-07-14 16:00:00,54.6,55.7
500KV-BYQ-002,2024-07-14 16:00:00,70.0,72.6
500KV-BYQ-003,2024-07-14 16:00:00,62.4,64.2
500KV-BYQ-001,2024-07-14 17:00:00,52.3,53.8
500KV-BYQ-002,2024-07-14 17:00:00,71.3,73
500KV-BYQ-003,2024-07-14 17:00:00,54.4,55.6
500KV-BYQ-001,2024-07-14 18:00:00,67.3,69.6
500KV-BYQ-002,2024-07-14 18:00:00,51.2,52.8
500KV-BYQ-003,2024-07-14 18:00:00,61.0,62.6
500KV-BYQ-001,2024-07-14 19:00:00,68.5,71.0
500KV-BYQ-002,2024-07-14 19:00:00,62.0,63.2
500KV-BYQ-003,2024-07-14 19:00:00,48.4,51.1
500KV-BYQ-001,2024-07-14 20:00:00,62.4,63.4
500KV-BYQ-002,2024-07-14 20:00:00,64.0,66.4
500KV-BYQ-003,2024-07-14 20:00:00,48.4,50.5
500KV-BYQ-001,2024-07-14 21:00:00,63.5,65.5
500KV-BYQ-002,2024-07-14 21:00:00,66.2,68.1
500KV-BYQ-003,2024-07-14 21:00:00,62.1,64.7
500KV-BYQ-001,2024-07-14 22:00:00,57.9,60.4
500KV-BYQ-002,2024-07-14 22:00:00,64.1,66.6
500KV-BYQ-003,2024-07-14 22:00:00,58.2,60.4
500KV-BYQ-001,2024-07-14 23:00:00,44.4,45.7
500KV-BYQ-002,2024-07-14 23:00:00,51.8,54.6
500KV-BYQ-003,2024-07-14 23:00:00,63.6,66.4
500KV-BYQ-001,2024-07-15 00:00:00,44.4,46.9
500KV-BYQ-002,2024-07-15 00:00:00,57.3,60.2
500KV-BYQ-003,2024-07-15 00:00:00,64.9,66.3
500KV-BYQ-001,2024-07-15 01:00:00,62.9,64.1
500KV-BYQ-002,2024-07-15 01:00:00,46.6,48.4
500KV-BYQ-003,2024-07-15 01:00:00,51.8,54.4
500KV-BYQ-001,2024-07-15 02:00:00,55.1,57.7
500KV-BYQ-002,2024-07-15 02:00:00,58.4,60.0
500KV-BYQ-003,2024-07-15 02:00:00,54.5,56.7
500KV-BYQ-001,2024-07-15 03:00:00,48.5,49.6
500KV-BYQ-002,2024-07-15 03:00:00,62.5,63.6
500KV-BYQ-003,2024-07-15 03:00:00,61.5,63.6
500KV-BYQ-001,2024-07-15 04:00:00,60.8,62.9
500KV-BYQ-002,2024-07-15 04:00:00,63.5,65.5
500KV-BYQ-003,2024-07-15 04:00:00,62.7,65.3
500KV-BYQ-001,2024-07-15 05:00:00,55.0,56.6
500KV-BYQ-002,2024-07-15 05:00:00,53.7,55.3
500KV-BYQ-003,2024-07-15 05:00:00,47.1,48.5
500KV-BYQ-001,2024-07-15 06:00:00,45.8,48.2
500KV-BYQ-002,2024-07-15 06:00:00,54.7,57.7
500KV-BYQ-003,2024-07-15 06:00:00,44.0,45.1
500KV-BYQ-001,2024-07-15 07:00:00,55.8,57.4
500KV-BYQ-002,2024-07-15 07:00:00,65.8,67.5
500KV-BYQ-003,2024-07-15 07:00:00,54.1,56.7
500KV-BYQ-001,2024-07-15 08:00:00,65.9,68.0
500KV-BYQ-002,2024-07-15 08:00:00,69.0,72.0
500KV-BYQ-003,2024-07-15 08:00:00,66.6,69.5
500KV-BYQ-001,2024-07-15 09:00:00,63.3,65.3
500KV-BYQ-002,2024-07-15 09:00:00,63.4,65.1
500KV-BYQ-003,2024-07-15 09:00:00,61.3,64.0
500KV-BYQ-001,2024-07-15 10:00:00,66.7,69.2
500KV-BYQ-002,2024-07-15 10:00:00,65.5,68.5
500KV-BYQ-003,2024-07-15 10:00:00,69.3,72.3
500KV-BYQ-001,2024-07-15 11:00:00,54.3,56.4
500KV-BYQ-002,2024-07-15 11:00:00,61.9,63.6
500KV-BYQ-003,2024-07-15 11:00:00,65.9,67.6
500KV-BYQ-001,2024-07-15 12:00:00,51.4,52.4
500KV-BYQ-002,2024-07-15 12:00:00,56.6,59.0
500KV-BYQ-003,2024-07-15 12:00:00,49.4,50.5
500KV-BYQ-001,2024-07-15 13:00:00,48.6,51.0
500KV-BYQ-002,2024-07-15 13:00:00,49.0,50.4
500KV-BYQ-003,2024-07-15 13:00:00,66.4,69.1
500KV-BYQ-001,2024-07-15 14:00:00,60.3,61.8
500KV-BYQ-002,2024-07-15 14:00:00,69.7,71.6
500KV-BYQ-003,2024-07-15 14:00:00,54.7,57.2
500KV-BYQ-001,2024-07-15 15:00:00,48.4,50.9
500KV-BYQ-002,2024-07-15 15:00:00,63.7,66.4
500KV-BYQ-003,2024-07-15 15:00:00,59.4,61.0
500KV-BYQ-001,2024-07-15 16:00:00,64.6,67.5
500KV-BYQ-002,2024-07-15 16:00:00,68.1,69.7
500KV-BYQ-003,2024-07-15 16:00:00,56.9,59.5
500KV-BYQ-001,2024-07-15 17:00:00,66.7,69.4
500KV-BYQ-002,2024-07-15 17:00:00,52.7,54.1
500KV-BYQ-003,2024-07-15 17:00:00,66.2,67.7
500KV-BYQ-001,2024-07-15 18:00:00,51.8,53.5
500KV-BYQ-002,2024-07-15 18:00:00,49.2,52.0
500KV-BYQ-003,2024-07-15 18:00:00,54.2,55.6
500KV-BYQ-001,2024-07-15 19:00:00,53.0,54.1
500KV-BYQ-002,2024-07-15 19:00:00,57.6,59.8
500KV-BYQ-003,2024-07-15 19:00:00,48.3,50.4
500KV-BYQ-001,2024-07-15 20:00:00,54.2,56.4
500KV-BYQ-002,2024-07-15 20:00:00,54.4,56.3
500KV-BYQ-003,2024-07-15 20:00:00,50.8,53.2
500KV-BYQ-001,2024-07-15 21:00:00,58.0,60.4
500KV-BYQ-002,2024-07-15 21:00:00,44.5,46.4
500KV-BYQ-003,2024-07-15 21:00:00,53.7,56.3
500KV-BYQ-001,2024-07-15 22:00:00,49.2,51.9
500KV-BYQ-002,2024-07-15 22:00:00,68.3,69.6
500KV-BYQ-003,2024-07-15 22:00:00,45.7,48.0
500KV-BYQ-001,2024-07-15 23:00:00,58.4,59.5
500KV-BYQ-002,2024-07-15 23:00:00,48.5,50.4
500KV-BYQ-003,2024-07-15 23:00:00,54.1,56.5
500KV-BYQ-001,2024-07-16 00:00:00,61.5,64.2
500KV-BYQ-002,2024-07-16 00:00:00,45.5,48.2
500KV-BYQ-003,2024-07-16 00:00:00,58.8,61.2
500KV-BYQ-001,2024-07-16 01:00:00,45.5,47.7
500KV-BYQ-002,2024-07-16 01:00:00,49.1,50.3
500KV-BYQ-003,2024-07-16 01:00:00,53.3,54.3
500KV-BYQ-001,2024-07-16 02:00:00,52.0,53.7
500KV-BYQ-002,2024-07-16 02:00:00,55.5,56.9
500KV-BYQ-003,2024-07-16 02:00:00,55.6,56.8
500KV-BYQ-001,2024-07-16 03:00:00,51.0,52.3
500KV-BYQ-002,2024-07-16 03:00:00,63.0,65.1
500KV-BYQ-003,2024-07-16 03:00:00,63.5,65.5
500KV-BYQ-001,2024-07-16 04:00:00,57.3,58.8
500KV-BYQ-002,2024-07-16 04:00:00,50.8,53.5
500KV-BYQ-003,2024-07-16 04:00:00,60.4,61.7
500KV-BYQ-001,2024-07-16 05:00:00,51.1,53.7
500KV-BYQ-002,2024-07-16 05:00:00,54.2,55.9
500KV-BYQ-003,2024-07-16 05:00:00,65.8,67.8
500KV-BYQ-001,2024-07-16 06:00:00,54.5,55.8
500KV-BYQ-002,2024-07-16 06:00:00,47.5,49.0
500KV-BYQ-003,2024-07-16 06:00:00,61.0,62.6
500KV-BYQ-001,2024-07-16 07:00:00,48.3,51.1
500KV-BYQ-002,2024-07-16 07:00:00,60.8,62.0
500KV-BYQ-003,2024-07-16 07:00:00,56.4,57.9
500KV-BYQ-001,2024-07-16 08:00:00,57.2,58.5
500KV-BYQ-002,2024-07-16 08:00:00,57.7,60.6
500KV-BYQ-003,2024-07-16 08:00:00,51.3,54.2
500KV-BYQ-001,2024-07-16 09:00:00,66.2,68.3
500KV-BYQ-002,2024-07-16 09:00:00,68.4,70.1
500KV-BYQ-003,2024-07-16 09:00:00,63.0,65.8
500KV-BYQ-001,2024-07-16 10:00:00,59.9,62.7
500KV-BYQ-002,2024-07-16 10:00:00,54.3,56.7
500KV-BYQ-003,2024-07-16 10:00:00,53.3,56.2
500KV-BYQ-001,2024-07-16 11:00:00,57.3,60.0
500KV-BYQ-002,2024-07-16 11:00:00,57.5,58.6
500KV-BYQ-003,2024-07-16 11:00:00,56.6,58.0
500KV-BYQ-001,2024-07-16 12:00:00,59.7,60.8
500KV-BYQ-002,2024-07-16 12:00:00,54.7,56.0
500KV-BYQ-003,2024-07-16 12:00:00,53.1,54.7
500KV-BYQ-001,2024-07-16 13:00:00,63.5,66.3
500KV-BYQ-002,2024-07-16 13:00:00,61.3,63.7
500KV-BYQ-003,2024-07-16 13:00:00,52.5,54.4
500KV-BYQ-001,2024-07-16 14:00:00,63.5,66.4
500KV-BYQ-002,2024-07-16 14:00:00,50.0,52.9
500KV-BYQ-003,2024-07-16 14:00:00,70.6,73.0
500KV-BYQ-001,2024-07-16 15:00:00,53.9,56.1
500KV-BYQ-002,2024-07-16 15:00:00,60.5,63.2
500KV-BYQ-003,2024-07-16 15:00:00,53.6,55.4
500KV-BYQ-001,2024-07-16 16:00:00,57.6,58.9
500KV-BYQ-002,2024-07-16 16:00:00,68.0,69.8
500KV-BYQ-003,2024-07-16 16:00:00,67.4,68.9
500KV-BYQ-001,2024-07-16 17:00:00,60.2,61.9
500KV-BYQ-002,2024-07-16 17:00:00,50.6,51.7
500KV-BYQ-003,2024-07-16 17:00:00,72.0,73
500KV-BYQ-001,2024-07-16 18:00:00,55.6,58.2
500KV-BYQ-002,2024-07-16 18:00:00,52.4,53.6
500KV-BYQ-003,2024-07-16 18:00:00,53.4,56.1
500KV-BYQ-001,2024-07-16 19:00:00,66.5,69.1
500KV-BYQ-002,2024-07-16 19:00:00,48.1,50.8
500KV-BYQ-003,2024-07-16 19:00:00,64.1,67.0
500KV-BYQ-001,2024-07-16 20:00:00,69.1,71.2
500KV-BYQ-002,2024-07-16 20:00:00,67.5,69.8
500KV-BYQ-003,2024-07-16 20:00:00,54.2,55.7
500KV-BYQ-001,2024-07-16 21:00:00,60.4,62.1
500KV-BYQ-002,2024-07-16 21:00:00,53.9,55.8
500KV-BYQ-003,2024-07-16 21:00:00,48.4,49.8
500KV-BYQ-001,2024-07-16 22:00:00,54.9,56.8
500KV-BYQ-002,2024-07-16 22:00:00,61.2,62.9
500KV-BYQ-003,2024-07-16 22:00:00,50.3,52.2
500KV-BYQ-001,2024-07-16 23:00:00,55.4,58.4
500KV-BYQ-002,2024-07-16 23:00:00,57.9,60.9
500KV-BYQ-003,2024-07-16 23:00:00,47.8,49.3
500KV-BYQ-001,2024-07-17 00:00:00,45.4,48.4
500KV-BYQ-002,2024-07-17 00:00:00,49.8,50.8
500KV-BYQ-003,2024-07-17 00:00:00,64.4,66.5
500KV-BYQ-001,2024-07-17 01:00:00,45.0,46.8
500KV-BYQ-002,2024-07-17 01:00:00,64.6,67.5
500KV-BYQ-003,2024-07-17 01:00:00,47.3,48.8
500KV-BYQ-001,2024-07-17 02:00:00,54.8,57.1
500KV-BYQ-002,2024-07-17 02:00:00,64.4,65.8
500KV-BYQ-003,2024-07-17 02:00:00,55.9,57.7
500KV-BYQ-001,2024-07-17 03:00:00,46.9,48.5
500KV-BYQ-002,2024-07-17 03:00:00,61.8,63.4
500KV-BYQ-003,2024-07-17 03:00:00,44.9,46.2
500KV-BYQ-001,2024-07-17 04:00:00,57.5,58.9
500KV-BYQ-002,2024-07-17 04:00:00,52.8,55.5
500KV-BYQ-003,2024-07-17 04:00:00,60.9,63.8
500KV-BYQ-001,2024-07-17 05:00:00,61.6,63.5
500KV-BYQ-002,2024-07-17 05:00:00,54.5,55.5
500KV-BYQ-003,2024-07-17 05:00:00,57.3,59.7
500KV-BYQ-001,2024-07-17 06:00:00,55.0,56.1
500KV-BYQ-002,2024-07-17 06:00:00,47.5,49.8
500KV-BYQ-003,2024-07-17 06:00:00,64.9,67.4
500KV-BYQ-001,2024-07-17 07:00:00,65.4,66.8
500KV-BYQ-002,2024-07-17 07:00:00,50.2,52.2
500KV-BYQ-003,2024-07-17 07:00:00,57.6,60.4
500KV-BYQ-001,2024-07-17 08:00:00,60.1,62.2
500KV-BYQ-002,2024-07-17 08:00:00,65.0,67.5
500KV-BYQ-003,2024-07-17 08:00:00,60.9,62.9
500KV-BYQ-001,2024-07-17 09:00:00,56.2,58.1
500KV-BYQ-002,2024-07-17 09:00:00,62.9,65.9
500KV-BYQ-003,2024-07-17 09:00:00,61.0,63.9
500KV-BYQ-001,2024-07-17 10:00:00,48.4,51.1
500KV-BYQ-002,2024-07-17 10:00:00,48.2,49.5
500KV-BYQ-003,2024-07-17 10:00:00,54.9,57.4
500KV-BYQ-001,2024-07-17 11:00:00,55.3,56.3
500KV-BYQ-002,2024-07-17 11:00:00,49.1,51.0
500KV-BYQ-003,2024-07-17 11:00:00,51.4,53.7
500KV-BYQ-001,2024-07-17 12:00:00,48.2,50.0
500KV-BYQ-002,2024-07-17 12:00:00,57.5,58.7
500KV-BYQ-003,2024-07-17 12:00:00,54.7,56.8
500KV-BYQ-001,2024-07-17 13:00:00,71.4,73
500KV-BYQ-002,2024-07-17 13:00:00,61.2,62.9
500KV-BYQ-003,2024-07-17 13:00:00,64.7,67.2
500KV-BYQ-001,2024-07-17 14:00:00,48.2,50.4
500KV-BYQ-002,2024-07-17 14:00:00,57.5,59.9
500KV-BYQ-003,2024-07-17 14:00:00,53.6,55.0
500KV-BYQ-001,2024-07-17 15:00:00,61.9,63.6
500KV-BYQ-002,2024-07-17 15:00:00,57.2,59.0
500KV-BYQ-003,2024-07-17 15:00:00,62.9,63.9
500KV-BYQ-001,2024-07-17 16:00:00,56.1,58.4
500KV-BYQ-002,2024-07-17 16:00:00,55.9,58.8
500KV-BYQ-003,2024-07-17 16:00:00,61.1,63.4
500KV-BYQ-001,2024-07-17 17:00:00,64.9,67.5
500KV-BYQ-002,2024-07-17 17:00:00,68.6,71.0
500KV-BYQ-003,2024-07-17 17:00:00,68.1,70.1
500KV-BYQ-001,2024-07-17 18:00:00,62.1,64.0
500KV-BYQ-002,2024-07-17 18:00:00,67.1,69.8
500KV-BYQ-003,2024-07-17 18:00:00,51.9,54.5
500KV-BYQ-001,2024-07-17 19:00:00,59.5,60.9
500KV-BYQ-002,2024-07-17 19:00:00,70.0,71.9
500KV-BYQ-003,2024-07-17 19:00:00,53.2,54.7
500KV-BYQ-001,2024-07-17 20:00:00,64.7,66.5
500KV-BYQ-002,2024-07-17 20:00:00,60.8,62.6
500KV-BYQ-003,2024-07-17 20:00:00,53.3,55.8
500KV-BYQ-001,2024-07-17 21:00:00,61.9,63.2
500KV-BYQ-002,2024-07-17 21:00:00,59.5,62.5
500KV-BYQ-003,2024-07-17 21:00:00,51.1,53.6
500KV-BYQ-001,2024-07-17 22:00:00,52.1,54.1
500KV-BYQ-002,2024-07-17 22:00:00,57.9,60.5
500KV-BYQ-003,2024-07-17 22:00:00,48.8,50.0
500KV-BYQ-001,2024-07-17 23:00:00,55.8,57.7
500KV-BYQ-002,2024-07-17 23:00:00,46.1,48.1
500KV-BYQ-003,2024-07-17 23:00:00,52.1,53.3
500KV-BYQ-001,2024-07-18 00:00:00,56.0,58.8
500KV-BYQ-002,2024-07-18 00:00:00,52.5,54.3
500KV-BYQ-003,2024-07-18 00:00:00,62.0,64.2
500KV-BYQ-001,2024-07-18 01:00:00,48.4,49.6
500KV-BYQ-002,2024-07-18 01:00:00,59.3,60.3
500KV-BYQ-003,2024-07-18 01:00:00,62.4,65.2
500KV-BYQ-001,2024-07-18 02:00:00,61.5,63.9
500KV-BYQ-002,2024-07-18 02:00:00,61.6,63.8
500KV-BYQ-003,2024-07-18 02:00:00,50.8,52.2
500KV-BYQ-001,2024-07-18 03:00:00,55.3,57.6
500KV-BYQ-002,2024-07-18 03:00:00,49.1,51.8
500KV-BYQ-003,2024-07-18 03:00:00,51.3,53.6
500KV-BYQ-001,2024-07-18 04:00:00,58.8,60.3
500KV-BYQ-002,2024-07-18 04:00:00,56.5,58.8
500KV-BYQ-003,2024-07-18 04:00:00,48.6,50.8
500KV-BYQ-001,2024-07-18 05:00:00,58.0,59.7
500KV-BYQ-002,2024-07-18 05:00:00,56.7,58.4
500KV-BYQ-003,2024-07-18 05:00:00,56.5,57.5
500KV-BYQ-001,2024-07-18 06:00:00,56.1,57.8
500KV-BYQ-002,2024-07-18 06:00:00,50.7,53.4
500KV-BYQ-003,2024-07-18 06:00:00,54.9,56.7
500KV-BYQ-001,2024-07-18 07:00:00,59.2,60.7
500KV-BYQ-002,2024-07-18 07:00:00,64.9,67.0
500KV-BYQ-003,2024-07-18 07:00:00,52.7,54.7
500KV-BYQ-001,2024-07-18 08:00:00,52.0,53.7
500KV-BYQ-002,2024-07-18 08:00:00,55.7,57.2
500KV-BYQ-003,2024-07-18 08:00:00,65.7,66.9
500KV-BYQ-001,2024-07-18 09:00:00,59.8,61.1
500KV-BYQ-002,2024-07-18 09:00:00,65.3,67.5
500KV-BYQ-003,2024-07-18 09:00:00,70.3,73
500KV-BYQ-001,2024-07-18 10:00:00,66.9,68.3
500KV-BYQ-002,2024-07-18 10:00:00,67.6,69.8
500KV-BYQ-003,2024-07-18 10:00:00,56.4,58.1
500KV-BYQ-001,2024-07-18 11:00:00,65.4,68.1
500KV-BYQ-002,2024-07-18 11:00:00,62.1,63.7
500KV-BYQ-003,2024-07-18 11:00:00,63.5,64.8
500KV-BYQ-001,2024-07-18 12:00:00,56.5,58.3
500KV-BYQ-002,2024-07-18 12:00:00,51.9,54.4
500KV-BYQ-003,2024-07-18 12:00:00,54.6,56.7
500KV-BYQ-001,2024-07-18 13:00:00,63.9,65.3
500KV-BYQ-002,2024-07-18 13:00:00,70.2,72.3
500KV-BYQ-003,2024-07-18 13:00:00,58.9,60.7
500KV-BYQ-001,2024-07-18 14:00:00,60.7,62.2
500KV-BYQ-002,2024-07-18 14:00:00,61.7,63.6
500KV-BYQ-003,2024-07-18 14:00:00,56.8,57.9
500KV-BYQ-001,2024-07-18 15:00:00,61.7,64.6
500KV-BYQ-002,2024-07-18 15:00:00,70.3,71.5
500KV-BYQ-003,2024-07-18 15:00:00,49.2,51.1
500KV-BYQ-001,2024-07-18 16:00:00,62.6,65.5
500KV-BYQ-002,2024-07-18 16:00:00,58.7,60.3
500KV-BYQ-003,2024-07-18 16:00:00,57.2,60.1
500KV-BYQ-001,2024-07-18 17:00:00,50.5,53.3
500KV-BYQ-002,2024-07-18 17:00:00,72.0,73
500KV-BYQ-003,2024-07-18 17:00:00,54.7,57.2
500KV-BYQ-001,2024-07-18 18:00:00,51.6,54.2
500KV-BYQ-002,2024-07-18 18:00:00,57.6,60.1
500KV-BYQ-003,2024-07-18 18:00:00,48.7,50.4
500KV-BYQ-001,2024-07-18 19:00:00,59.5,62.0
500KV-BYQ-002,2024-07-18 19:00:00,53.2,55.4
500KV-BYQ-003,2024-07-18 19:00:00,66.2,68.2
500KV-BYQ-001,2024-07-18 20:00:00,56.9,58.1
500KV-BYQ-002,2024-07-18 20:00:00,62.1,64.4
500KV-BYQ-003,2024-07-18 20:00:00,66.8,68.1
500KV-BYQ-001,2024-07-18 21:00:00,52.0,53.5
500KV-BYQ-002,2024-07-18 21:00:00,63.0,64.4
500KV-BYQ-003,2024-07-18 21:00:00,57.9,58.9
500KV-BYQ-001,2024-07-18 22:00:00,63.5,66.5
500KV-BYQ-002,2024-07-18 22:00:00,54.3,56.8
500KV-BYQ-003,2024-07-18 22:00:00,57.0,58.6
500KV-BYQ-001,2024-07-18 23:00:00,64.8,67.4
500KV-BYQ-002,2024-07-18 23:00:00,51.5,53.4
500KV-BYQ-003,2024-07-18 23:00:00,65.4,66.7
500KV-BYQ-001,2024-07-19 00:00:00,50.8,52.0
500KV-BYQ-002,2024-07-19 00:00:00,64.1,67.0
500KV-BYQ-003,2024-07-19 00:00:00,52.6,55.1
500KV-BYQ-001,2024-07-19 01:00:00,51.7,53.4
500KV-BYQ-002,2024-07-19 01:00:00,45.1,46.6
500KV-BYQ-003,2024-07-19 01:00:00,52.7,55.2
500KV-BYQ-001,2024-07-19 02:00:00,53.7,56.4
500KV-BYQ-002,2024-07-19 02:00:00,60.6,63.4
500KV-BYQ-003,2024-07-19 02:00:00,58.0,59.1
500KV-BYQ-001,2024-07-19 03:00:00,48.8,51.5
500KV-BYQ-002,2024-07-19 03:00:00,62.3,63.7
500KV-BYQ-003,2024-07-19 03:00:00,45.9,47.8
500KV-BYQ-001,2024-07-19 04:00:00,49.0,50.9
500KV-BYQ-002,2024-07-19 04:00:00,49.1,51.9
500KV-BYQ-003,2024-07-19 04:00:00,62.5,64.4
500KV-BYQ-001,2024-07-19 05:00:00,47.0,49.4
500KV-BYQ-002,2024-07-19 05:00:00,46.7,49.0
500KV-BYQ-003,2024-07-19 05:00:00,60.7,63.4
500KV-BYQ-001,2024-07-19 06:00:00,44.4,46.9
500KV-BYQ-002,2024-07-19 06:00:00,63.6,66.5
500KV-BYQ-003,2024-07-19 06:00:00,43.5,44.6
500KV-BYQ-001,2024-07-19 07:00:00,44.3,45.9
500KV-BYQ-002,2024-07-19 07:00:00,50.0,52.3
500KV-BYQ-003,2024-07-19 07:00:00,63.5,66.4
500KV-BYQ-001,2024-07-19 08:00:00,52.7,55.5
500KV-BYQ-002,2024-07-19 08:00:00,69.2,71.4
500KV-BYQ-003,2024-07-19 08:00:00,55.7,57.3
500KV-BYQ-001,2024-07-19 09:00:00,69.2,71.1
500KV-BYQ-002,2024-07-19 09:00:00,60.4,62.4
500KV-BYQ-003,2024-07-19 09:00:00,48.8,50.8
500KV-BYQ-001,2024-07-19 10:00:00,61.4,62.8
500KV-BYQ-002,2024-07-19 10:00:00,50.6,52.9
500KV-BYQ-003,2024-07-19 10:00:00,70.4,71.4
500KV-BYQ-001,2024-07-19 11:00:00,59.9,61.5
500KV-BYQ-002,2024-07-19 11:00:00,71.4,73
500KV-BYQ-003,2024-07-19 11:00:00,60.5,61.9
500KV-BYQ-001,2024-07-19 12:00:00,57.4,60.1
500KV-BYQ-002,2024-07-19 12:00:00,57.6,59.7
500KV-BYQ-003,2024-07-19 12:00:00,50.2,51.8
500KV-BYQ-001,2024-07-19 13:00:00,64.7,66.9
500KV-BYQ-002,2024-07-19 13:00:00,55.6,56.9
500KV-BYQ-003,2024-07-19 13:00:00,61.2,62.3
500KV-BYQ-001,2024-07-19 14:00:00,46.8,49.2
500KV-BYQ-002,2024-07-19 14:00:00,59.9,61.0
500KV-BYQ-003,2024-07-19 14:00:00,67.3,69.9
500KV-BYQ-001,2024-07-19 15:00:00,67.8,69.8
500KV-BYQ-002,2024-07-19 15:00:00,48.6,50.9
500KV-BYQ-003,2024-07-19 15:00:00,45.4,47.8
500KV-BYQ-001,2024-07-19 16:00:00,54.8,56.7
500KV-BYQ-002,2024-07-19 16:00:00,49.4,51.5
500KV-BYQ-003,2024-07-19 16:00:00,63.5,65.5
500KV-BYQ-001,2024-07-19 17:00:00,61.7,64.3
500KV-BYQ-002,2024-07-19 17:00:00,57.9,59.5
500KV-BYQ-003,2024-07-19 17:00:00,60.7,61.8
500KV-BYQ-001,2024-07-19 18:00:00,48.7,49.9
500KV-BYQ-002,2024-07-19 18:00:00,46.8,48.8
500KV-BYQ-003,2024-07-19 18:00:00,61.8,64.4
500KV-BYQ-001,2024-07-19 19:00:00,45.1,47.8
500KV-BYQ-002,2024-07-19 19:00:00,49.3,51.4
500KV-BYQ-003,2024-07-19 19:00:00,52.4,54.9
500KV-BYQ-001,2024-07-19 20:00:00,53.6,56.0
500KV-BYQ-002,2024-07-19 20:00:00,58.2,59.7
500KV-BYQ-003,2024-07-19 20:00:00,55.9,58.7
500KV-BYQ-001,2024-07-19 21:00:00,68.1,69.9
500KV-BYQ-002,2024-07-19 21:00:00,52.1,54.4
500KV-BYQ-003,2024-07-19 21:00:00,54.0,55.6
500KV-BYQ-001,2024-07-19 22:00:00,60.7,63.2
500KV-BYQ-002,2024-07-19 22:00:00,48.6,51.5
500KV-BYQ-003,2024-07-19 22:00:00,66.5,68.3
500KV-BYQ-001,2024-07-19 23:00:00,52.8,54.8
500KV-BYQ-002,2024-07-19 23:00:00,52.9,55.0
500KV-BYQ-003,2024-07-19 23:00:00,61.2,64.1
500KV-BYQ-001,2024-07-20 00:00:00,47.5,49.8
500KV-BYQ-002,2024-07-20 00:00:00,64.0,65.1
500KV-BYQ-003,2024-07-20 00:00:00,62.0,64.1
500KV-BYQ-001,2024-07-20 01:00:00,45.8,48.6
500KV-BYQ-002,2024-07-20 01:00:00,62.6,63.7
500KV-BYQ-003,2024-07-20 01:00:00,47.1,49.4
500KV-BYQ-001,2024-07-20 02:00:00,47.6,49.6
500KV-BYQ-002,2024-07-20 02:00:00,57.1,58.6
500KV-BYQ-003,2024-07-20 02:00:00,56.8,58.3
500KV-BYQ-001,2024-07-20 03:00:00,61.3,63.6
500KV-BYQ-002,2024-07-20 03:00:00,45.4,46.6
500KV-BYQ-003,2024-07-20 03:00:00,54.6,56.1
500KV-BYQ-001,2024-07-20 04:00:00,52.3,54.3
500KV-BYQ-002,2024-07-20 04:00:00,53.4,54.9
500KV-BYQ-003,2024-07-20 04:00:00,66.4,68.5
500KV-BYQ-001,2024-07-20 05:00:00,53.3,55.3
500KV-BYQ-002,2024-07-20 05:00:00,54.3,56.1
500KV-BYQ-003,2024-07-20 05:00:00,61.0,63.6
500KV-BYQ-001,2024-07-20 06:00:00,56.6,58.5
500KV-BYQ-002,2024-07-20 06:00:00,49.9,51.6
500KV-BYQ-003,2024-07-20 06:00:00,43.5,45.6
500KV-BYQ-001,2024-07-20 07:00:00,48.3,51.1
500KV-BYQ-002,2024-07-20 07:00:00,47.7,50.3
500KV-BYQ-003,2024-07-20 07:00:00,59.9,61.4
500KV-BYQ-001,2024-07-20 08:00:00,53.7,55.5
500KV-BYQ-002,2024-07-20 08:00:00,51.6,53.1
500KV-BYQ-003,2024-07-20 08:00:00,53.3,55.6
500KV-BYQ-001,2024-07-20 09:00:00,52.6,55.5
500KV-BYQ-002,2024-07-20 09:00:00,55.3,57.6
500KV-BYQ-003,2024-07-20 09:00:00,65.1,66.5
500KV-BYQ-001,2024-07-20 10:00:00,56.3,58.6
500KV-BYQ-002,2024-07-20 10:00:00,53.2,55.4
500KV-BYQ-003,2024-07-20 10:00:00,70.6,72.5
500KV-BYQ-001,2024-07-20 11:00:00,64.7,66.0
500KV-BYQ-002,2024-07-20 11:00:00,47.9,50.7
500KV-BYQ-003,2024-07-20 11:00:00,69.7,71.6
500KV-BYQ-001,2024-07-20 12:00:00,58.1,60.3
500KV-BYQ-002,2024-07-20 12:00:00,64.4,66.0
500KV-BYQ-003,2024-07-20 12:00:00,68.0,69.6
500KV-BYQ-001,2024-07-20 13:00:00,47.9,49.5
500KV-BYQ-002,2024-07-20 13:00:00,61.9,64.7
500KV-BYQ-003,2024-07-20 13:00:00,48.5,50.4
500KV-BYQ-001,2024-07-20 14:00:00,57.7,59.6
500KV-BYQ-002,2024-07-20 14:00:00,62.9,64.6
500KV-BYQ-003,2024-07-20 14:00:00,55.2,58.1
500KV-BYQ-001,2024-07-20 15:00:00,69.5,72.2
500KV-BYQ-002,2024-07-20 15:00:00,57.4,60.1
500KV-BYQ-003,2024-07-20 15:00:00,62.5,64.1
500KV-BYQ-001,2024-07-20 16:00:00,59.9,61.2
500KV-BYQ-002,2024-07-20 16:00:00,58.3,60.3
500KV-BYQ-003,2024-07-20 16:00:00,69.2,70.5
500KV-BYQ-001,2024-07-20 17:00:00,63.1,64.6
500KV-BYQ-002,2024-07-20 17:00:00,67.9,68.9
500KV-BYQ-003,2024-07-20 17:00:00,57.2,59.4
500KV-BYQ-001,2024-07-20 18:00:00,63.6,66.2
500KV-BYQ-002,2024-07-20 18:00:00,66.6,67.6
500KV-BYQ-003,2024-07-20 18:00:00,50.2,51.3
500KV-BYQ-001,2024-07-20 19:00:00,49.8,51.5
500KV-BYQ-002,2024-07-20 19:00:00,60.5,63.3
500KV-BYQ-003,2024-07-20 19:00:00,62.6,65.4
500KV-BYQ-001,2024-07-20 20:00:00,61.3,64.3
500KV-BYQ-002,2024-07-20 20:00:00,65.2,68.1
500KV-BYQ-003,2024-07-20 20:00:00,45.7,47.5
500KV-BYQ-001,2024-07-20 21:00:00,55.3,57.7
500KV-BYQ-002,2024-07-20 21:00:00,51.2,53.9
500KV-BYQ-003,2024-07-20 21:00:00,61.4,64.2
500KV-BYQ-001,2024-07-20 22:00:00,55.6,57.4
500KV-BYQ-002,2024-07-20 22:00:00,64.6,67.4
500KV-BYQ-003,2024-07-20 22:00:00,65.6,67.7
500KV-BYQ-001,2024-07-20 23:00:00,49.3,51.8
500KV-BYQ-002,2024-07-20 23:00:00,52.4,55.1
500KV-BYQ-003,2024-07-20 23:00:00,43.8,45.6
500KV-BYQ-001,2024-07-21 00:00:00,51.2,53.7
500KV-BYQ-002,2024-07-21 00:00:00,55.4,58.3
500KV-BYQ-003,2024-07-21 00:00:00,58.8,61.5
500KV-BYQ-001,2024-07-21 01:00:00,51.6,53.1
500KV-BYQ-002,2024-07-21 01:00:00,63.8,65.0
500KV-BYQ-003,2024-07-21 01:00:00,48.6,51.6
500KV-BYQ-001,2024-07-21 02:00:00,50.3,52.1
500KV-BYQ-002,2024-07-21 02:00:00,55.8,56.8
500KV-BYQ-003,2024-07-21 02:00:00,61.5,63.3
500KV-BYQ-001,2024-07-21 03:00:00,51.0,52.4
500KV-BYQ-002,2024-07-21 03:00:00,46.9,49.2
500KV-BYQ-003,2024-07-21 03:00:00,49.7,51.8
500KV-BYQ-001,2024-07-21 04:00:00,56.2,58.8
500KV-BYQ-002,2024-07-21 04:00:00,57.7,60.2
500KV-BYQ-003,2024-07-21 04:00:00,55.4,57.4
500KV-BYQ-001,2024-07-21 05:00:00,55.8,57.1
500KV-BYQ-002,2024-07-21 05:00:00,56.4,59.2
500KV-BYQ-003,2024-07-21 05:00:00,60.0,62.5
500KV-BYQ-001,2024-07-21 06:00:00,48.0,50.1
500KV-BYQ-002,2024-07-21 06:00:00,64.4,65.6
500KV-BYQ-003,2024-07-21 06:00:00,46.0,47.2
500KV-BYQ-001,2024-07-21 07:00:00,46.1,48.7
500KV-BYQ-002,2024-07-21 07:00:00,51.3,53.3
500KV-BYQ-003,2024-07-21 07:00:00,48.7,50.2
500KV-BYQ-001,2024-07-21 08:00:00,52.9,54.6
500KV-BYQ-002,2024-07-21 08:00:00,61.5,63.1
500KV-BYQ-003,2024-07-21 08:00:00,54.2,57.1
500KV-BYQ-001,2024-07-21 09:00:00,51.8,53.4
500KV-BYQ-002,2024-07-21 09:00:00,49.1,50.4
500KV-BYQ-003,2024-07-21 09:00:00,69.0,71.9
500KV-BYQ-001,2024-07-21 10:00:00,66.4,68.0
500KV-BYQ-002,2024-07-21 10:00:00,69.5,70.8
500KV-BYQ-003,2024-07-21 10:00:00,60.7,62.1
500KV-BYQ-001,2024-07-21 11:00:00,61.1,63.1
500KV-BYQ-002,2024-07-21 11:00:00,66.1,67.4
500KV-BYQ-003,2024-07-21 11:00:00,48.0,50.8
500KV-BYQ-001,2024-07-21 12:00:00,57.8,60.4
500KV-BYQ-002,2024-07-21 12:00:00,66.1,68.2
500KV-BYQ-003,2024-07-21 12:00:00,54.9,56.2
500KV-BYQ-001,2024-07-21 13:00:00,47.1,48.9
500KV-BYQ-002,2024-07-21 13:00:00,61.4,63.9
500KV-BYQ-003,2024-07-21 13:00:00,68.0,70.1
500KV-BYQ-001,2024-07-21 14:00:00,58.3,60.6
500KV-BYQ-002,2024-07-21 14:00:00,58.4,60.5
500KV-BYQ-003,2024-07-21 14:00:00,51.5,52.8
500KV-BYQ-001,2024-07-21 15:00:00,68.4,69.6
500KV-BYQ-002,2024-07-21 15:00:00,59.0,60.4
500KV-BYQ-003,2024-07-21 15:00:00,47.4,49.5
500KV-BYQ-001,2024-07-21 16:00:00,65.9,67.3
500KV-BYQ-002,2024-07-21 16:00:00,60.2,62.1
500KV-BYQ-003,2024-07-21 16:00:00,66.2,67.8
500KV-BYQ-001,2024-07-21 17:00:00,54.2,56.1
500KV-BYQ-002,2024-07-21 17:00:00,51.3,52.9
500KV-BYQ-003,2024-07-21 17:00:00,55.5,56.5
500KV-BYQ-001,2024-07-21 18:00:00,48.4,50.0
500KV-BYQ-002,2024-07-21 18:00:00,46.0,48.3
500KV-BYQ-003,2024-07-21 18:00:00,66.5,67.6
500KV-BYQ-001,2024-07-21 19:00:00,60.4,61.7
500KV-BYQ-002,2024-07-21 19:00:00,54.0,55.6
500KV-BYQ-003,2024-07-21 19:00:00,67.1,69.7
500KV-BYQ-001,2024-07-21 20:00:00,47.6,50.2
500KV-BYQ-002,2024-07-21 20:00:00,69.3,71.3
500KV-BYQ-003,2024-07-21 20:00:00,49.5,50.8
500KV-BYQ-001,2024-07-21 21:00:00,64.9,67.6
500KV-BYQ-002,2024-07-21 21:00:00,65.2,66.8
500KV-BYQ-003,2024-07-21 21:00:00,50.1,52.1
500KV-BYQ-001,2024-07-21 22:00:00,58.0,60.4
500KV-BYQ-002,2024-07-21 22:00:00,67.0,69.4
500KV-BYQ-003,2024-07-21 22:00:00,51.0,53.4
500KV-BYQ-001,2024-07-21 23:00:00,43.2,46.1
500KV-BYQ-002,2024-07-21 23:00:00,58.3,61.2
500KV-BYQ-003,2024-07-21 23:00:00,64.3,66.0
500KV-BYQ-001,2024-07-22 00:00:00,60.6,62.2
500KV-BYQ-002,2024-07-22 00:00:00,56.5,58.2
500KV-BYQ-003,2024-07-22 00:00:00,48.1,49.6
500KV-BYQ-001,2024-07-22 01:00:00,63.3,64.6
500KV-BYQ-002,2024-07-22 01:00:00,48.6,50.7
500KV-BYQ-003,2024-07-22 01:00:00,61.2,63.0
500KV-BYQ-001,2024-07-22 02:00:00,60.3,62.1
500KV-BYQ-002,2024-07-22 02:00:00,53.7,55.5
500KV-BYQ-003,2024-07-22 02:00:00,65.5,67.9
500KV-BYQ-001,2024-07-22 03:00:00,47.5,49.6
500KV-BYQ-002,2024-07-22 03:00:00,56.3,58.3
500KV-BYQ-003,2024-07-22 03:00:00,65.1,66.9
500KV-BYQ-001,2024-07-22 04:00:00,58.4,59.6
500KV-BYQ-002,2024-07-22 04:00:00,46.5,48.7
500KV-BYQ-003,2024-07-22 04:00:00,58.1,61.0
500KV-BYQ-001,2024-07-22 05:00:00,65.4,67.4
500KV-BYQ-002,2024-07-22 05:00:00,46.8,48.0
500KV-BYQ-003,2024-07-22 05:00:00,49.4,51.3
500KV-BYQ-001,2024-07-22 06:00:00,64.8,67.6
500KV-BYQ-002,2024-07-22 06:00:00,49.1,52.1
500KV-BYQ-003,2024-07-22 06:00:00,50.2,51.9
500KV-BYQ-001,2024-07-22 07:00:00,54.2,56.8
500KV-BYQ-002,2024-07-22 07:00:00,62.9,65.6
500KV-BYQ-003,2024-07-22 07:00:00,52.7,55.6
500KV-BYQ-001,2024-07-22 08:00:00,51.7,53.4
500KV-BYQ-002,2024-07-22 08:00:00,54.7,55.7
500KV-BYQ-003,2024-07-22 08:00:00,70.6,73
500KV-BYQ-001,2024-07-22 09:00:00,50.0,52.7
500KV-BYQ-002,2024-07-22 09:00:00,56.5,59.4
500KV-BYQ-003,2024-07-22 09:00:00,69.1,71.9
500KV-BYQ-001,2024-07-22 10:00:00,70.4,72.5
500KV-BYQ-002,2024-07-22 10:00:00,60.1,62.3
500KV-BYQ-003,2024-07-22 10:00:00,66.4,69.1
500KV-BYQ-001,2024-07-22 11:00:00,62.4,64.9
500KV-BYQ-002,2024-07-22 11:00:00,63.4,65.6
500KV-BYQ-003,2024-07-22 11:00:00,70.5,73
500KV-BYQ-001,2024-07-22 12:00:00,53.5,56.3
500KV-BYQ-002,2024-07-22 12:00:00,67.2,69.1
500KV-BYQ-003,2024-07-22 12:00:00,54.8,57.1
500KV-BYQ-001,2024-07-22 13:00:00,61.6,63.5
500KV-BYQ-002,2024-07-22 13:00:00,51.7,54.4
500KV-BYQ-003,2024-07-22 13:00:00,59.6,61.9
500KV-BYQ-001,2024-07-22 14:00:00,48.6,49.7
500KV-BYQ-002,2024-07-22 14:00:00,58.7,61.0
500KV-BYQ-003,2024-07-22 14:00:00,51.9,54.6
500KV-BYQ-001,2024-07-22 15:00:00,48.6,51.5
500KV-BYQ-002,2024-07-22 15:00:00,53.8,55.2
500KV-BYQ-003,2024-07-22 15:00:00,54.7,56.3
500KV-BYQ-001,2024-07-22 16:00:00,54.2,56.1
500KV-BYQ-002,2024-07-22 16:00:00,53.6,55.7
500KV-BYQ-003,2024-07-22 16:00:00,54.7,57.5
500KV-BYQ-001,2024-07-22 17:00:00,68.9,71.8
500KV-BYQ-002,2024-07-22 17:00:00,48.0,49.5
500KV-BYQ-003,2024-07-22 17:00:00,53.2,56.1
500KV-BYQ-001,2024-07-22 18:00:00,47.0,49.6
500KV-BYQ-002,2024-07-22 18:00:00,47.9,49.1
500KV-BYQ-003,2024-07-22 18:00:00,60.3,61.9
500KV-BYQ-001,2024-07-22 19:00:00,49.2,51.9
500KV-BYQ-002,2024-07-22 19:00:00,48.5,50.7
500KV-BYQ-003,2024-07-22 19:00:00,66.8,69.5
500KV-BYQ-001,2024-07-22 20:00:00,63.9,66.0
500KV-BYQ-002,2024-07-22 20:00:00,55.8,57.3
500KV-BYQ-003,2024-07-22 20:00:00,50.5,51.7
500KV-BYQ-001,2024-07-22 21:00:00,63.7,66.6
500KV-BYQ-002,2024-07-22 21:00:00,62.7,64.2
500KV-BYQ-003,2024-07-22 21:00:00,65.7,67.2
500KV-BYQ-001,2024-07-22 22:00:00,61.3,63.8
500KV-BYQ-002,2024-07-22 22:00:00,52.8,54.6
500KV-BYQ-003,2024-07-22 22:00:00,53.2,55.2
500KV-BYQ-001,2024-07-22 23:00:00,50.0,51.6
500KV-BYQ-002,2024-07-22 23:00:00,51.1,52.8
500KV-BYQ-003,2024-07-22 23:00:00,65.3,66.9
500KV-BYQ-001,2024-07-23 00:00:00,55.5,58.1
500KV-BYQ-002,2024-07-23 00:00:00,43.5,46.2
500KV-BYQ-003,2024-07-23 00:00:00,59.7,62.1
500KV-BYQ-001,2024-07-23 01:00:00,60.4,63.2
500KV-BYQ-002,2024-07-23 01:00:00,55.2,56.8
500KV-BYQ-003,2024-07-23 01:00:00,56.8,58.3
500KV-BYQ-001,2024-07-23 02:00:00,62.1,64.5
500KV-BYQ-002,2024-07-23 02:00:00,46.1,47.9
500KV-BYQ-003,2024-07-23 02:00:00,52.0,53.7
500KV-BYQ-001,2024-07-23 03:00:00,48.7,50.9
500KV-BYQ-002,2024-07-23 03:00:00,57.8,60.5
500KV-BYQ-003,2024-07-23 03:00:00,60.5,61.8
500KV-BYQ-001,2024-07-23 04:00:00,49.4,51.7
500KV-BYQ-002,2024-07-23 04:00:00,64.1,66.1
500KV-BYQ-003,2024-07-23 04:00:00,51.8,53.5
500KV-BYQ-001,2024-07-23 05:00:00,55.7,58.6
500KV-BYQ-002,2024-07-23 05:00:00,59.9,61.0
500KV-BYQ-003,2024-07-23 05:00:00,61.1,63.3
500KV-BYQ-001,2024-07-23 06:00:00,66.7,68.2
500KV-BYQ-002,2024-07-23 06:00:00,55.4,57.9
500KV-BYQ-003,2024-07-23 06:00:00,48.1,51.0
500KV-BYQ-001,2024-07-23 07:00:00,65.0,67.2
500KV-BYQ-002,2024-07-23 07:00:00,57.4,59.2
500KV-BYQ-003,2024-07-23 07:00:00,57.4,59.4
500KV-BYQ-001,2024-07-23 08:00:00,63.3,64.5
500KV-BYQ-002,2024-07-23 08:00:00,71.8,72.9
500KV-BYQ-003,2024-07-23 08:00:00,50.7,53.1
500KV-BYQ-001,2024-07-23 09:00:00,61.0,62.4
500KV-BYQ-002,2024-07-23 09:00:00,51.9,54.1
500KV-BYQ-003,2024-07-23 09:00:00,67.1,69.9
500KV-BYQ-001,2024-07-23 10:00:00,52.0,53.5
500KV-BYQ-002,2024-07-23 10:00:00,66.6,69.5
500KV-BYQ-003,2024-07-23 10:00:00,49.6,50.9
500KV-BYQ-001,2024-07-23 11:00:00,49.7,52.0
500KV-BYQ-002,2024-07-23 11:00:00,63.8,66.4
500KV-BYQ-003,2024-07-23 11:00:00,51.6,54.0
500KV-BYQ-001,2024-07-23 12:00:00,62.6,64.7
500KV-BYQ-002,2024-07-23 12:00:00,50.9,52.8
500KV-BYQ-003,2024-07-23 12:00:00,70.1,71.1
500KV-BYQ-001,2024-07-23 13:00:00,60.4,62.4
500KV-BYQ-002,2024-07-23 13:00:00,70.4,71.6
500KV-BYQ-003,2024-07-23 13:00:00,51.8,54.2
500KV-BYQ-001,2024-07-23 14:00:00,62.2,63.6
500KV-BYQ-002,2024-07-23 14:00:00,50.8,53.1
500KV-BYQ-003,2024-07-23 14:00:00,59.8,62.0
500KV-BYQ-001,2024-07-23 15:00:00,59.9,61.0
500KV-BYQ-002,2024-07-23 15:00:00,72.6,73
500KV-BYQ-003,2024-07-23 15:00:00,56.8,57.9
500KV-BYQ-001,2024-07-23 16:00:00,71.7,73
500KV-BYQ-002,2024-07-23 16:00:00,62.3,64.2
500KV-BYQ-003,2024-07-23 16:00:00,55.7,57.8
500KV-BYQ-001,2024-07-23 17:00:00,58.4,60.4
500KV-BYQ-002,2024-07-23 17:00:00,54.2,56.0
500KV-BYQ-003,2024-07-23 17:00:00,58.9,61.3
500KV-BYQ-001,2024-07-23 18:00:00,60.3,62.8
500KV-BYQ-002,2024-07-23 18:00:00,51.6,54.3
500KV-BYQ-003,2024-07-23 18:00:00,63.5,65.2
500KV-BYQ-001,2024-07-23 19:00:00,55.0,57.3
500KV-BYQ-002,2024-07-23 19:00:00,60.2,62.6
500KV-BYQ-003,2024-07-23 19:00:00,48.2,50.6
500KV-BYQ-001,2024-07-23 20:00:00,63.2,65.4
500KV-BYQ-002,2024-07-23 20:00:00,49.8,51.2
500KV-BYQ-003,2024-07-23 20:00:00,64.6,66.1
500KV-BYQ-001,2024-07-23 21:00:00,56.3,58.1
500KV-BYQ-002,2024-07-23 21:00:00,68.1,69.7
500KV-BYQ-003,2024-07-23 21:00:00,49.6,51.1
500KV-BYQ-001,2024-07-23 22:00:00,66.2,68.1
500KV-BYQ-002,2024-07-23 22:00:00,57.7,58.8
500KV-BYQ-003,2024-07-23 22:00:00,50.5,53.5
500KV-BYQ-001,2024-07-23 23:00:00,56.7,59.6
500KV-BYQ-002,2024-07-23 23:00:00,48.6,50.0
500KV-BYQ-003,2024-07-23 23:00:00,52.4,53.8
500KV-BYQ-001,2024-07-24 00:00:00,62.5,64.8
500KV-BYQ-002,2024-07-24 00:00:00,51.2,53.4
500KV-BYQ-003,2024-07-24 00:00:00,60.0,62.6
500KV-BYQ-001,2024-07-24 01:00:00,66.4,68.8
500KV-BYQ-002,2024-07-24 01:00:00,49.4,50.9
500KV-BYQ-003,2024-07-24 01:00:00,50.4,52.0
500KV-BYQ-001,2024-07-24 02:00:00,57.2,59.7
500KV-BYQ-002,2024-07-24 02:00:00,55.4,57.8
500KV-BYQ-003,2024-07-24 02:00:00,60.3,61.6
500KV-BYQ-001,2024-07-24 03:00:00,47.2,50.1
500KV-BYQ-002,2024-07-24 03:00:00,59.9,62.4
500KV-BYQ-003,2024-07-24 03:00:00,62.5,64.5
500KV-BYQ-001,2024-07-24 04:00:00,46.1,48.4
500KV-BYQ-002,2024-07-24 04:00:00,44.6,46.7
500KV-BYQ-003,2024-07-24 04:00:00,63.3,64.6
500KV-BYQ-001,2024-07-24 05:00:00,48.5,50.5
500KV-BYQ-002,2024-07-24 05:00:00,60.9,62.2
500KV-BYQ-003,2024-07-24 05:00:00,62.6,63.7
500KV-BYQ-001,2024-07-24 06:00:00,62.0,63.6
500KV-BYQ-002,2024-07-24 06:00:00,49.2,50.3
500KV-BYQ-003,2024-07-24 06:00:00,49.8,51.4
500KV-BYQ-001,2024-07-24 07:00:00,45.7,47.9
500KV-BYQ-002,2024-07-24 07:00:00,47.1,48.4
500KV-BYQ-003,2024-07-24 07:00:00,46.6,49.2
500KV-BYQ-001,2024-07-24 08:00:00,51.5,53.6
500KV-BYQ-002,2024-07-24 08:00:00,64.4,67.0
500KV-BYQ-003,2024-07-24 08:00:00,60.0,62.2
500KV-BYQ-001,2024-07-24 09:00:00,65.5,67.3
500KV-BYQ-002,2024-07-24 09:00:00,51.3,53.2
500KV-BYQ-003,2024-07-24 09:00:00,66.5,68.6
500KV-BYQ-001,2024-07-24 10:00:00,47.7,49.2
500KV-BYQ-002,2024-07-24 10:00:00,60.1,62.1
500KV-BYQ-003,2024-07-24 10:00:00,60.1,62.6
500KV-BYQ-001,2024-07-24 11:00:00,62.2,63.3
500KV-BYQ-002,2024-07-24 11:00:00,59.6,61.7
500KV-BYQ-003,2024-07-24 11:00:00,47.8,49.3
500KV-BYQ-001,2024-07-24 12:00:00,59.7,61.8
500KV-BYQ-002,2024-07-24 12:00:00,64.1,66.0
500KV-BYQ-003,2024-07-24 12:00:00,60.1,61.6
500KV-BYQ-001,2024-07-24 13:00:00,62.1,63.5
500KV-BYQ-002,2024-07-24 13:00:00,63.6,64.7
500KV-BYQ-003,2024-07-24 13:00:00,52.4,55.2
500KV-BYQ-001,2024-07-24 14:00:00,63.5,65.9
500KV-BYQ-002,2024-07-24 14:00:00,58.3,60.0
500KV-BYQ-003,2024-07-24 14:00:00,51.3,52.8
500KV-BYQ-001,2024-07-24 15:00:00,61.7,63.9
500KV-BYQ-002,2024-07-24 15:00:00,67.2,68.8
500KV-BYQ-003,2024-07-24 15:00:00,56.4,59.0
500KV-BYQ-001,2024-07-24 16:00:00,50.7,52.1
500KV-BYQ-002,2024-07-24 16:00:00,49.2,52.2
500KV-BYQ-003,2024-07-24 16:00:00,56.8,57.9
500KV-BYQ-001,2024-07-24 17:00:00,64.8,67.7
500KV-BYQ-002,2024-07-24 17:00:00,63.0,64.3
500KV-BYQ-003,2024-07-24 17:00:00,71.6,73
500KV-BYQ-001,2024-07-24 18:00:00,51.5,52.8
500KV-BYQ-002,2024-07-24 18:00:00,51.4,52.4
500KV-BYQ-003,2024-07-24 18:00:00,68.9,71.7
500KV-BYQ-001,2024-07-24 19:00:00,56.7,57.8
500KV-BYQ-002,2024-07-24 19:00:00,47.7,50.2
500KV-BYQ-003,2024-07-24 19:00:00,68.1,70.0
500KV-BYQ-001,2024-07-24 20:00:00,55.1,57.7
500KV-BYQ-002,2024-07-24 20:00:00,50.5,53.5
500KV-BYQ-003,2024-07-24 20:00:00,49.5,51.2
500KV-BYQ-001,2024-07-24 21:00:00,55.8,58.5
500KV-BYQ-002,2024-07-24 21:00:00,55.6,58.3
500KV-BYQ-003,2024-07-24 21:00:00,49.4,50.7
500KV-BYQ-001,2024-07-24 22:00:00,67.4,69.2
500KV-BYQ-002,2024-07-24 22:00:00,49.7,50.8
500KV-BYQ-003,2024-07-24 22:00:00,57.0,59.2
500KV-BYQ-001,2024-07-24 23:00:00,65.4,67.8
500KV-BYQ-002,2024-07-24 23:00:00,57.8,60.2
500KV-BYQ-003,2024-07-24 23:00:00,60.1,61.5
500KV-BYQ-001,2024-07-25 00:00:00,54.5,56.0
500KV-BYQ-002,2024-07-25 00:00:00,46.4,47.9
500KV-BYQ-003,2024-07-25 00:00:00,67.1,68.9
500KV-BYQ-001,2024-07-25 01:00:00,53.2,55.9
500KV-BYQ-002,2024-07-25 01:00:00,51.8,53.2
500KV-BYQ-003,2024-07-25 01:00:00,52.0,53.2
500KV-BYQ-001,2024-07-25 02:00:00,58.4,61.1
500KV-BYQ-002,2024-07-25 02:00:00,50.9,53.3
500KV-BYQ-003,2024-07-25 02:00:00,47.6,50.4
500KV-BYQ-001,2024-07-25 03:00:00,44.6,46.1
500KV-BYQ-002,2024-07-25 03:00:00,66.9,68.9
500KV-BYQ-003,2024-07-25 03:00:00,64.7,65.7
500KV-BYQ-001,2024-07-25 04:00:00,55.7,58.0
500KV-BYQ-002,2024-07-25 04:00:00,57.9,59.2
500KV-BYQ-003,2024-07-25 04:00:00,61.1,63.6
500KV-BYQ-001,2024-07-25 05:00:00,47.0,48.1
500KV-BYQ-002,2024-07-25 05:00:00,42.4,44.6
500KV-BYQ-003,2024-07-25 05:00:00,51.2,53.4
500KV-BYQ-001,2024-07-25 06:00:00,53.5,56.3
500KV-BYQ-002,2024-07-25 06:00:00,53.3,54.4
500KV-BYQ-003,2024-07-25 06:00:00,53.9,55.2
500KV-BYQ-001,2024-07-25 07:00:00,64.6,66.9
500KV-BYQ-002,2024-07-25 07:00:00,50.4,52.8
500KV-BYQ-003,2024-07-25 07:00:00,65.1,66.7
500KV-BYQ-001,2024-07-25 08:00:00,67.9,70.1
500KV-BYQ-002,2024-07-25 08:00:00,58.4,60.2
500KV-BYQ-003,2024-07-25 08:00:00,62.6,63.9
500KV-BYQ-001,2024-07-25 09:00:00,72.1,73
500KV-BYQ-002,2024-07-25 09:00:00,59.4,61.6
500KV-BYQ-003,2024-07-25 09:00:00,58.6,60.9
500KV-BYQ-001,2024-07-25 10:00:00,67.8,70.4
500KV-BYQ-002,2024-07-25 10:00:00,72.2,73
500KV-BYQ-003,2024-07-25 10:00:00,50.3,52.9
500KV-BYQ-001,2024-07-25 11:00:00,59.5,61.2
500KV-BYQ-002,2024-07-25 11:00:00,59.3,61.3
500KV-BYQ-003,2024-07-25 11:00:00,53.9,55.0
500KV-BYQ-001,2024-07-25 12:00:00,68.7,70.0
500KV-BYQ-002,2024-07-25 12:00:00,54.2,56.5
500KV-BYQ-003,2024-07-25 12:00:00,49.9,52.9
500KV-BYQ-001,2024-07-25 13:00:00,50.3,53.1
500KV-BYQ-002,2024-07-25 13:00:00,64.0,65.1
500KV-BYQ-003,2024-07-25 13:00:00,53.6,54.9
500KV-BYQ-001,2024-07-25 14:00:00,54.8,57.2
500KV-BYQ-002,2024-07-25 14:00:00,66.5,68.7
500KV-BYQ-003,2024-07-25 14:00:00,48.3,50.5
500KV-BYQ-001,2024-07-25 15:00:00,61.4,63.1
500KV-BYQ-002,2024-07-25 15:00:00,63.6,65.8
500KV-BYQ-003,2024-07-25 15:00:00,65.0,66.4
500KV-BYQ-001,2024-07-25 16:00:00,66.0,68.1
500KV-BYQ-002,2024-07-25 16:00:00,70.3,71.5
500KV-BYQ-003,2024-07-25 16:00:00,69.7,72.0
500KV-BYQ-001,2024-07-25 17:00:00,57.6,59.2
500KV-BYQ-002,2024-07-25 17:00:00,48.3,49.6
500KV-BYQ-003,2024-07-25 17:00:00,58.4,59.9
500KV-BYQ-001,2024-07-25 18:00:00,48.0,49.6
500KV-BYQ-002,2024-07-25 18:00:00,56.5,58.6
500KV-BYQ-003,2024-07-25 18:00:00,67.8,70.1
500KV-BYQ-001,2024-07-25 19:00:00,57.8,59.5
500KV-BYQ-002,2024-07-25 19:00:00,57.6,58.6
500KV-BYQ-003,2024-07-25 19:00:00,48.3,50.4
500KV-BYQ-001,2024-07-25 20:00:00,63.7,66.7
500KV-BYQ-002,2024-07-25 20:00:00,59.2,60.3
500KV-BYQ-003,2024-07-25 20:00:00,45.2,46.5
500KV-BYQ-001,2024-07-25 21:00:00,53.6,55.7
500KV-BYQ-002,2024-07-25 21:00:00,60.1,62.3
500KV-BYQ-003,2024-07-25 21:00:00,58.8,61.0
500KV-BYQ-001,2024-07-25 22:00:00,58.7,60.0
500KV-BYQ-002,2024-07-25 22:00:00,67.8,69.0
500KV-BYQ-003,2024-07-25 22:00:00,48.0,49.2
500KV-BYQ-001,2024-07-25 23:00:00,46.3,49.2
500KV-BYQ-002,2024-07-25 23:00:00,54.5,55.6
500KV-BYQ-003,2024-07-25 23:00:00,55.5,58.3
500KV-BYQ-001,2024-07-26 00:00:00,45.8,48.3
500KV-BYQ-002,2024-07-26 00:00:00,54.3,57.1
500KV-BYQ-003,2024-07-26 00:00:00,50.2,52.4
500KV-BYQ-001,2024-07-26 01:00:00,54.6,55.8
500KV-BYQ-002,2024-07-26 01:00:00,56.5,58.3
500KV-BYQ-003,2024-07-26 01:00:00,61.2,63.5
500KV-BYQ-001,2024-07-26 02:00:00,55.6,57.5
500KV-BYQ-002,2024-07-26 02:00:00,48.1,50.6
500KV-BYQ-003,2024-07-26 02:00:00,50.7,53.2
500KV-BYQ-001,2024-07-26 03:00:00,51.1,54.1
500KV-BYQ-002,2024-07-26 03:00:00,55.2,56.9
500KV-BYQ-003,2024-07-26 03:00:00,58.1,59.6
500KV-BYQ-001,2024-07-26 04:00:00,45.2,47.9
500KV-BYQ-002,2024-07-26 04:00:00,50.9,52.1
500KV-BYQ-003,2024-07-26 04:00:00,64.3,66.4
500KV-BYQ-001,2024-07-26 05:00:00,50.1,53.1
500KV-BYQ-002,2024-07-26 05:00:00,66.6,68.0
500KV-BYQ-003,2024-07-26 05:00:00,44.1,45.9
500KV-BYQ-001,2024-07-26 06:00:00,44.9,46.0
500KV-BYQ-002,2024-07-26 06:00:00,61.3,63.1
500KV-BYQ-003,2024-07-26 06:00:00,61.5,64.4
500KV-BYQ-001,2024-07-26 07:00:00,53.6,56.0
500KV-BYQ-002,2024-07-26 07:00:00,63.1,65.9
500KV-BYQ-003,2024-07-26 07:00:00,65.0,67.8
500KV-BYQ-001,2024-07-26 08:00:00,53.0,54.8
500KV-BYQ-002,2024-07-26 08:00:00,55.0,56.9
500KV-BYQ-003,2024-07-26 08:00:00,69.6,70.8
500KV-BYQ-001,2024-07-26 09:00:00,47.0,49.2
500KV-BYQ-002,2024-07-26 09:00:00,58.7,61.7
500KV-BYQ-003,2024-07-26 09:00:00,65.1,67.4
500KV-BYQ-001,2024-07-26 10:00:00,64.8,66.2
500KV-BYQ-002,2024-07-26 10:00:00,61.9,64.2
500KV-BYQ-003,2024-07-26 10:00:00,53.0,55.0
500KV-BYQ-001,2024-07-26 11:00:00,52.7,54.1
500KV-BYQ-002,2024-07-26 11:00:00,68.7,71.7
500KV-BYQ-003,2024-07-26 11:00:00,58.3,60.7
500KV-BYQ-001,2024-07-26 12:00:00,49.1,51.3
500KV-BYQ-002,2024-07-26 12:00:00,48.9,50.6
500KV-BYQ-003,2024-07-26 12:00:00,66.8,68.6
500KV-BYQ-001,2024-07-26 13:00:00,50.8,52.4
500KV-BYQ-002,2024-07-26 13:00:00,47.6,49.3
500KV-BYQ-003,2024-07-26 13:00:00,55.7,56.8
500KV-BYQ-001,2024-07-26 14:00:00,64.6,67.4
500KV-BYQ-002,2024-07-26 14:00:00,65.6,67.6
500KV-BYQ-003,2024-07-26 14:00:00,57.9,59.1
500KV-BYQ-001,2024-07-26 15:00:00,54.8,57.4
500KV-BYQ-002,2024-07-26 15:00:00,52.9,55.5
500KV-BYQ-003,2024-07-26 15:00:00,68.2,69.4
500KV-BYQ-001,2024-07-26 16:00:00,58.8,59.8
500KV-BYQ-002,2024-07-26 16:00:00,55.0,57.3
500KV-BYQ-003,2024-07-26 16:00:00,51.0,52.6
500KV-BYQ-001,2024-07-26 17:00:00,50.1,51.3
500KV-BYQ-002,2024-07-26 17:00:00,66.5,67.7
500KV-BYQ-003,2024-07-26 17:00:00,59.4,61.7
500KV-BYQ-001,2024-07-26 18:00:00,67.4,68.9
500KV-BYQ-002,2024-07-26 18:00:00,65.1,68.0
500KV-BYQ-003,2024-07-26 18:00:00,53.2,54.4
500KV-BYQ-001,2024-07-26 19:00:00,48.2,50.6
500KV-BYQ-002,2024-07-26 19:00:00,65.8,67.7
500KV-BYQ-003,2024-07-26 19:00:00,55.1,57.4
500KV-BYQ-001,2024-07-26 20:00:00,59.3,61.2
500KV-BYQ-002,2024-07-26 20:00:00,66.5,69.2
500KV-BYQ-003,2024-07-26 20:00:00,60.4,62.5
500KV-BYQ-001,2024-07-26 21:00:00,60.2,61.7
500KV-BYQ-002,2024-07-26 21:00:00,63.1,64.3
500KV-BYQ-003,2024-07-26 21:00:00,63.9,65.7
500KV-BYQ-001,2024-07-26 22:00:00,49.2,50.9
500KV-BYQ-002,2024-07-26 22:00:00,49.2,51.4
500KV-BYQ-003,2024-07-26 22:00:00,65.8,68.8
500KV-BYQ-001,2024-07-26 23:00:00,46.9,49.0
500KV-BYQ-002,2024-07-26 23:00:00,53.2,56.1
500KV-BYQ-003,2024-07-26 23:00:00,52.1,53.2
500KV-BYQ-001,2024-07-27 00:00:00,67.1,70.0
500KV-BYQ-002,2024-07-27 00:00:00,57.4,59.3
500KV-BYQ-003,2024-07-27 00:00:00,60.8,63.3
500KV-BYQ-001,2024-07-27 01:00:00,65.1,68.0
500KV-BYQ-002,2024-07-27 01:00:00,51.8,53.3
500KV-BYQ-003,2024-07-27 01:00:00,66.7,67.9
500KV-BYQ-001,2024-07-27 02:00:00,49.1,50.8
500KV-BYQ-002,2024-07-27 02:00:00,56.9,58.9
500KV-BYQ-003,2024-07-27 02:00:00,59.9,62.7
500KV-BYQ-001,2024-07-27 03:00:00,61.9,63.2
500KV-BYQ-002,2024-07-27 03:00:00,47.0,48.7
500KV-BYQ-003,2024-07-27 03:00:00,44.6,45.7
500KV-BYQ-001,2024-07-27 04:00:00,65.9,67.4
500KV-BYQ-002,2024-07-27 04:00:00,56.4,58.7
500KV-BYQ-003,2024-07-27 04:00:00,49.6,51.9
500KV-BYQ-001,2024-07-27 05:00:00,45.9,47.2
500KV-BYQ-002,2024-07-27 05:00:00,62.7,64.6
500KV-BYQ-003,2024-07-27 05:00:00,48.4,50.9
500KV-BYQ-001,2024-07-27 06:00:00,51.5,52.9
500KV-BYQ-002,2024-07-27 06:00:00,58.9,61.1
500KV-BYQ-003,2024-07-27 06:00:00,61.7,63.9
500KV-BYQ-001,2024-07-27 07:00:00,64.7,66.0
500KV-BYQ-002,2024-07-27 07:00:00,65.7,66.8
500KV-BYQ-003,2024-07-27 07:00:00,64.7,66.7
500KV-BYQ-001,2024-07-27 08:00:00,59.2,61.2
500KV-BYQ-002,2024-07-27 08:00:00,61.2,63.2
500KV-BYQ-003,2024-07-27 08:00:00,53.0,56.0
500KV-BYQ-001,2024-07-27 09:00:00,59.6,61.0
500KV-BYQ-002,2024-07-27 09:00:00,68.0,71.0
500KV-BYQ-003,2024-07-27 09:00:00,51.4,54.3
500KV-BYQ-001,2024-07-27 10:00:00,66.5,69.1
500KV-BYQ-002,2024-07-27 10:00:00,55.9,58.0
500KV-BYQ-003,2024-07-27 10:00:00,59.5,60.9
500KV-BYQ-001,2024-07-27 11:00:00,57.9,60.4
500KV-BYQ-002,2024-07-27 11:00:00,53.7,55.5
500KV-BYQ-003,2024-07-27 11:00:00,58.9,60.3
500KV-BYQ-001,2024-07-27 12:00:00,52.5,54.2
500KV-BYQ-002,2024-07-27 12:00:00,58.6,60.6
500KV-BYQ-003,2024-07-27 12:00:00,65.7,68.3
500KV-BYQ-001,2024-07-27 13:00:00,56.7,59.3
500KV-BYQ-002,2024-07-27 13:00:00,63.1,65.8
500KV-BYQ-003,2024-07-27 13:00:00,59.7,62.6
500KV-BYQ-001,2024-07-27 14:00:00,70.4,72.0
500KV-BYQ-002,2024-07-27 14:00:00,48.0,50.9
500KV-BYQ-003,2024-07-27 14:00:00,53.4,55.5
500KV-BYQ-001,2024-07-27 15:00:00,55.8,58.2
500KV-BYQ-002,2024-07-27 15:00:00,68.9,70.2
500KV-BYQ-003,2024-07-27 15:00:00,60.7,62.6
500KV-BYQ-001,2024-07-27 16:00:00,53.4,54.9
500KV-BYQ-002,2024-07-27 16:00:00,67.0,68.1
500KV-BYQ-003,2024-07-27 16:00:00,63.4,66.3
500KV-BYQ-001,2024-07-27 17:00:00,47.9,50.9
500KV-BYQ-002,2024-07-27 17:00:00,71.7,73
500KV-BYQ-003,2024-07-27 17:00:00,69.9,72.1
500KV-BYQ-001,2024-07-27 18:00:00,67.7,69.4
500KV-BYQ-002,2024-07-27 18:00:00,61.5,63.6
500KV-BYQ-003,2024-07-27 18:00:00,53.3,54.6
500KV-BYQ-001,2024-07-27 19:00:00,61.9,63.6
500KV-BYQ-002,2024-07-27 19:00:00,63.9,66.5
500KV-BYQ-003,2024-07-27 19:00:00,68.9,71.6
500KV-BYQ-001,2024-07-27 20:00:00,64.6,67.1
500KV-BYQ-002,2024-07-27 20:00:00,63.4,66.1
500KV-BYQ-003,2024-07-27 20:00:00,51.2,52.7
500KV-BYQ-001,2024-07-27 21:00:00,59.2,60.5
500KV-BYQ-002,2024-07-27 21:00:00,55.4,57.4
500KV-BYQ-003,2024-07-27 21:00:00,70.9,73
500KV-BYQ-001,2024-07-27 22:00:00,69.0,70.5
500KV-BYQ-002,2024-07-27 22:00:00,51.9,53.5
500KV-BYQ-003,2024-07-27 22:00:00,44.4,46.3
500KV-BYQ-001,2024-07-27 23:00:00,64.1,65.6
500KV-BYQ-002,2024-07-27 23:00:00,63.4,65.0
500KV-BYQ-003,2024-07-27 23:00:00,58.0,60.0
500KV-BYQ-001,2024-07-28 00:00:00,58.3,60.8
500KV-BYQ-002,2024-07-28 00:00:00,64.2,66.4
500KV-BYQ-003,2024-07-28 00:00:00,60.3,62.7
500KV-BYQ-001,2024-07-28 01:00:00,55.2,57.5
500KV-BYQ-002,2024-07-28 01:00:00,54.4,55.7
500KV-BYQ-003,2024-07-28 01:00:00,52.3,53.9
500KV-BYQ-001,2024-07-28 02:00:00,67.4,68.8
500KV-BYQ-002,2024-07-28 02:00:00,64.5,66.5
500KV-BYQ-003,2024-07-28 02:00:00,46.3,47.7
500KV-BYQ-001,2024-07-28 03:00:00,59.8,60.9
500KV-BYQ-002,2024-07-28 03:00:00,57.1,58.7
500KV-BYQ-003,2024-07-28 03:00:00,56.5,58.4
500KV-BYQ-001,2024-07-28 04:00:00,54.7,56.0
500KV-BYQ-002,2024-07-28 04:00:00,46.1,47.7
500KV-BYQ-003,2024-07-28 04:00:00,57.9,59.7
500KV-BYQ-001,2024-07-28 05:00:00,63.4,65.3
500KV-BYQ-002,2024-07-28 05:00:00,54.9,57.3
500KV-BYQ-003,2024-07-28 05:00:00,60.1,62.2
500KV-BYQ-001,2024-07-28 06:00:00,45.7,47.5
500KV-BYQ-002,2024-07-28 06:00:00,55.7,57.3
500KV-BYQ-003,2024-07-28 06:00:00,59.5,60.7
500KV-BYQ-001,2024-07-28 07:00:00,50.2,51.5
500KV-BYQ-002,2024-07-28 07:00:00,64.1,66.7
500KV-BYQ-003,2024-07-28 07:00:00,62.0,64.0
500KV-BYQ-001,2024-07-28 08:00:00,51.7,54.5
500KV-BYQ-002,2024-07-28 08:00:00,62.9,64.8
500KV-BYQ-003,2024-07-28 08:00:00,51.5,54.2
500KV-BYQ-001,2024-07-28 09:00:00,47.3,48.6
500KV-BYQ-002,2024-07-28 09:00:00,48.9,50.8
500KV-BYQ-003,2024-07-28 09:00:00,55.1,57.4
500KV-BYQ-001,2024-07-28 10:00:00,62.7,65.2
500KV-BYQ-002,2024-07-28 10:00:00,50.9,52.5
500KV-BYQ-003,2024-07-28 10:00:00,59.8,61.3
500KV-BYQ-001,2024-07-28 11:00:00,55.6,57.4
500KV-BYQ-002,2024-07-28 11:00:00,57.6,59.3
500KV-BYQ-003,2024-07-28 11:00:00,48.5,51.4
500KV-BYQ-001,2024-07-28 12:00:00,69.4,71.9
500KV-BYQ-002,2024-07-28 12:00:00,52.5,54.2
500KV-BYQ-003,2024-07-28 12:00:00,59.9,61.2
500KV-BYQ-001,2024-07-28 13:00:00,49.8,51.8
500KV-BYQ-002,2024-07-28 13:00:00,62.9,64.0
500KV-BYQ-003,2024-07-28 13:00:00,49.6,52.4
500KV-BYQ-001,2024-07-28 14:00:00,68.6,71.6
500KV-BYQ-002,2024-07-28 14:00:00,58.3,60.4
500KV-BYQ-003,2024-07-28 14:00:00,49.3,50.9
500KV-BYQ-001,2024-07-28 15:00:00,69.3,70.4
500KV-BYQ-002,2024-07-28 15:00:00,48.4,50.6
500KV-BYQ-003,2024-07-28 15:00:00,69.5,71.5
500KV-BYQ-001,2024-07-28 16:00:00,62.9,64.6
500KV-BYQ-002,2024-07-28 16:00:00,70.1,71.6
500KV-BYQ-003,2024-07-28 16:00:00,64.3,67.3
500KV-BYQ-001,2024-07-28 17:00:00,53.9,55.7
500KV-BYQ-002,2024-07-28 17:00:00,48.0,49.9
500KV-BYQ-003,2024-07-28 17:00:00,69.4,72.4
500KV-BYQ-001,2024-07-28 18:00:00,67.6,68.7
500KV-BYQ-002,2024-07-28 18:00:00,56.8,57.9
500KV-BYQ-003,2024-07-28 18:00:00,59.3,60.6
500KV-BYQ-001,2024-07-28 19:00:00,62.7,65.0
500KV-BYQ-002,2024-07-28 19:00:00,45.8,47.2
500KV-BYQ-003,2024-07-28 19:00:00,66.8,69.3
500KV-BYQ-001,2024-07-28 20:00:00,47.7,50.4
500KV-BYQ-002,2024-07-28 20:00:00,63.6,66.3
500KV-BYQ-003,2024-07-28 20:00:00,59.6,61.3
500KV-BYQ-001,2024-07-28 21:00:00,58.3,61.3
500KV-BYQ-002,2024-07-28 21:00:00,69.7,70.9
500KV-BYQ-003,2024-07-28 21:00:00,60.0,62.6
500KV-BYQ-001,2024-07-28 22:00:00,53.3,55.2
500KV-BYQ-002,2024-07-28 22:00:00,55.1,57.1
500KV-BYQ-003,2024-07-28 22:00:00,55.7,57.0
500KV-BYQ-001,2024-07-28 23:00:00,52.1,55.0
500KV-BYQ-002,2024-07-28 23:00:00,65.4,66.4
500KV-BYQ-003,2024-07-28 23:00:00,60.1,62.7
500KV-BYQ-001,2024-07-29 00:00:00,43.3,44.5
500KV-BYQ-002,2024-07-29 00:00:00,55.2,57.6
500KV-BYQ-003,2024-07-29 00:00:00,61.2,63.1
500KV-BYQ-001,2024-07-29 01:00:00,45.2,47.1
500KV-BYQ-002,2024-07-29 01:00:00,59.2,60.6
500KV-BYQ-003,2024-07-29 01:00:00,57.1,59.7
500KV-BYQ-001,2024-07-29 02:00:00,53.3,56.3
500KV-BYQ-002,2024-07-29 02:00:00,47.1,49.1
500KV-BYQ-003,2024-07-29 02:00:00,59.8,62.3
500KV-BYQ-001,2024-07-29 03:00:00,65.1,67.4
500KV-BYQ-002,2024-07-29 03:00:00,57.7,60.6
500KV-BYQ-003,2024-07-29 03:00:00,61.0,63.2
500KV-BYQ-001,2024-07-29 04:00:00,52.9,55.2
500KV-BYQ-002,2024-07-29 04:00:00,58.8,60.6
500KV-BYQ-003,2024-07-29 04:00:00,47.3,49.8
500KV-BYQ-001,2024-07-29 05:00:00,62.1,64.2
500KV-BYQ-002,2024-07-29 05:00:00,64.4,65.6
500KV-BYQ-003,2024-07-29 05:00:00,63.3,65.5
500KV-BYQ-001,2024-07-29 06:00:00,53.6,56.0
500KV-BYQ-002,2024-07-29 06:00:00,53.0,55.8
500KV-BYQ-003,2024-07-29 06:00:00,59.8,62.8
500KV-BYQ-001,2024-07-29 07:00:00,62.5,64.5
500KV-BYQ-002,2024-07-29 07:00:00,47.8,50.5
500KV-BYQ-003,2024-07-29 07:00:00,49.1,50.3
500KV-BYQ-001,2024-07-29 08:00:00,63.9,66.5
500KV-BYQ-002,2024-07-29 08:00:00,67.6,69.6
500KV-BYQ-003,2024-07-29 08:00:00,65.5,67.5
500KV-BYQ-001,2024-07-29 09:00:00,51.9,53.5
500KV-BYQ-002,2024-07-29 09:00:00,54.4,56.3
500KV-BYQ-003,2024-07-29 09:00:00,71.5,73
500KV-BYQ-001,2024-07-29 10:00:00,59.1,60.7
500KV-BYQ-002,2024-07-29 10:00:00,63.4,65.4
500KV-BYQ-003,2024-07-29 10:00:00,63.8,65.4
500KV-BYQ-001,2024-07-29 11:00:00,63.5,64.6
500KV-BYQ-002,2024-07-29 11:00:00,57.2,58.5
500KV-BYQ-003,2024-07-29 11:00:00,46.5,48.6
500KV-BYQ-001,2024-07-29 12:00:00,68.8,71.5
500KV-BYQ-002,2024-07-29 12:00:00,58.1,60.2
500KV-BYQ-003,2024-07-29 12:00:00,61.3,64.3
500KV-BYQ-001,2024-07-29 13:00:00,51.9,54.9
500KV-BYQ-002,2024-07-29 13:00:00,51.2,53.3
500KV-BYQ-003,2024-07-29 13:00:00,55.6,58.4
500KV-BYQ-001,2024-07-29 14:00:00,49.3,52.3
500KV-BYQ-002,2024-07-29 14:00:00,52.7,55.3
500KV-BYQ-003,2024-07-29 14:00:00,67.2,70.2
500KV-BYQ-001,2024-07-29 15:00:00,66.9,68.8
500KV-BYQ-002,2024-07-29 15:00:00,48.1,51.1
500KV-BYQ-003,2024-07-29 15:00:00,59.8,62.7
500KV-BYQ-001,2024-07-29 16:00:00,61.0,63.4
500KV-BYQ-002,2024-07-29 16:00:00,60.3,62.5
500KV-BYQ-003,2024-07-29 16:00:00,52.6,54.8
500KV-BYQ-001,2024-07-29 17:00:00,59.6,61.1
500KV-BYQ-002,2024-07-29 17:00:00,66.9,69.4
500KV-BYQ-003,2024-07-29 17:00:00,67.7,69.6
500KV-BYQ-001,2024-07-29 18:00:00,61.8,63.6
500KV-BYQ-002,2024-07-29 18:00:00,50.8,53.6
500KV-BYQ-003,2024-07-29 18:00:00,63.6,65.7
500KV-BYQ-001,2024-07-29 19:00:00,52.4,54.5
500KV-BYQ-002,2024-07-29 19:00:00,55.9,58.8
500KV-BYQ-003,2024-07-29 19:00:00,50.6,51.8
500KV-BYQ-001,2024-07-29 20:00:00,68.7,70.7
500KV-BYQ-002,2024-07-29 20:00:00,61.1,62.9
500KV-BYQ-003,2024-07-29 20:00:00,58.2,61.1
500KV-BYQ-001,2024-07-29 21:00:00,66.7,67.8
500KV-BYQ-002,2024-07-29 21:00:00,68.7,69.8
500KV-BYQ-003,2024-07-29 21:00:00,65.0,66.6
500KV-BYQ-001,2024-07-29 22:00:00,61.3,62.7
500KV-BYQ-002,2024-07-29 22:00:00,67.9,69.6
500KV-BYQ-003,2024-07-29 22:00:00,69.2,70.9
500KV-BYQ-001,2024-07-29 23:00:00,49.0,51.9
500KV-BYQ-002,2024-07-29 23:00:00,63.4,66.1
500KV-BYQ-003,2024-07-29 23:00:00,61.0,62.3
500KV-BYQ-001,2024-07-30 00:00:00,64.0,66.4
500KV-BYQ-002,2024-07-30 00:00:00,62.9,64.5
500KV-BYQ-003,2024-07-30 00:00:00,47.0,50.0
500KV-BYQ-001,2024-07-30 01:00:00,56.1,58.6
500KV-BYQ-002,2024-07-30 01:00:00,45.9,48.5
500KV-BYQ-003,2024-07-30 01:00:00,52.7,54.5
500KV-BYQ-001,2024-07-30 02:00:00,57.9,60.4
500KV-BYQ-002,2024-07-30 02:00:00,55.4,57.1
500KV-BYQ-003,2024-07-30 02:00:00,59.6,61.9
500KV-BYQ-001,2024-07-30 03:00:00,62.8,65.6
500KV-BYQ-002,2024-07-30 03:00:00,58.0,59.2
500KV-BYQ-003,2024-07-30 03:00:00,46.9,49.5
500KV-BYQ-001,2024-07-30 04:00:00,54.0,55.6
500KV-BYQ-002,2024-07-30 04:00:00,58.8,59.8
500KV-BYQ-003,2024-07-30 04:00:00,52.2,55.1
500KV-BYQ-001,2024-07-30 05:00:00,61.2,62.7
500KV-BYQ-002,2024-07-30 05:00:00,58.9,60.8
500KV-BYQ-003,2024-07-30 05:00:00,58.9,60.3
500KV-BYQ-001,2024-07-30 06:00:00,57.2,59.6
500KV-BYQ-002,2024-07-30 06:00:00,55.3,56.8
500KV-BYQ-003,2024-07-30 06:00:00,50.2,52.5
500KV-BYQ-001,2024-07-30 07:00:00,43.9,46.7
500KV-BYQ-002,2024-07-30 07:00:00,61.2,64.0
500KV-BYQ-003,2024-07-30 07:00:00,49.5,52.1
500KV-BYQ-001,2024-07-30 08:00:00,68.4,69.6
500KV-BYQ-002,2024-07-30 08:00:00,47.1,49.8
500KV-BYQ-003,2024-07-30 08:00:00,70.0,72.3
500KV-BYQ-001,2024-07-30 09:00:00,66.7,68.1
500KV-BYQ-002,2024-07-30 09:00:00,50.9,53.2
500KV-BYQ-003,2024-07-30 09:00:00,59.6,62.3
500KV-BYQ-001,2024-07-30 10:00:00,51.5,52.9
500KV-BYQ-002,2024-07-30 10:00:00,57.0,59.4
500KV-BYQ-003,2024-07-30 10:00:00,70.6,72.8
500KV-BYQ-001,2024-07-30 11:00:00,67.0,68.3
500KV-BYQ-002,2024-07-30 11:00:00,50.7,51.9
500KV-BYQ-003,2024-07-30 11:00:00,65.2,67.7
500KV-BYQ-001,2024-07-30 12:00:00,55.4,57.3
500KV-BYQ-002,2024-07-30 12:00:00,64.3,66.6
500KV-BYQ-003,2024-07-30 12:00:00,66.0,67.2
500KV-BYQ-001,2024-07-30 13:00:00,71.6,73
500KV-BYQ-002,2024-07-30 13:00:00,51.7,52.8
500KV-BYQ-003,2024-07-30 13:00:00,69.1,70.2
500KV-BYQ-001,2024-07-30 14:00:00,46.3,48.9
500KV-BYQ-002,2024-07-30 14:00:00,55.5,57.9
500KV-BYQ-003,2024-07-30 14:00:00,65.8,67.0
500KV-BYQ-001,2024-07-30 15:00:00,56.5,58.2
500KV-BYQ-002,2024-07-30 15:00:00,65.2,67.6
500KV-BYQ-003,2024-07-30 15:00:00,53.1,54.6
500KV-BYQ-001,2024-07-30 16:00:00,51.3,54.2
500KV-BYQ-002,2024-07-30 16:00:00,69.4,72.3
500KV-BYQ-003,2024-07-30 16:00:00,70.9,73
500KV-BYQ-001,2024-07-30 17:00:00,48.7,51.2
500KV-BYQ-002,2024-07-30 17:00:00,71.0,73
500KV-BYQ-003,2024-07-30 17:00:00,45.6,47.6
500KV-BYQ-001,2024-07-30 18:00:00,60.4,61.9
500KV-BYQ-002,2024-07-30 18:00:00,65.7,67.6
500KV-BYQ-003,2024-07-30 18:00:00,64.6,66.1
500KV-BYQ-001,2024-07-30 19:00:00,57.8,60.8
500KV-BYQ-002,2024-07-30 19:00:00,51.5,53.8
500KV-BYQ-003,2024-07-30 19:00:00,54.2,55.5
500KV-BYQ-001,2024-07-30 20:00:00,70.5,72.5
500KV-BYQ-002,2024-07-30 20:00:00,54.1,56.6
500KV-BYQ-003,2024-07-30 20:00:00,67.1,68.4
500KV-BYQ-001,2024-07-30 21:00:00,55.2,57.3
500KV-BYQ-002,2024-07-30 21:00:00,55.4,58.0
500KV-BYQ-003,2024-07-30 21:00:00,57.4,58.7
500KV-BYQ-001,2024-07-30 22:00:00,62.8,65.6
500KV-BYQ-002,2024-07-30 22:00:00,63.7,64.7
500KV-BYQ-003,2024-07-30 22:00:00,63.3,65.0
500KV-BYQ-001,2024-07-30 23:00:00,50.2,52.8
500KV-BYQ-002,2024-07-30 23:00:00,66.5,68.3
500KV-BYQ-003,2024-07-30 23:00:00,60.3,61.8
500KV-BYQ-001,2024-07-31 00:00:00,50.2,52.3
500KV-BYQ-002,2024-07-31 00:00:00,60.8,62.3
500KV-BYQ-003,2024-07-31 00:00:00,54.5,57.4
500KV-BYQ-001,2024-07-31 01:00:00,51.7,54.6
500KV-BYQ-002,2024-07-31 01:00:00,64.3,67.1
500KV-BYQ-003,2024-07-31 01:00:00,46.8,49.5
500KV-BYQ-001,2024-07-31 02:00:00,48.5,51.2
500KV-BYQ-002,2024-07-31 02:00:00,53.4,55.4
500KV-BYQ-003,2024-07-31 02:00:00,64.0,65.1
500KV-BYQ-001,2024-07-31 03:00:00,59.1,60.1
500KV-BYQ-002,2024-07-31 03:00:00,53.6,55.0
500KV-BYQ-003,2024-07-31 03:00:00,64.8,67.0
500KV-BYQ-001,2024-07-31 04:00:00,47.6,49.7
500KV-BYQ-002,2024-07-31 04:00:00,52.7,55.2
500KV-BYQ-003,2024-07-31 04:00:00,62.6,64.1
500KV-BYQ-001,2024-07-31 05:00:00,63.6,65.8
500KV-BYQ-002,2024-07-31 05:00:00,42.6,44.3
500KV-BYQ-003,2024-07-31 05:00:00,45.9,48.0
500KV-BYQ-001,2024-07-31 06:00:00,61.3,63.1
500KV-BYQ-002,2024-07-31 06:00:00,65.7,67.2
500KV-BYQ-003,2024-07-31 06:00:00,64.4,66.2
500KV-BYQ-001,2024-07-31 07:00:00,61.0,63.9
500KV-BYQ-002,2024-07-31 07:00:00,56.4,58.6
500KV-BYQ-003,2024-07-31 07:00:00,60.7,63.6
500KV-BYQ-001,2024-07-31 08:00:00,52.5,54.2
500KV-BYQ-002,2024-07-31 08:00:00,58.3,60.1
500KV-BYQ-003,2024-07-31 08:00:00,70.0,72.9
500KV-BYQ-001,2024-07-31 09:00:00,68.0,70.7
500KV-BYQ-002,2024-07-31 09:00:00,46.0,48.8
500KV-BYQ-003,2024-07-31 09:00:00,65.4,66.7
500KV-BYQ-001,2024-07-31 10:00:00,67.5,68.7
500KV-BYQ-002,2024-07-31 10:00:00,58.8,60.0
500KV-BYQ-003,2024-07-31 10:00:00,55.8,58.7
500KV-BYQ-001,2024-07-31 11:00:00,56.7,57.9
500KV-BYQ-002,2024-07-31 11:00:00,50.4,51.6
500KV-BYQ-003,2024-07-31 11:00:00,62.8,64.1
500KV-BYQ-001,2024-07-31 12:00:00,52.2,53.7
500KV-BYQ-002,2024-07-31 12:00:00,55.1,57.9
500KV-BYQ-003,2024-07-31 12:00:00,59.8,62.2
500KV-BYQ-001,2024-07-31 13:00:00,69.7,71.7
500KV-BYQ-002,2024-07-31 13:00:00,50.4,52.3
500KV-BYQ-003,2024-07-31 13:00:00,57.9,59.8
500KV-BYQ-001,2024-07-31 14:00:00,54.7,55.9
500KV-BYQ-002,2024-07-31 14:00:00,56.5,57.8
500KV-BYQ-003,2024-07-31 14:00:00,62.7,64.2
500KV-BYQ-001,2024-07-31 15:00:00,69.8,71.6
500KV-BYQ-002,2024-07-31 15:00:00,49.5,50.6
500KV-BYQ-003,2024-07-31 15:00:00,64.0,65.3
500KV-BYQ-001,2024-07-31 16:00:00,56.9,58.3
500KV-BYQ-002,2024-07-31 16:00:00,66.5,69.4
500KV-BYQ-003,2024-07-31 16:00:00,50.9,53.2
500KV-BYQ-001,2024-07-31 17:00:00,50.9,52.4
500KV-BYQ-002,2024-07-31 17:00:00,64.2,67.2
500KV-BYQ-003,2024-07-31 17:00:00,71.5,73
500KV-BYQ-001,2024-07-31 18:00:00,59.2,61.7
500KV-BYQ-002,2024-07-31 18:00:00,59.5,61.0
500KV-BYQ-003,2024-07-31 18:00:00,59.3,61.7
500KV-BYQ-001,2024-07-31 19:00:00,68.7,71.7
500KV-BYQ-002,2024-07-31 19:00:00,55.3,57.6
500KV-BYQ-003,2024-07-31 19:00:00,45.6,47.1
500KV-BYQ-001,2024-07-31 20:00:00,62.8,64.4
500KV-BYQ-002,2024-07-31 20:00:00,44.7,47.2
500KV-BYQ-003,2024-07-31 20:00:00,55.7,58.7
500KV-BYQ-001,2024-07-31 21:00:00,49.2,50.3
500KV-BYQ-002,2024-07-31 21:00:00,54.5,57.3
500KV-BYQ-003,2024-07-31 21:00:00,66.6,68.1
500KV-BYQ-001,2024-07-31 22:00:00,49.0,51.6
500KV-BYQ-002,2024-07-31 22:00:00,62.0,63.9
500KV-BYQ-003,2024-07-31 22:00:00,50.4,51.5
500KV-BYQ-001,2024-07-31 23:00:00,61.2,62.4
500KV-BYQ-002,2024-07-31 23:00:00,44.1,45.8
500KV-BYQ-003,2024-07-31 23:00:00,44.8,46.3
500KV-BYQ-001,2024-08-01 00:00:00,54.9,56.7
500KV-BYQ-002,2024-08-01 00:00:00,41.9,44.1
500KV-BYQ-003,2024-08-01 00:00:00,56.8,59.3
500KV-BYQ-001,2024-08-01 01:00:00,53.8,56.4
500KV-BYQ-002,2024-08-01 01:00:00,56.0,57.8
500KV-BYQ-003,2024-08-01 01:00:00,50.1,51.5
500KV-BYQ-001,2024-08-01 02:00:00,60.7,63.1
500KV-BYQ-002,2024-08-01 02:00:00,51.6,52.8
500KV-BYQ-003,2024-08-01 02:00:00,48.2,50.4
500KV-BYQ-001,2024-08-01 03:00:00,45.0,46.2
500KV-BYQ-002,2024-08-01 03:00:00,52.2,53.6
500KV-BYQ-003,2024-08-01 03:00:00,60.7,63.0
500KV-BYQ-001,2024-08-01 04:00:00,61.4,63.4
500KV-BYQ-002,2024-08-01 04:00:00,55.4,57.6
500KV-BYQ-003,2024-08-01 04:00:00,59.0,60.1
500KV-BYQ-001,2024-08-01 05:00:00,51.7,54.0
500KV-BYQ-002,2024-08-01 05:00:00,51.7,54.4
500KV-BYQ-003,2024-08-01 05:00:00,60.5,61.7
500KV-BYQ-001,2024-08-01 06:00:00,46.4,48.8
500KV-BYQ-002,2024-08-01 06:00:00,63.0,65.2
500KV-BYQ-003,2024-08-01 06:00:00,50.3,53.2
500KV-BYQ-001,2024-08-01 07:00:00,65.1,68.0
500KV-BYQ-002,2024-08-01 07:00:00,67.0,69.7
500KV-BYQ-003,2024-08-01 07:00:00,51.8,53.7
500KV-BYQ-001,2024-08-01 08:00:00,60.6,61.6
500KV-BYQ-002,2024-08-01 08:00:00,55.0,57.3
500KV-BYQ-003,2024-08-01 08:00:00,56.2,58.0
500KV-BYQ-001,2024-08-01 09:00:00,57.7,60.5
500KV-BYQ-002,2024-08-01 09:00:00,66.9,69.8
500KV-BYQ-003,2024-08-01 09:00:00,58.1,59.9
500KV-BYQ-001,2024-08-01 10:00:00,50.9,52.1
500KV-BYQ-002,2024-08-01 10:00:00,62.6,64.0
500KV-BYQ-003,2024-08-01 10:00:00,64.1,66.4
500KV-BYQ-001,2024-08-01 11:00:00,55.9,58.5
500KV-BYQ-002,2024-08-01 11:00:00,60.7,62.2
500KV-BYQ-003,2024-08-01 11:00:00,58.9,60.9
500KV-BYQ-001,2024-08-01 12:00:00,67.1,68.6
500KV-BYQ-002,2024-08-01 12:00:00,64.8,67.5
500KV-BYQ-003,2024-08-01 12:00:00,54.2,55.7
500KV-BYQ-001,2024-08-01 13:00:00,50.0,52.4
500KV-BYQ-002,2024-08-01 13:00:00,61.2,63.5
500KV-BYQ-003,2024-08-01 13:00:00,63.5,64.7
500KV-BYQ-001,2024-08-01 14:00:00,70.5,72.1
500KV-BYQ-002,2024-08-01 14:00:00,47.4,49.0
500KV-BYQ-003,2024-08-01 14:00:00,65.8,67.8
500KV-BYQ-001,2024-08-01 15:00:00,54.5,57.2
500KV-BYQ-002,2024-08-01 15:00:00,51.1,52.6
500KV-BYQ-003,2024-08-01 15:00:00,69.9,71.5
500KV-BYQ-001,2024-08-01 16:00:00,63.1,64.8
500KV-BYQ-002,2024-08-01 16:00:00,47.1,48.3
500KV-BYQ-003,2024-08-01 16:00:00,57.8,60.6
500KV-BYQ-001,2024-08-01 17:00:00,70.2,72.1
500KV-BYQ-002,2024-08-01 17:00:00,58.2,59.5
500KV-BYQ-003,2024-08-01 17:00:00,62.3,64.9
500KV-BYQ-001,2024-08-01 18:00:00,50.2,52.7
500KV-BYQ-002,2024-08-01 18:00:00,57.9,59.2
500KV-BYQ-003,2024-08-01 18:00:00,53.9,55.0
500KV-BYQ-001,2024-08-01 19:00:00,56.5,58.1
500KV-BYQ-002,2024-08-01 19:00:00,55.0,57.5
500KV-BYQ-003,2024-08-01 19:00:00,46.1,47.6
500KV-BYQ-001,2024-08-01 20:00:00,68.3,71.3
500KV-BYQ-002,2024-08-01 20:00:00,46.0,48.1
500KV-BYQ-003,2024-08-01 20:00:00,66.4,68.1
500KV-BYQ-001,2024-08-01 21:00:00,56.0,57.9
500KV-BYQ-002,2024-08-01 21:00:00,54.2,55.7
500KV-BYQ-003,2024-08-01 21:00:00,50.7,52.6
500KV-BYQ-001,2024-08-01 22:00:00,46.4,48.5
500KV-BYQ-002,2024-08-01 22:00:00,63.3,65.8
500KV-BYQ-003,2024-08-01 22:00:00,48.3,49.8
500KV-BYQ-001,2024-08-01 23:00:00,48.5,50.8
500KV-BYQ-002,2024-08-01 23:00:00,65.4,66.8
500KV-BYQ-003,2024-08-01 23:00:00,59.8,60.9
500KV-BYQ-001,2024-08-02 00:00:00,50.5,53.5
500KV-BYQ-002,2024-08-02 00:00:00,56.2,58.8
500KV-BYQ-003,2024-08-02 00:00:00,64.9,66.6
500KV-BYQ-001,2024-08-02 01:00:00,60.1,61.4
500KV-BYQ-002,2024-08-02 01:00:00,61.3,63.2
500KV-BYQ-003,2024-08-02 01:00:00,66.1,67.1
500KV-BYQ-001,2024-08-02 02:00:00,60.4,61.8
500KV-BYQ-002,2024-08-02 02:00:00,49.2,50.3
500KV-BYQ-003,2024-08-02 02:00:00,45.2,47.7
500KV-BYQ-001,2024-08-02 03:00:00,42.2,44.1
500KV-BYQ-002,2024-08-02 03:00:00,42.2,45.1
500KV-BYQ-003,2024-08-02 03:00:00,47.0,49.2
500KV-BYQ-001,2024-08-02 04:00:00,58.2,59.5
500KV-BYQ-002,2024-08-02 04:00:00,56.3,57.8
500KV-BYQ-003,2024-08-02 04:00:00,56.0,57.5
500KV-BYQ-001,2024-08-02 05:00:00,48.3,50.5
500KV-BYQ-002,2024-08-02 05:00:00,65.4,67.6
500KV-BYQ-003,2024-08-02 05:00:00,56.8,57.9
500KV-BYQ-001,2024-08-02 06:00:00,46.7,49.7
500KV-BYQ-002,2024-08-02 06:00:00,63.8,66.2
500KV-BYQ-003,2024-08-02 06:00:00,63.2,64.9
500KV-BYQ-001,2024-08-02 07:00:00,63.5,65.1
500KV-BYQ-002,2024-08-02 07:00:00,60.8,62.5
500KV-BYQ-003,2024-08-02 07:00:00,48.4,50.3
500KV-BYQ-001,2024-08-02 08:00:00,67.0,68.6
500KV-BYQ-002,2024-08-02 08:00:00,67.0,68.3
500KV-BYQ-003,2024-08-02 08:00:00,57.7,60.0
500KV-BYQ-001,2024-08-02 09:00:00,48.2,51.2
500KV-BYQ-002,2024-08-02 09:00:00,63.7,64.8
500KV-BYQ-003,2024-08-02 09:00:00,50.1,52.9
500KV-BYQ-001,2024-08-02 10:00:00,62.7,64.9
500KV-BYQ-002,2024-08-02 10:00:00,49.6,50.6
500KV-BYQ-003,2024-08-02 10:00:00,53.2,55.6
500KV-BYQ-001,2024-08-02 11:00:00,48.1,50.2
500KV-BYQ-002,2024-08-02 11:00:00,68.9,70.6
500KV-BYQ-003,2024-08-02 11:00:00,69.5,71.3
500KV-BYQ-001,2024-08-02 12:00:00,56.9,58.0
500KV-BYQ-002,2024-08-02 12:00:00,58.9,61.1
500KV-BYQ-003,2024-08-02 12:00:00,52.9,55.7
500KV-BYQ-001,2024-08-02 13:00:00,58.6,60.9
500KV-BYQ-002,2024-08-02 13:00:00,58.9,60.0
500KV-BYQ-003,2024-08-02 13:00:00,53.9,55.7
500KV-BYQ-001,2024-08-02 14:00:00,56.9,59.0
500KV-BYQ-002,2024-08-02 14:00:00,69.6,71.2
500KV-BYQ-003,2024-08-02 14:00:00,50.0,52.4
500KV-BYQ-001,2024-08-02 15:00:00,56.2,58.7
500KV-BYQ-002,2024-08-02 15:00:00,66.4,68.5
500KV-BYQ-003,2024-08-02 15:00:00,52.9,54.3
500KV-BYQ-001,2024-08-02 16:00:00,70.7,73
500KV-BYQ-002,2024-08-02 16:00:00,64.8,66.7
500KV-BYQ-003,2024-08-02 16:00:00,66.5,68.7
500KV-BYQ-001,2024-08-02 17:00:00,57.2,59.3
500KV-BYQ-002,2024-08-02 17:00:00,65.3,67.0
500KV-BYQ-003,2024-08-02 17:00:00,67.0,68.9
500KV-BYQ-001,2024-08-02 18:00:00,67.0,69.3
500KV-BYQ-002,2024-08-02 18:00:00,57.0,59.0
500KV-BYQ-003,2024-08-02 18:00:00,64.9,66.6
500KV-BYQ-001,2024-08-02 19:00:00,63.8,65.8
500KV-BYQ-002,2024-08-02 19:00:00,70.1,71.2
500KV-BYQ-003,2024-08-02 19:00:00,61.0,63.0
500KV-BYQ-001,2024-08-02 20:00:00,56.7,58.5
500KV-BYQ-002,2024-08-02 20:00:00,45.6,48.5
500KV-BYQ-003,2024-08-02 20:00:00,53.6,55.7
500KV-BYQ-001,2024-08-02 21:00:00,63.3,65.2
500KV-BYQ-002,2024-08-02 21:00:00,66.4,67.7
500KV-BYQ-003,2024-08-02 21:00:00,54.1,55.9
500KV-BYQ-001,2024-08-02 22:00:00,64.7,66.3
500KV-BYQ-002,2024-08-02 22:00:00,50.4,53.0
500KV-BYQ-003,2024-08-02 22:00:00,58.0,59.0
500KV-BYQ-001,2024-08-02 23:00:00,52.4,54.6
500KV-BYQ-002,2024-08-02 23:00:00,43.9,46.8
500KV-BYQ-003,2024-08-02 23:00:00,52.6,53.7
500KV-BYQ-001,2024-08-03 00:00:00,59.5,61.3
500KV-BYQ-002,2024-08-03 00:00:00,55.5,58.0
500KV-BYQ-003,2024-08-03 00:00:00,64.2,66.1
500KV-BYQ-001,2024-08-03 01:00:00,46.6,47.9
500KV-BYQ-002,2024-08-03 01:00:00,53.5,55.1
500KV-BYQ-003,2024-08-03 01:00:00,56.9,58.6
500KV-BYQ-001,2024-08-03 02:00:00,45.8,47.8
500KV-BYQ-002,2024-08-03 02:00:00,54.0,55.5
500KV-BYQ-003,2024-08-03 02:00:00,56.0,57.6
500KV-BYQ-001,2024-08-03 03:00:00,53.5,56.2
500KV-BYQ-002,2024-08-03 03:00:00,53.5,54.7
500KV-BYQ-003,2024-08-03 03:00:00,57.1,59.6
500KV-BYQ-001,2024-08-03 04:00:00,42.9,44.0
500KV-BYQ-002,2024-08-03 04:00:00,46.1,47.7
500KV-BYQ-003,2024-08-03 04:00:00,50.0,51.9
500KV-BYQ-001,2024-08-03 05:00:00,48.1,49.7
500KV-BYQ-002,2024-08-03 05:00:00,50.2,52.6
500KV-BYQ-003,2024-08-03 05:00:00,62.1,63.3
500KV-BYQ-001,2024-08-03 06:00:00,53.3,54.6
500KV-BYQ-002,2024-08-03 06:00:00,64.9,67.3
500KV-BYQ-003,2024-08-03 06:00:00,47.3,48.4
500KV-BYQ-001,2024-08-03 07:00:00,64.5,66.2
500KV-BYQ-002,2024-08-03 07:00:00,53.3,55.3
500KV-BYQ-003,2024-08-03 07:00:00,63.9,66.7
500KV-BYQ-001,2024-08-03 08:00:00,64.3,66.6
500KV-BYQ-002,2024-08-03 08:00:00,61.1,63.6
500KV-BYQ-003,2024-08-03 08:00:00,60.9,63.3
500KV-BYQ-001,2024-08-03 09:00:00,69.7,71.0
500KV-BYQ-002,2024-08-03 09:00:00,62.1,64.6
500KV-BYQ-003,2024-08-03 09:00:00,69.8,71.1
500KV-BYQ-001,2024-08-03 10:00:00,66.1,67.6
500KV-BYQ-002,2024-08-03 10:00:00,56.5,57.7
500KV-BYQ-003,2024-08-03 10:00:00,65.2,67.2
500KV-BYQ-001,2024-08-03 11:00:00,50.5,53.5
500KV-BYQ-002,2024-08-03 11:00:00,70.9,72.5
500KV-BYQ-003,2024-08-03 11:00:00,62.8,64.7
500KV-BYQ-001,2024-08-03 12:00:00,57.5,59.0
500KV-BYQ-002,2024-08-03 12:00:00,52.0,54.8
500KV-BYQ-003,2024-08-03 12:00:00,50.0,52.8
500KV-BYQ-001,2024-08-03 13:00:00,52.4,53.8
500KV-BYQ-002,2024-08-03 13:00:00,46.6,49.1
500KV-BYQ-003,2024-08-03 13:00:00,49.8,51.0
500KV-BYQ-001,2024-08-03 14:00:00,60.7,62.9
500KV-BYQ-002,2024-08-03 14:00:00,56.4,59.2
500KV-BYQ-003,2024-08-03 14:00:00,60.4,62.1
500KV-BYQ-001,2024-08-03 15:00:00,51.7,54.5
500KV-BYQ-002,2024-08-03 15:00:00,66.8,69.0
500KV-BYQ-003,2024-08-03 15:00:00,55.4,57.5
500KV-BYQ-001,2024-08-03 16:00:00,66.1,68.4
500KV-BYQ-002,2024-08-03 16:00:00,48.3,51.0
500KV-BYQ-003,2024-08-03 16:00:00,48.1,49.2
500KV-BYQ-001,2024-08-03 17:00:00,50.3,53.3
500KV-BYQ-002,2024-08-03 17:00:00,56.7,58.1
500KV-BYQ-003,2024-08-03 17:00:00,62.3,63.5
500KV-BYQ-001,2024-08-03 18:00:00,58.7,60.0
500KV-BYQ-002,2024-08-03 18:00:00,63.7,65.4
500KV-BYQ-003,2024-08-03 18:00:00,63.7,64.9
500KV-BYQ-001,2024-08-03 19:00:00,54.9,56.1
500KV-BYQ-002,2024-08-03 19:00:00,62.2,64.2
500KV-BYQ-003,2024-08-03 19:00:00,52.6,54.1
500KV-BYQ-001,2024-08-03 20:00:00,49.1,50.6
500KV-BYQ-002,2024-08-03 20:00:00,69.2,70.6
500KV-BYQ-003,2024-08-03 20:00:00,68.7,71.5
500KV-BYQ-001,2024-08-03 21:00:00,58.6,60.7
500KV-BYQ-002,2024-08-03 21:00:00,64.9,67.1
500KV-BYQ-003,2024-08-03 21:00:00,64.3,65.6
500KV-BYQ-001,2024-08-03 22:00:00,51.8,54.4
500KV-BYQ-002,2024-08-03 22:00:00,58.9,61.9
500KV-BYQ-003,2024-08-03 22:00:00,64.0,65.6
500KV-BYQ-001,2024-08-03 23:00:00,47.8,50.8
500KV-BYQ-002,2024-08-03 23:00:00,64.3,67.0
500KV-BYQ-003,2024-08-03 23:00:00,54.9,56.7
500KV-BYQ-001,2024-08-04 00:00:00,46.1,47.6
500KV-BYQ-002,2024-08-04 00:00:00,53.6,56.4
500KV-BYQ-003,2024-08-04 00:00:00,49.8,52.6
500KV-BYQ-001,2024-08-04 01:00:00,58.3,59.8
500KV-BYQ-002,2024-08-04 01:00:00,62.4,64.4
500KV-BYQ-003,2024-08-04 01:00:00,54.8,56.0
500KV-BYQ-001,2024-08-04 02:00:00,47.2,49.1
500KV-BYQ-002,2024-08-04 02:00:00,64.5,66.5
500KV-BYQ-003,2024-08-04 02:00:00,48.1,50.3
500KV-BYQ-001,2024-08-04 03:00:00,53.9,56.5
500KV-BYQ-002,2024-08-04 03:00:00,67.7,68.9
500KV-BYQ-003,2024-08-04 03:00:00,50.0,51.4
500KV-BYQ-001,2024-08-04 04:00:00,48.7,51.5
500KV-BYQ-002,2024-08-04 04:00:00,46.4,48.9
500KV-BYQ-003,2024-08-04 04:00:00,66.6,67.7
500KV-BYQ-001,2024-08-04 05:00:00,59.5,61.8
500KV-BYQ-002,2024-08-04 05:00:00,50.0,52.8
500KV-BYQ-003,2024-08-04 05:00:00,61.3,64.0
500KV-BYQ-001,2024-08-04 06:00:00,55.3,57.6
500KV-BYQ-002,2024-08-04 06:00:00,51.4,52.5
500KV-BYQ-003,2024-08-04 06:00:00,60.3,62.6
500KV-BYQ-001,2024-08-04 07:00:00,49.2,51.0
500KV-BYQ-002,2024-08-04 07:00:00,50.3,52.8
500KV-BYQ-003,2024-08-04 07:00:00,62.0,64.9
500KV-BYQ-001,2024-08-04 08:00:00,57.4,58.7
500KV-BYQ-002,2024-08-04 08:00:00,55.7,57.0
500KV-BYQ-003,2024-08-04 08:00:00,71.5,73.0
500KV-BYQ-001,2024-08-04 09:00:00,60.8,63.5
500KV-BYQ-002,2024-08-04 09:00:00,70.5,72.1
500KV-BYQ-003,2024-08-04 09:00:00,52.7,54.1
500KV-BYQ-001,2024-08-04 10:00:00,52.6,54.2
500KV-BYQ-002,2024-08-04 10:00:00,50.3,53.0
500KV-BYQ-003,2024-08-04 10:00:00,65.9,68.8
500KV-BYQ-001,2024-08-04 11:00:00,51.5,54.0
500KV-BYQ-002,2024-08-04 11:00:00,61.4,63.6
500KV-BYQ-003,2024-08-04 11:00:00,64.5,67.3
500KV-BYQ-001,2024-08-04 12:00:00,58.0,59.7
500KV-BYQ-002,2024-08-04 12:00:00,71.8,73
500KV-BYQ-003,2024-08-04 12:00:00,67.0,69.5
500KV-BYQ-001,2024-08-04 13:00:00,55.2,57.4
500KV-BYQ-002,2024-08-04 13:00:00,48.7,51.0
500KV-BYQ-003,2024-08-04 13:00:00,60.8,63.0
500KV-BYQ-001,2024-08-04 14:00:00,53.1,55.7
500KV-BYQ-002,2024-08-04 14:00:00,63.5,65.3
500KV-BYQ-003,2024-08-04 14:00:00,59.5,62.2
500KV-BYQ-001,2024-08-04 15:00:00,67.6,69.0
500KV-BYQ-002,2024-08-04 15:00:00,54.6,57.4
500KV-BYQ-003,2024-08-04 15:00:00,48.1,51.1
500KV-BYQ-001,2024-08-04 16:00:00,57.5,60.4
500KV-BYQ-002,2024-08-04 16:00:00,50.6,53.5
500KV-BYQ-003,2024-08-04 16:00:00,50.3,53.0
500KV-BYQ-001,2024-08-04 17:00:00,70.7,71.7
500KV-BYQ-002,2024-08-04 17:00:00,55.3,57.4
500KV-BYQ-003,2024-08-04 17:00:00,50.9,52.5
500KV-BYQ-001,2024-08-04 18:00:00,54.0,55.4
500KV-BYQ-002,2024-08-04 18:00:00,62.8,65.8
500KV-BYQ-003,2024-08-04 18:00:00,68.2,69.8
500KV-BYQ-001,2024-08-04 19:00:00,45.9,48.0
500KV-BYQ-002,2024-08-04 19:00:00,51.9,54.8
500KV-BYQ-003,2024-08-04 19:00:00,46.9,49.0
500KV-BYQ-001,2024-08-04 20:00:00,47.1,49.7
500KV-BYQ-002,2024-08-04 20:00:00,54.2,56.4
500KV-BYQ-003,2024-08-04 20:00:00,60.2,61.4
500KV-BYQ-001,2024-08-04 21:00:00,57.6,59.2
500KV-BYQ-002,2024-08-04 21:00:00,52.9,55.2
500KV-BYQ-003,2024-08-04 21:00:00,58.3,59.4
500KV-BYQ-001,2024-08-04 22:00:00,59.0,61.7
500KV-BYQ-002,2024-08-04 22:00:00,62.7,64.4
500KV-BYQ-003,2024-08-04 22:00:00,62.9,64.2
500KV-BYQ-001,2024-08-04 23:00:00,48.0,49.7
500KV-BYQ-002,2024-08-04 23:00:00,62.3,65.1
500KV-BYQ-003,2024-08-04 23:00:00,50.4,52.3
500KV-BYQ-001,2024-08-05 00:00:00,50.3,52.1
500KV-BYQ-002,2024-08-05 00:00:00,47.8,49.1
500KV-BYQ-003,2024-08-05 00:00:00,52.7,55.1
500KV-BYQ-001,2024-08-05 01:00:00,60.2,61.4
500KV-BYQ-002,2024-08-05 01:00:00,46.7,49.2
500KV-BYQ-003,2024-08-05 01:00:00,55.1,56.3
500KV-BYQ-001,2024-08-05 02:00:00,54.3,57.2
500KV-BYQ-002,2024-08-05 02:00:00,43.5,45.6
500KV-BYQ-003,2024-08-05 02:00:00,49.7,50.9
500KV-BYQ-001,2024-08-05 03:00:00,58.3,59.7
500KV-BYQ-002,2024-08-05 03:00:00,43.7,46.4
500KV-BYQ-003,2024-08-05 03:00:00,58.1,61.1
500KV-BYQ-001,2024-08-05 04:00:00,44.6,46.8
500KV-BYQ-002,2024-08-05 04:00:00,53.4,55.6
500KV-BYQ-003,2024-08-05 04:00:00,64.0,66.6
500KV-BYQ-001,2024-08-05 05:00:00,45.5,47.6
500KV-BYQ-002,2024-08-05 05:00:00,53.3,54.4
500KV-BYQ-003,2024-08-05 05:00:00,41.9,44.2
500KV-BYQ-001,2024-08-05 06:00:00,63.5,65.0
500KV-BYQ-002,2024-08-05 06:00:00,63.3,64.7
500KV-BYQ-003,2024-08-05 06:00:00,61.6,63.8
500KV-BYQ-001,2024-08-05 07:00:00,53.4,55.8
500KV-BYQ-002,2024-08-05 07:00:00,59.4,60.6
500KV-BYQ-003,2024-08-05 07:00:00,60.4,62.4
500KV-BYQ-001,2024-08-05 08:00:00,53.3,55.1
500KV-BYQ-002,2024-08-05 08:00:00,66.7,68.5
500KV-BYQ-003,2024-08-05 08:00:00,57.0,58.5
500KV-BYQ-001,2024-08-05 09:00:00,51.1,53.6
500KV-BYQ-002,2024-08-05 09:00:00,70.1,72.3
500KV-BYQ-003,2024-08-05 09:00:00,49.0,50.7
500KV-BYQ-001,2024-08-05 10:00:00,47.3,49.4
500KV-BYQ-002,2024-08-05 10:00:00,69.1,71.8
500KV-BYQ-003,2024-08-05 10:00:00,57.6,59.8
500KV-BYQ-001,2024-08-05 11:00:00,61.4,64.3
500KV-BYQ-002,2024-08-05 11:00:00,54.8,56.0
500KV-BYQ-003,2024-08-05 11:00:00,72.9,73
500KV-BYQ-001,2024-08-05 12:00:00,67.1,68.7
500KV-BYQ-002,2024-08-05 12:00:00,60.1,61.1
500KV-BYQ-003,2024-08-05 12:00:00,49.9,51.1
500KV-BYQ-001,2024-08-05 13:00:00,67.7,69.1
500KV-BYQ-002,2024-08-05 13:00:00,58.2,60.1
500KV-BYQ-003,2024-08-05 13:00:00,53.3,56.1
500KV-BYQ-001,2024-08-05 14:00:00,47.3,50.2
500KV-BYQ-002,2024-08-05 14:00:00,64.2,66.8
500KV-BYQ-003,2024-08-05 14:00:00,62.6,65.6
500KV-BYQ-001,2024-08-05 15:00:00,64.2,67.0
500KV-BYQ-002,2024-08-05 15:00:00,72.1,73
500KV-BYQ-003,2024-08-05 15:00:00,59.8,61.5
500KV-BYQ-001,2024-08-05 16:00:00,70.7,73
500KV-BYQ-002,2024-08-05 16:00:00,62.1,64.1
500KV-BYQ-003,2024-08-05 16:00:00,51.7,53.1
500KV-BYQ-001,2024-08-05 17:00:00,50.2,51.3
500KV-BYQ-002,2024-08-05 17:00:00,57.1,59.2
500KV-BYQ-003,2024-08-05 17:00:00,66.0,68.4
500KV-BYQ-001,2024-08-05 18:00:00,70.1,73.0
500KV-BYQ-002,2024-08-05 18:00:00,63.4,64.6
500KV-BYQ-003,2024-08-05 18:00:00,49.7,51.3
500KV-BYQ-001,2024-08-05 19:00:00,51.9,53.3
500KV-BYQ-002,2024-08-05 19:00:00,46.3,48.3
500KV-BYQ-003,2024-08-05 19:00:00,55.7,57.9
500KV-BYQ-001,2024-08-05 20:00:00,67.4,70.2
500KV-BYQ-002,2024-08-05 20:00:00,51.4,52.5
500KV-BYQ-003,2024-08-05 20:00:00,50.7,52.3
500KV-BYQ-001,2024-08-05 21:00:00,50.6,51.6
500KV-BYQ-002,2024-08-05 21:00:00,52.5,55.2
500KV-BYQ-003,2024-08-05 21:00:00,49.4,51.0
500KV-BYQ-001,2024-08-05 22:00:00,62.3,64.5
500KV-BYQ-002,2024-08-05 22:00:00,53.7,55.1
500KV-BYQ-003,2024-08-05 22:00:00,51.5,52.7
500KV-BYQ-001,2024-08-05 23:00:00,55.7,57.2
500KV-BYQ-002,2024-08-05 23:00:00,61.8,63.1
500KV-BYQ-003,2024-08-05 23:00:00,48.3,49.7
500KV-BYQ-001,2024-08-06 00:00:00,55.5,57.7
500KV-BYQ-002,2024-08-06 00:00:00,45.7,48.7
500KV-BYQ-003,2024-08-06 00:00:00,60.1,62.9
500KV-BYQ-001,2024-08-06 01:00:00,49.6,52.4
500KV-BYQ-002,2024-08-06 01:00:00,60.4,61.4
500KV-BYQ-003,2024-08-06 01:00:00,56.7,59.6
500KV-BYQ-001,2024-08-06 02:00:00,50.8,53.7
500KV-BYQ-002,2024-08-06 02:00:00,54.7,57.6
500KV-BYQ-003,2024-08-06 02:00:00,45.9,47.6
500KV-BYQ-001,2024-08-06 03:00:00,64.1,66.7
500KV-BYQ-002,2024-08-06 03:00:00,64.0,65.7
500KV-BYQ-003,2024-08-06 03:00:00,48.3,49.7
500KV-BYQ-001,2024-08-06 04:00:00,65.9,68.4
500KV-BYQ-002,2024-08-06 04:00:00,56.6,59.4
500KV-BYQ-003,2024-08-06 04:00:00,43.9,46.3
500KV-BYQ-001,2024-08-06 05:00:00,48.4,50.3
500KV-BYQ-002,2024-08-06 05:00:00,50.1,52.5
500KV-BYQ-003,2024-08-06 05:00:00,61.6,62.7
500KV-BYQ-001,2024-08-06 06:00:00,48.3,49.9
500KV-BYQ-002,2024-08-06 06:00:00,58.5,61.4
500KV-BYQ-003,2024-08-06 06:00:00,51.5,53.3
500KV-BYQ-001,2024-08-06 07:00:00,57.7,59.5
500KV-BYQ-002,2024-08-06 07:00:00,52.6,54.1
500KV-BYQ-003,2024-08-06 07:00:00,48.9,50.5
500KV-BYQ-001,2024-08-06 08:00:00,63.1,65.2
500KV-BYQ-002,2024-08-06 08:00:00,65.0,67.3
500KV-BYQ-003,2024-08-06 08:00:00,49.5,51.5
500KV-BYQ-001,2024-08-06 09:00:00,65.4,66.8
500KV-BYQ-002,2024-08-06 09:00:00,53.3,55.1
500KV-BYQ-003,2024-08-06 09:00:00,53.6,56.4
500KV-BYQ-001,2024-08-06 10:00:00,61.3,63.1
500KV-BYQ-002,2024-08-06 10:00:00,61.1,64.1
500KV-BYQ-003,2024-08-06 10:00:00,61.3,64.3
500KV-BYQ-001,2024-08-06 11:00:00,70.2,71.9
500KV-BYQ-002,2024-08-06 11:00:00,70.1,72.5
500KV-BYQ-003,2024-08-06 11:00:00,63.5,64.7
500KV-BYQ-001,2024-08-06 12:00:00,52.9,54.9
500KV-BYQ-002,2024-08-06 12:00:00,61.4,63.3
500KV-BYQ-003,2024-08-06 12:00:00,53.6,56.0
500KV-BYQ-001,2024-08-06 13:00:00,51.9,53.0
500KV-BYQ-002,2024-08-06 13:00:00,71.0,73
500KV-BYQ-003,2024-08-06 13:00:00,50.2,51.9
500KV-BYQ-001,2024-08-06 14:00:00,69.4,70.4
500KV-BYQ-002,2024-08-06 14:00:00,69.2,72.0
500KV-BYQ-003,2024-08-06 14:00:00,67.0,68.7
500KV-BYQ-001,2024-08-06 15:00:00,48.2,50.2
500KV-BYQ-002,2024-08-06 15:00:00,65.7,67.3
500KV-BYQ-003,2024-08-06 15:00:00,65.5,66.7
500KV-BYQ-001,2024-08-06 16:00:00,67.7,69.3
500KV-BYQ-002,2024-08-06 16:00:00,66.7,68.9
500KV-BYQ-003,2024-08-06 16:00:00,66.1,68.1
500KV-BYQ-001,2024-08-06 17:00:00,72.0,73
500KV-BYQ-002,2024-08-06 17:00:00,66.9,68.0
500KV-BYQ-003,2024-08-06 17:00:00,56.2,57.3
500KV-BYQ-001,2024-08-06 18:00:00,61.5,62.9
500KV-BYQ-002,2024-08-06 18:00:00,64.5,66.2
500KV-BYQ-003,2024-08-06 18:00:00,52.6,54.8
500KV-BYQ-001,2024-08-06 19:00:00,66.2,67.5
500KV-BYQ-002,2024-08-06 19:00:00,48.0,49.3
500KV-BYQ-003,2024-08-06 19:00:00,50.6,51.8
500KV-BYQ-001,2024-08-06 20:00:00,59.4,61.6
500KV-BYQ-002,2024-08-06 20:00:00,68.7,70.8
500KV-BYQ-003,2024-08-06 20:00:00,60.4,62.5
500KV-BYQ-001,2024-08-06 21:00:00,48.6,51.2
500KV-BYQ-002,2024-08-06 21:00:00,52.4,55.3
500KV-BYQ-003,2024-08-06 21:00:00,64.0,65.5
500KV-BYQ-001,2024-08-06 22:00:00,49.4,51.7
500KV-BYQ-002,2024-08-06 22:00:00,61.1,63.7
500KV-BYQ-003,2024-08-06 22:00:00,70.0,72.2
500KV-BYQ-001,2024-08-06 23:00:00,59.0,61.3
500KV-BYQ-002,2024-08-06 23:00:00,52.6,53.9
500KV-BYQ-003,2024-08-06 23:00:00,61.7,64.0
500KV-BYQ-001,2024-08-07 00:00:00,46.2,49.0
500KV-BYQ-002,2024-08-07 00:00:00,50.3,53.2
500KV-BYQ-003,2024-08-07 00:00:00,53.9,55.7
500KV-BYQ-001,2024-08-07 01:00:00,52.0,54.8
500KV-BYQ-002,2024-08-07 01:00:00,59.8,62.0
500KV-BYQ-003,2024-08-07 01:00:00,63.7,65.5
500KV-BYQ-001,2024-08-07 02:00:00,43.5,45.6
500KV-BYQ-002,2024-08-07 02:00:00,57.3,58.8
500KV-BYQ-003,2024-08-07 02:00:00,48.7,51.3
500KV-BYQ-001,2024-08-07 03:00:00,51.2,53.7
500KV-BYQ-002,2024-08-07 03:00:00,64.6,66.6
500KV-BYQ-003,2024-08-07 03:00:00,67.4,69.9
500KV-BYQ-001,2024-08-07 04:00:00,61.0,62.1
500KV-BYQ-002,2024-08-07 04:00:00,44.0,45.2
500KV-BYQ-003,2024-08-07 04:00:00,62.2,64.7
500KV-BYQ-001,2024-08-07 05:00:00,63.4,66.1
500KV-BYQ-002,2024-08-07 05:00:00,64.9,67.0
500KV-BYQ-003,2024-08-07 05:00:00,57.1,59.1
500KV-BYQ-001,2024-08-07 06:00:00,60.3,62.6
500KV-BYQ-002,2024-08-07 06:00:00,58.5,60.5
500KV-BYQ-003,2024-08-07 06:00:00,51.2,52.2
500KV-BYQ-001,2024-08-07 07:00:00,49.4,51.9
500KV-BYQ-002,2024-08-07 07:00:00,52.4,53.8
500KV-BYQ-003,2024-08-07 07:00:00,63.6,66.5
500KV-BYQ-001,2024-08-07 08:00:00,57.0,59.9
500KV-BYQ-002,2024-08-07 08:00:00,71.3,72.3
500KV-BYQ-003,2024-08-07 08:00:00,52.0,53.7
500KV-BYQ-001,2024-08-07 09:00:00,50.4,53.0
500KV-BYQ-002,2024-08-07 09:00:00,49.5,51.3
500KV-BYQ-003,2024-08-07 09:00:00,52.3,54.0
500KV-BYQ-001,2024-08-07 10:00:00,52.7,54.9
500KV-BYQ-002,2024-08-07 10:00:00,69.6,71.3
500KV-BYQ-003,2024-08-07 10:00:00,65.2,66.6
500KV-BYQ-001,2024-08-07 11:00:00,51.2,52.3
500KV-BYQ-002,2024-08-07 11:00:00,49.6,52.3
500KV-BYQ-003,2024-08-07 11:00:00,51.9,53.8
500KV-BYQ-001,2024-08-07 12:00:00,52.9,54.0
500KV-BYQ-002,2024-08-07 12:00:00,61.5,63.6
500KV-BYQ-003,2024-08-07 12:00:00,64.5,66.3
500KV-BYQ-001,2024-08-07 13:00:00,61.9,64.4
500KV-BYQ-002,2024-08-07 13:00:00,60.8,61.9
500KV-BYQ-003,2024-08-07 13:00:00,66.2,67.8
500KV-BYQ-001,2024-08-07 14:00:00,59.4,61.1
500KV-BYQ-002,2024-08-07 14:00:00,56.4,57.9
500KV-BYQ-003,2024-08-07 14:00:00,58.4,59.8
500KV-BYQ-001,2024-08-07 15:00:00,60.0,62.9
500KV-BYQ-002,2024-08-07 15:00:00,66.8,69.7
500KV-BYQ-003,2024-08-07 15:00:00,62.5,65.3
500KV-BYQ-001,2024-08-07 16:00:00,70.7,72.8
500KV-BYQ-002,2024-08-07 16:00:00,65.9,67.0
500KV-BYQ-003,2024-08-07 16:00:00,58.1,60.3
500KV-BYQ-001,2024-08-07 17:00:00,58.3,60.3
500KV-BYQ-002,2024-08-07 17:00:00,55.8,58.4
500KV-BYQ-003,2024-08-07 17:00:00,61.2,62.4
500KV-BYQ-001,2024-08-07 18:00:00,55.8,57.2
500KV-BYQ-002,2024-08-07 18:00:00,50.3,52.5
500KV-BYQ-003,2024-08-07 18:00:00,55.7,56.8
500KV-BYQ-001,2024-08-07 19:00:00,60.6,61.8
500KV-BYQ-002,2024-08-07 19:00:00,70.2,72.8
500KV-BYQ-003,2024-08-07 19:00:00,56.2,59.1
500KV-BYQ-001,2024-08-07 20:00:00,65.0,66.5
500KV-BYQ-002,2024-08-07 20:00:00,55.4,56.7
500KV-BYQ-003,2024-08-07 20:00:00,59.9,62.1
500KV-BYQ-001,2024-08-07 21:00:00,59.2,61.1
500KV-BYQ-002,2024-08-07 21:00:00,50.2,52.0
500KV-BYQ-003,2024-08-07 21:00:00,66.0,68.3
500KV-BYQ-001,2024-08-07 22:00:00,59.0,61.1
500KV-BYQ-002,2024-08-07 22:00:00,53.2,54.2
500KV-BYQ-003,2024-08-07 22:00:00,66.7,67.8
500KV-BYQ-001,2024-08-07 23:00:00,47.8,50.5
500KV-BYQ-002,2024-08-07 23:00:00,61.8,64.5
500KV-BYQ-003,2024-08-07 23:00:00,50.8,53.7
500KV-BYQ-001,2024-08-08 00:00:00,57.0,58.7
500KV-BYQ-002,2024-08-08 00:00:00,58.2,60.5
500KV-BYQ-003,2024-08-08 00:00:00,45.8,48.2
500KV-BYQ-001,2024-08-08 01:00:00,61.9,64.3
500KV-BYQ-002,2024-08-08 01:00:00,48.9,50.2
500KV-BYQ-003,2024-08-08 01:00:00,46.7,49.0
500KV-BYQ-001,2024-08-08 02:00:00,50.8,51.9
500KV-BYQ-002,2024-08-08 02:00:00,50.4,52.2
500KV-BYQ-003,2024-08-08 02:00:00,50.3,53.3
500KV-BYQ-001,2024-08-08 03:00:00,48.6,51.4
500KV-BYQ-002,2024-08-08 03:00:00,58.6,60.2
500KV-BYQ-003,2024-08-08 03:00:00,54.2,56.5
500KV-BYQ-001,2024-08-08 04:00:00,53.1,55.8
500KV-BYQ-002,2024-08-08 04:00:00,57.6,60.5
500KV-BYQ-003,2024-08-08 04:00:00,42.4,44.1
500KV-BYQ-001,2024-08-08 05:00:00,44.3,47.1
500KV-BYQ-002,2024-08-08 05:00:00,57.1,58.2
500KV-BYQ-003,2024-08-08 05:00:00,64.6,66.3
500KV-BYQ-001,2024-08-08 06:00:00,61.7,63.0
500KV-BYQ-002,2024-08-08 06:00:00,48.2,50.7
500KV-BYQ-003,2024-08-08 06:00:00,62.7,64.3
500KV-BYQ-001,2024-08-08 07:00:00,58.4,59.7
500KV-BYQ-002,2024-08-08 07:00:00,53.5,55.0
500KV-BYQ-003,2024-08-08 07:00:00,54.4,56.9
500KV-BYQ-001,2024-08-08 08:00:00,50.9,52.8
500KV-BYQ-002,2024-08-08 08:00:00,52.7,55.5
500KV-BYQ-003,2024-08-08 08:00:00,61.4,63.1
500KV-BYQ-001,2024-08-08 09:00:00,56.0,57.1
500KV-BYQ-002,2024-08-08 09:00:00,56.6,59.2
500KV-BYQ-003,2024-08-08 09:00:00,49.1,51.1
500KV-BYQ-001,2024-08-08 10:00:00,53.0,54.5
500KV-BYQ-002,2024-08-08 10:00:00,67.2,69.1
500KV-BYQ-003,2024-08-08 10:00:00,54.9,57.6
500KV-BYQ-001,2024-08-08 11:00:00,60.0,62.8
500KV-BYQ-002,2024-08-08 11:00:00,53.8,55.4
500KV-BYQ-003,2024-08-08 11:00:00,63.5,65.5
500KV-BYQ-001,2024-08-08 12:00:00,47.9,50.2
500KV-BYQ-002,2024-08-08 12:00:00,57.4,60.1
500KV-BYQ-003,2024-08-08 12:00:00,60.0,61.8
500KV-BYQ-001,2024-08-08 13:00:00,70.2,71.7
500KV-BYQ-002,2024-08-08 13:00:00,63.5,65.2
500KV-BYQ-003,2024-08-08 13:00:00,52.8,55.7
500KV-BYQ-001,2024-08-08 14:00:00,60.2,62.2
500KV-BYQ-002,2024-08-08 14:00:00,56.9,58.8
500KV-BYQ-003,2024-08-08 14:00:00,68.2,70.8
500KV-BYQ-001,2024-08-08 15:00:00,65.7,68.7
500KV-BYQ-002,2024-08-08 15:00:00,61.9,64.1
500KV-BYQ-003,2024-08-08 15:00:00,65.5,68.4
500KV-BYQ-001,2024-08-08 16:00:00,50.4,52.5
500KV-BYQ-002,2024-08-08 16:00:00,71.7,73
500KV-BYQ-003,2024-08-08 16:00:00,67.0,68.9
500KV-BYQ-001,2024-08-08 17:00:00,55.4,57.5
500KV-BYQ-002,2024-08-08 17:00:00,52.9,55.8
500KV-BYQ-003,2024-08-08 17:00:00,71.5,73.0
500KV-BYQ-001,2024-08-08 18:00:00,48.7,51.1
500KV-BYQ-002,2024-08-08 18:00:00,50.7,53.3
500KV-BYQ-003,2024-08-08 18:00:00,59.1,60.3
500KV-BYQ-001,2024-08-08 19:00:00,67.8,69.0
500KV-BYQ-002,2024-08-08 19:00:00,50.6,51.7
500KV-BYQ-003,2024-08-08 19:00:00,67.3,69.5
500KV-BYQ-001,2024-08-08 20:00:00,60.4,61.8
500KV-BYQ-002,2024-08-08 20:00:00,64.9,67.0
500KV-BYQ-003,2024-08-08 20:00:00,52.5,54.7
500KV-BYQ-001,2024-08-08 21:00:00,63.4,66.2
500KV-BYQ-002,2024-08-08 21:00:00,55.4,58.1
500KV-BYQ-003,2024-08-08 21:00:00,63.1,65.1
500KV-BYQ-001,2024-08-08 22:00:00,66.2,67.7
500KV-BYQ-002,2024-08-08 22:00:00,60.8,62.7
500KV-BYQ-003,2024-08-08 22:00:00,68.5,69.8
500KV-BYQ-001,2024-08-08 23:00:00,59.6,62.0
500KV-BYQ-002,2024-08-08 23:00:00,61.3,62.8
500KV-BYQ-003,2024-08-08 23:00:00,56.3,58.3
500KV-BYQ-001,2024-08-09 00:00:00,50.4,52.3
500KV-BYQ-002,2024-08-09 00:00:00,54.5,55.6
500KV-BYQ-003,2024-08-09 00:00:00,44.0,46.7
500KV-BYQ-001,2024-08-09 01:00:00,66.0,68.9
500KV-BYQ-002,2024-08-09 01:00:00,54.3,56.0
500KV-BYQ-003,2024-08-09 01:00:00,59.7,62.4
500KV-BYQ-001,2024-08-09 02:00:00,55.8,58.3
500KV-BYQ-002,2024-08-09 02:00:00,54.5,56.3
500KV-BYQ-003,2024-08-09 02:00:00,56.3,57.9
500KV-BYQ-001,2024-08-09 03:00:00,51.5,53.1
500KV-BYQ-002,2024-08-09 03:00:00,45.6,47.9
500KV-BYQ-003,2024-08-09 03:00:00,46.3,48.2
500KV-BYQ-001,2024-08-09 04:00:00,46.1,48.1
500KV-BYQ-002,2024-08-09 04:00:00,58.5,60.0
500KV-BYQ-003,2024-08-09 04:00:00,64.5,66.9
500KV-BYQ-001,2024-08-09 05:00:00,53.6,55.5
500KV-BYQ-002,2024-08-09 05:00:00,44.9,46.9
500KV-BYQ-003,2024-08-09 05:00:00,51.5,53.1
500KV-BYQ-001,2024-08-09 06:00:00,52.3,55.1
500KV-BYQ-002,2024-08-09 06:00:00,47.9,50.0
500KV-BYQ-003,2024-08-09 06:00:00,55.8,57.1
500KV-BYQ-001,2024-08-09 07:00:00,44.4,46.1
500KV-BYQ-002,2024-08-09 07:00:00,48.9,50.8
500KV-BYQ-003,2024-08-09 07:00:00,58.1,60.4
500KV-BYQ-001,2024-08-09 08:00:00,69.2,70.6
500KV-BYQ-002,2024-08-09 08:00:00,66.3,67.7
500KV-BYQ-003,2024-08-09 08:00:00,62.1,64.2
500KV-BYQ-001,2024-08-09 09:00:00,71.4,72.6
500KV-BYQ-002,2024-08-09 09:00:00,67.7,68.8
500KV-BYQ-003,2024-08-09 09:00:00,66.7,69.3
500KV-BYQ-001,2024-08-09 10:00:00,54.6,56.9
500KV-BYQ-002,2024-08-09 10:00:00,65.9,67.6
500KV-BYQ-003,2024-08-09 10:00:00,61.2,63.9
500KV-BYQ-001,2024-08-09 11:00:00,50.0,51.0
500KV-BYQ-002,2024-08-09 11:00:00,63.6,66.5
500KV-BYQ-003,2024-08-09 11:00:00,49.7,51.9
500KV-BYQ-001,2024-08-09 12:00:00,51.9,54.1
500KV-BYQ-002,2024-08-09 12:00:00,59.4,61.5
500KV-BYQ-003,2024-08-09 12:00:00,50.2,52.5
500KV-BYQ-001,2024-08-09 13:00:00,51.4,53.5
500KV-BYQ-002,2024-08-09 13:00:00,51.3,52.6
500KV-BYQ-003,2024-08-09 13:00:00,60.2,62.7
500KV-BYQ-001,2024-08-09 14:00:00,53.7,56.6
500KV-BYQ-002,2024-08-09 14:00:00,66.7,67.9
500KV-BYQ-003,2024-08-09 14:00:00,57.9,60.5
500KV-BYQ-001,2024-08-09 15:00:00,67.8,68.9
500KV-BYQ-002,2024-08-09 15:00:00,71.7,72.7
500KV-BYQ-003,2024-08-09 15:00:00,69.0,70.4
500KV-BYQ-001,2024-08-09 16:00:00,72.0,73
500KV-BYQ-002,2024-08-09 16:00:00,61.2,63.5
500KV-BYQ-003,2024-08-09 16:00:00,59.5,61.6
500KV-BYQ-001,2024-08-09 17:00:00,66.0,67.8
500KV-BYQ-002,2024-08-09 17:00:00,67.2,69.2
500KV-BYQ-003,2024-08-09 17:00:00,64.3,67.1
500KV-BYQ-001,2024-08-09 18:00:00,54.8,55.8
500KV-BYQ-002,2024-08-09 18:00:00,59.5,60.6
500KV-BYQ-003,2024-08-09 18:00:00,66.4,68.5
500KV-BYQ-001,2024-08-09 19:00:00,50.5,53.2
500KV-BYQ-002,2024-08-09 19:00:00,58.7,59.8
500KV-BYQ-003,2024-08-09 19:00:00,47.7,49.8
500KV-BYQ-001,2024-08-09 20:00:00,55.0,56.6
500KV-BYQ-002,2024-08-09 20:00:00,59.9,61.9
500KV-BYQ-003,2024-08-09 20:00:00,66.3,68.6
500KV-BYQ-001,2024-08-09 21:00:00,59.8,62.5
500KV-BYQ-002,2024-08-09 21:00:00,48.9,51.6
500KV-BYQ-003,2024-08-09 21:00:00,56.4,57.6
500KV-BYQ-001,2024-08-09 22:00:00,50.0,52.3
500KV-BYQ-002,2024-08-09 22:00:00,66.1,68.7
500KV-BYQ-003,2024-08-09 22:00:00,67.1,68.1
500KV-BYQ-001,2024-08-09 23:00:00,50.3,51.6
500KV-BYQ-002,2024-08-09 23:00:00,59.9,61.4
500KV-BYQ-003,2024-08-09 23:00:00,63.1,65.2
500KV-BYQ-001,2024-08-10 00:00:00,62.4,64.9
500KV-BYQ-002,2024-08-10 00:00:00,56.3,57.6
500KV-BYQ-003,2024-08-10 00:00:00,43.9,45.3
500KV-BYQ-001,2024-08-10 01:00:00,62.6,65.0
500KV-BYQ-002,2024-08-10 01:00:00,62.7,64.0
500KV-BYQ-003,2024-08-10 01:00:00,64.8,67.6
500KV-BYQ-001,2024-08-10 02:00:00,57.6,59.8
500KV-BYQ-002,2024-08-10 02:00:00,53.4,55.8
500KV-BYQ-003,2024-08-10 02:00:00,50.0,51.0
500KV-BYQ-001,2024-08-10 03:00:00,65.0,67.9
500KV-BYQ-002,2024-08-10 03:00:00,59.7,62.4
500KV-BYQ-003,2024-08-10 03:00:00,48.1,50.4
500KV-BYQ-001,2024-08-10 04:00:00,60.2,62.1
500KV-BYQ-002,2024-08-10 04:00:00,51.9,54.4
500KV-BYQ-003,2024-08-10 04:00:00,60.9,62.4
500KV-BYQ-001,2024-08-10 05:00:00,48.1,50.1
500KV-BYQ-002,2024-08-10 05:00:00,61.9,63.6
500KV-BYQ-003,2024-08-10 05:00:00,47.3,48.8
500KV-BYQ-001,2024-08-10 06:00:00,64.7,66.7
500KV-BYQ-002,2024-08-10 06:00:00,64.5,67.4
500KV-BYQ-003,2024-08-10 06:00:00,54.9,57.2
500KV-BYQ-001,2024-08-10 07:00:00,53.4,55.9
500KV-BYQ-002,2024-08-10 07:00:00,45.1,46.1
500KV-BYQ-003,2024-08-10 07:00:00,51.2,52.9
500KV-BYQ-001,2024-08-10 08:00:00,59.8,61.0
500KV-BYQ-002,2024-08-10 08:00:00,56.8,58.9
500KV-BYQ-003,2024-08-10 08:00:00,50.8,52.4
500KV-BYQ-001,2024-08-10 09:00:00,60.8,61.8
500KV-BYQ-002,2024-08-10 09:00:00,68.8,70.8
500KV-BYQ-003,2024-08-10 09:00:00,66.8,69.7
500KV-BYQ-001,2024-08-10 10:00:00,65.6,66.7
500KV-BYQ-002,2024-08-10 10:00:00,65.3,68.2
500KV-BYQ-003,2024-08-10 10:00:00,60.1,61.7
500KV-BYQ-001,2024-08-10 11:00:00,69.3,71.8
500KV-BYQ-002,2024-08-10 11:00:00,49.8,51.5
500KV-BYQ-003,2024-08-10 11:00:00,60.9,63.4
500KV-BYQ-001,2024-08-10 12:00:00,67.2,68.3
500KV-BYQ-002,2024-08-10 12:00:00,55.8,58.4
500KV-BYQ-003,2024-08-10 12:00:00,61.9,62.9
500KV-BYQ-001,2024-08-10 13:00:00,51.6,54.5
500KV-BYQ-002,2024-08-10 13:00:00,64.6,66.3
500KV-BYQ-003,2024-08-10 13:00:00,66.0,67.3
500KV-BYQ-001,2024-08-10 14:00:00,57.9,60.1
500KV-BYQ-002,2024-08-10 14:00:00,49.7,52.0
500KV-BYQ-003,2024-08-10 14:00:00,64.5,66.0
500KV-BYQ-001,2024-08-10 15:00:00,62.8,65.7
500KV-BYQ-002,2024-08-10 15:00:00,66.2,68.7
500KV-BYQ-003,2024-08-10 15:00:00,69.5,71.4
500KV-BYQ-001,2024-08-10 16:00:00,63.3,64.3
500KV-BYQ-002,2024-08-10 16:00:00,52.0,53.6
500KV-BYQ-003,2024-08-10 16:00:00,60.8,62.2
500KV-BYQ-001,2024-08-10 17:00:00,48.9,50.2
500KV-BYQ-002,2024-08-10 17:00:00,69.5,71.5
500KV-BYQ-003,2024-08-10 17:00:00,54.7,57.4
500KV-BYQ-001,2024-08-10 18:00:00,49.8,51.0
500KV-BYQ-002,2024-08-10 18:00:00,58.5,60.8
500KV-BYQ-003,2024-08-10 18:00:00,52.8,53.9
500KV-BYQ-001,2024-08-10 19:00:00,54.1,56.6
500KV-BYQ-002,2024-08-10 19:00:00,55.7,56.9
500KV-BYQ-003,2024-08-10 19:00:00,67.6,69.3
500KV-BYQ-001,2024-08-10 20:00:00,59.6,62.0
500KV-BYQ-002,2024-08-10 20:00:00,58.0,60.3
500KV-BYQ-003,2024-08-10 20:00:00,59.8,61.9
500KV-BYQ-001,2024-08-10 21:00:00,44.8,46.0
500KV-BYQ-002,2024-08-10 21:00:00,65.0,67.8
500KV-BYQ-003,2024-08-10 21:00:00,62.6,64.6
500KV-BYQ-001,2024-08-10 22:00:00,54.0,56.4
500KV-BYQ-002,2024-08-10 22:00:00,64.9,66.4
500KV-BYQ-003,2024-08-10 22:00:00,61.7,64.3
500KV-BYQ-001,2024-08-10 23:00:00,46.0,47.3
500KV-BYQ-002,2024-08-10 23:00:00,50.0,51.8
500KV-BYQ-003,2024-08-10 23:00:00,58.8,59.9
500KV-BYQ-001,2024-08-11 00:00:00,55.3,58.1
500KV-BYQ-002,2024-08-11 00:00:00,46.3,48.6
500KV-BYQ-003,2024-08-11 00:00:00,52.4,54.7
500KV-BYQ-001,2024-08-11 01:00:00,51.5,53.6
500KV-BYQ-002,2024-08-11 01:00:00,50.2,52.6
500KV-BYQ-003,2024-08-11 01:00:00,54.3,56.2
500KV-BYQ-001,2024-08-11 02:00:00,58.6,60.5
500KV-BYQ-002,2024-08-11 02:00:00,45.7,47.2
500KV-BYQ-003,2024-08-11 02:00:00,61.3,62.5
500KV-BYQ-001,2024-08-11 03:00:00,52.0,53.7
500KV-BYQ-002,2024-08-11 03:00:00,56.6,59.3
500KV-BYQ-003,2024-08-11 03:00:00,50.8,52.1
500KV-BYQ-001,2024-08-11 04:00:00,53.5,55.8
500KV-BYQ-002,2024-08-11 04:00:00,43.3,45.1
500KV-BYQ-003,2024-08-11 04:00:00,64.2,66.2
500KV-BYQ-001,2024-08-11 05:00:00,44.3,45.6
500KV-BYQ-002,2024-08-11 05:00:00,50.4,51.5
500KV-BYQ-003,2024-08-11 05:00:00,63.3,65.0
500KV-BYQ-001,2024-08-11 06:00:00,50.7,52.5
500KV-BYQ-002,2024-08-11 06:00:00,65.8,68.7
500KV-BYQ-003,2024-08-11 06:00:00,43.1,45.2
500KV-BYQ-001,2024-08-11 07:00:00,62.6,65.4
500KV-BYQ-002,2024-08-11 07:00:00,49.8,51.9
500KV-BYQ-003,2024-08-11 07:00:00,51.9,53.7
500KV-BYQ-001,2024-08-11 08:00:00,48.2,50.0
500KV-BYQ-002,2024-08-11 08:00:00,71.4,73
500KV-BYQ-003,2024-08-11 08:00:00,63.2,64.3
500KV-BYQ-001,2024-08-11 09:00:00,64.1,65.6
500KV-BYQ-002,2024-08-11 09:00:00,61.7,63.3
500KV-BYQ-003,2024-08-11 09:00:00,64.2,66.5
500KV-BYQ-001,2024-08-11 10:00:00,59.4,62.3
500KV-BYQ-002,2024-08-11 10:00:00,65.2,67.6
500KV-BYQ-003,2024-08-11 10:00:00,48.2,49.6
500KV-BYQ-001,2024-08-11 11:00:00,55.9,57.5
500KV-BYQ-002,2024-08-11 11:00:00,47.5,50.4
500KV-BYQ-003,2024-08-11 11:00:00,55.8,57.8
500KV-BYQ-001,2024-08-11 12:00:00,58.9,60.6
500KV-BYQ-002,2024-08-11 12:00:00,51.4,53.4
500KV-BYQ-003,2024-08-11 12:00:00,64.7,66.9
500KV-BYQ-001,2024-08-11 13:00:00,60.5,61.5
500KV-BYQ-002,2024-08-11 13:00:00,49.6,51.9
500KV-BYQ-003,2024-08-11 13:00:00,70.3,73.0
500KV-BYQ-001,2024-08-11 14:00:00,63.5,66.0
500KV-BYQ-002,2024-08-11 14:00:00,58.7,61.4
500KV-BYQ-003,2024-08-11 14:00:00,45.8,47.1
500KV-BYQ-001,2024-08-11 15:00:00,49.8,52.0
500KV-BYQ-002,2024-08-11 15:00:00,51.6,53.1
500KV-BYQ-003,2024-08-11 15:00:00,51.7,52.9
500KV-BYQ-001,2024-08-11 16:00:00,65.1,66.5
500KV-BYQ-002,2024-08-11 16:00:00,64.0,65.8
500KV-BYQ-003,2024-08-11 16:00:00,62.5,63.6
500KV-BYQ-001,2024-08-11 17:00:00,69.4,72.1
500KV-BYQ-002,2024-08-11 17:00:00,48.7,50.5
500KV-BYQ-003,2024-08-11 17:00:00,69.9,71.1
500KV-BYQ-001,2024-08-11 18:00:00,60.7,61.9
500KV-BYQ-002,2024-08-11 18:00:00,45.6,47.0
500KV-BYQ-003,2024-08-11 18:00:00,54.0,56.2
500KV-BYQ-001,2024-08-11 19:00:00,67.8,70.2
500KV-BYQ-002,2024-08-11 19:00:00,48.7,50.1
500KV-BYQ-003,2024-08-11 19:00:00,62.1,65.0
500KV-BYQ-001,2024-08-11 20:00:00,65.0,66.5
500KV-BYQ-002,2024-08-11 20:00:00,61.3,62.3
500KV-BYQ-003,2024-08-11 20:00:00,64.6,67.2
500KV-BYQ-001,2024-08-11 21:00:00,65.4,66.6
500KV-BYQ-002,2024-08-11 21:00:00,52.5,55.0
500KV-BYQ-003,2024-08-11 21:00:00,55.8,57.2
500KV-BYQ-001,2024-08-11 22:00:00,62.2,63.7
500KV-BYQ-002,2024-08-11 22:00:00,62.6,65.1
500KV-BYQ-003,2024-08-11 22:00:00,66.5,68.9
500KV-BYQ-001,2024-08-11 23:00:00,47.2,50.0
500KV-BYQ-002,2024-08-11 23:00:00,52.3,54.9
500KV-BYQ-003,2024-08-11 23:00:00,46.9,49.1
500KV-BYQ-001,2024-08-12 00:00:00,65.6,67.6
500KV-BYQ-002,2024-08-12 00:00:00,56.9,58.5
500KV-BYQ-003,2024-08-12 00:00:00,42.0,43.7
500KV-BYQ-001,2024-08-12 01:00:00,57.7,59.2
500KV-BYQ-002,2024-08-12 01:00:00,49.3,51.8
500KV-BYQ-003,2024-08-12 01:00:00,50.1,51.3
500KV-BYQ-001,2024-08-12 02:00:00,61.3,62.4
500KV-BYQ-002,2024-08-12 02:00:00,52.4,54.4
500KV-BYQ-003,2024-08-12 02:00:00,58.6,60.7
500KV-BYQ-001,2024-08-12 03:00:00,48.1,50.3
500KV-BYQ-002,2024-08-12 03:00:00,50.8,52.6
500KV-BYQ-003,2024-08-12 03:00:00,49.9,51.4
500KV-BYQ-001,2024-08-12 04:00:00,61.4,62.4
500KV-BYQ-002,2024-08-12 04:00:00,63.9,65.9
500KV-BYQ-003,2024-08-12 04:00:00,52.5,54.7
500KV-BYQ-001,2024-08-12 05:00:00,49.3,52.1
500KV-BYQ-002,2024-08-12 05:00:00,48.1,50.6
500KV-BYQ-003,2024-08-12 05:00:00,60.8,63.2
500KV-BYQ-001,2024-08-12 06:00:00,56.9,58.6
500KV-BYQ-002,2024-08-12 06:00:00,47.8,50.3
500KV-BYQ-003,2024-08-12 06:00:00,52.7,53.8
500KV-BYQ-001,2024-08-12 07:00:00,62.0,64.4
500KV-BYQ-002,2024-08-12 07:00:00,62.8,65.7
500KV-BYQ-003,2024-08-12 07:00:00,46.3,48.9
500KV-BYQ-001,2024-08-12 08:00:00,64.8,67.6
500KV-BYQ-002,2024-08-12 08:00:00,59.4,61.0
500KV-BYQ-003,2024-08-12 08:00:00,49.5,51.2
500KV-BYQ-001,2024-08-12 09:00:00,63.9,65.9
500KV-BYQ-002,2024-08-12 09:00:00,62.3,64.0
500KV-BYQ-003,2024-08-12 09:00:00,49.1,51.5
500KV-BYQ-001,2024-08-12 10:00:00,60.7,62.8
500KV-BYQ-002,2024-08-12 10:00:00,60.7,62.4
500KV-BYQ-003,2024-08-12 10:00:00,67.1,69.4
500KV-BYQ-001,2024-08-12 11:00:00,50.4,51.8
500KV-BYQ-002,2024-08-12 11:00:00,54.1,55.8
500KV-BYQ-003,2024-08-12 11:00:00,65.6,67.6
500KV-BYQ-001,2024-08-12 12:00:00,51.6,52.8
500KV-BYQ-002,2024-08-12 12:00:00,63.7,65.4
500KV-BYQ-003,2024-08-12 12:00:00,49.4,50.9
500KV-BYQ-001,2024-08-12 13:00:00,65.8,67.7
500KV-BYQ-002,2024-08-12 13:00:00,58.2,59.4
500KV-BYQ-003,2024-08-12 13:00:00,66.4,68.8
500KV-BYQ-001,2024-08-12 14:00:00,56.4,58.6
500KV-BYQ-002,2024-08-12 14:00:00,51.8,54.3
500KV-BYQ-003,2024-08-12 14:00:00,51.5,53.3
500KV-BYQ-001,2024-08-12 15:00:00,68.8,71.5
500KV-BYQ-002,2024-08-12 15:00:00,62.3,64.7
500KV-BYQ-003,2024-08-12 15:00:00,66.4,68.3
500KV-BYQ-001,2024-08-12 16:00:00,70.7,73
500KV-BYQ-002,2024-08-12 16:00:00,54.1,56.9
500KV-BYQ-003,2024-08-12 16:00:00,67.5,69.5
500KV-BYQ-001,2024-08-12 17:00:00,48.8,50.7
500KV-BYQ-002,2024-08-12 17:00:00,55.4,57.3
500KV-BYQ-003,2024-08-12 17:00:00,64.4,66.4
500KV-BYQ-001,2024-08-12 18:00:00,57.2,59.3
500KV-BYQ-002,2024-08-12 18:00:00,62.7,64.0
500KV-BYQ-003,2024-08-12 18:00:00,60.0,62.3
500KV-BYQ-001,2024-08-12 19:00:00,58.9,60.2
500KV-BYQ-002,2024-08-12 19:00:00,62.8,65.5
500KV-BYQ-003,2024-08-12 19:00:00,55.1,57.8
500KV-BYQ-001,2024-08-12 20:00:00,48.6,49.8
500KV-BYQ-002,2024-08-12 20:00:00,62.5,63.9
500KV-BYQ-003,2024-08-12 20:00:00,69.9,71.3
500KV-BYQ-001,2024-08-12 21:00:00,55.7,58.5
500KV-BYQ-002,2024-08-12 21:00:00,60.6,62.3
500KV-BYQ-003,2024-08-12 21:00:00,63.1,64.6
500KV-BYQ-001,2024-08-12 22:00:00,52.0,54.0
500KV-BYQ-002,2024-08-12 22:00:00,63.9,66.4
500KV-BYQ-003,2024-08-12 22:00:00,54.9,56.2
500KV-BYQ-001,2024-08-12 23:00:00,50.5,53.4
500KV-BYQ-002,2024-08-12 23:00:00,61.5,63.7
500KV-BYQ-003,2024-08-12 23:00:00,46.4,47.9
500KV-BYQ-001,2024-08-13 00:00:00,49.9,51.1
500KV-BYQ-002,2024-08-13 00:00:00,47.3,49.3
500KV-BYQ-003,2024-08-13 00:00:00,59.8,60.9
500KV-BYQ-001,2024-08-13 01:00:00,45.4,47.9
500KV-BYQ-002,2024-08-13 01:00:00,46.1,47.3
500KV-BYQ-003,2024-08-13 01:00:00,53.5,56.4
500KV-BYQ-001,2024-08-13 02:00:00,48.1,51.0
500KV-BYQ-002,2024-08-13 02:00:00,62.6,64.6
500KV-BYQ-003,2024-08-13 02:00:00,60.2,61.5
500KV-BYQ-001,2024-08-13 03:00:00,58.0,59.2
500KV-BYQ-002,2024-08-13 03:00:00,57.0,58.6
500KV-BYQ-003,2024-08-13 03:00:00,56.5,57.9
500KV-BYQ-001,2024-08-13 04:00:00,55.9,58.9
500KV-BYQ-002,2024-08-13 04:00:00,49.9,51.5
500KV-BYQ-003,2024-08-13 04:00:00,52.6,55.4
500KV-BYQ-001,2024-08-13 05:00:00,44.4,46.5
500KV-BYQ-002,2024-08-13 05:00:00,59.6,62.2
500KV-BYQ-003,2024-08-13 05:00:00,59.3,62.0
500KV-BYQ-001,2024-08-13 06:00:00,53.5,54.7
500KV-BYQ-002,2024-08-13 06:00:00,56.1,58.1
500KV-BYQ-003,2024-08-13 06:00:00,59.2,61.7
500KV-BYQ-001,2024-08-13 07:00:00,55.1,57.9
500KV-BYQ-002,2024-08-13 07:00:00,46.4,48.8
500KV-BYQ-003,2024-08-13 07:00:00,49.8,52.4
500KV-BYQ-001,2024-08-13 08:00:00,64.9,66.7
500KV-BYQ-002,2024-08-13 08:00:00,54.5,56.0
500KV-BYQ-003,2024-08-13 08:00:00,60.4,62.6
500KV-BYQ-001,2024-08-13 09:00:00,60.5,61.6
500KV-BYQ-002,2024-08-13 09:00:00,59.6,61.4
500KV-BYQ-003,2024-08-13 09:00:00,55.4,57.7
500KV-BYQ-001,2024-08-13 10:00:00,62.6,63.8
500KV-BYQ-002,2024-08-13 10:00:00,63.0,64.1
500KV-BYQ-003,2024-08-13 10:00:00,50.1,52.0
500KV-BYQ-001,2024-08-13 11:00:00,55.7,58.4
500KV-BYQ-002,2024-08-13 11:00:00,62.5,64.9
500KV-BYQ-003,2024-08-13 11:00:00,53.2,54.7
500KV-BYQ-001,2024-08-13 12:00:00,55.2,56.3
500KV-BYQ-002,2024-08-13 12:00:00,72.7,73
500KV-BYQ-003,2024-08-13 12:00:00,58.7,60.4
500KV-BYQ-001,2024-08-13 13:00:00,45.9,48.5
500KV-BYQ-002,2024-08-13 13:00:00,57.9,60.5
500KV-BYQ-003,2024-08-13 13:00:00,62.5,64.8
500KV-BYQ-001,2024-08-13 14:00:00,57.1,58.7
500KV-BYQ-002,2024-08-13 14:00:00,67.1,69.7
500KV-BYQ-003,2024-08-13 14:00:00,67.0,68.2
500KV-BYQ-001,2024-08-13 15:00:00,61.0,62.8
500KV-BYQ-002,2024-08-13 15:00:00,50.8,52.0
500KV-BYQ-003,2024-08-13 15:00:00,51.8,54.4
500KV-BYQ-001,2024-08-13 16:00:00,66.9,68.3
500KV-BYQ-002,2024-08-13 16:00:00,67.0,69.1
500KV-BYQ-003,2024-08-13 16:00:00,47.8,49.1
500KV-BYQ-001,2024-08-13 17:00:00,68.1,69.8
500KV-BYQ-002,2024-08-13 17:00:00,64.3,67.1
500KV-BYQ-003,2024-08-13 17:00:00,70.2,72.7
500KV-BYQ-001,2024-08-13 18:00:00,65.5,67.1
500KV-BYQ-002,2024-08-13 18:00:00,56.7,58.7
500KV-BYQ-003,2024-08-13 18:00:00,53.0,54.5
500KV-BYQ-001,2024-08-13 19:00:00,66.8,68.5
500KV-BYQ-002,2024-08-13 19:00:00,62.7,63.9
500KV-BYQ-003,2024-08-13 19:00:00,58.4,60.3
500KV-BYQ-001,2024-08-13 20:00:00,53.1,55.1
500KV-BYQ-002,2024-08-13 20:00:00,67.3,69.5
500KV-BYQ-003,2024-08-13 20:00:00,46.1,47.8
500KV-BYQ-001,2024-08-13 21:00:00,55.4,58.1
500KV-BYQ-002,2024-08-13 21:00:00,47.6,49.2
500KV-BYQ-003,2024-08-13 21:00:00,62.6,64.9
500KV-BYQ-001,2024-08-13 22:00:00,58.3,59.8
500KV-BYQ-002,2024-08-13 22:00:00,69.2,70.4
500KV-BYQ-003,2024-08-13 22:00:00,59.0,61.7
500KV-BYQ-001,2024-08-13 23:00:00,45.7,47.2
500KV-BYQ-002,2024-08-13 23:00:00,50.1,52.8
500KV-BYQ-003,2024-08-13 23:00:00,47.0,48.8
500KV-BYQ-001,2024-08-14 00:00:00,45.9,48.4
500KV-BYQ-002,2024-08-14 00:00:00,65.7,66.9
500KV-BYQ-003,2024-08-14 00:00:00,45.8,47.7
500KV-BYQ-001,2024-08-14 01:00:00,50.5,53.1
500KV-BYQ-002,2024-08-14 01:00:00,64.7,66.0
500KV-BYQ-003,2024-08-14 01:00:00,59.7,62.1
500KV-BYQ-001,2024-08-14 02:00:00,52.8,54.2
500KV-BYQ-002,2024-08-14 02:00:00,60.1,62.3
500KV-BYQ-003,2024-08-14 02:00:00,53.2,55.0
500KV-BYQ-001,2024-08-14 03:00:00,62.9,65.2
500KV-BYQ-002,2024-08-14 03:00:00,63.2,65.5
500KV-BYQ-003,2024-08-14 03:00:00,58.9,60.6
500KV-BYQ-001,2024-08-14 04:00:00,48.6,51.3
500KV-BYQ-002,2024-08-14 04:00:00,45.0,47.6
500KV-BYQ-003,2024-08-14 04:00:00,44.9,46.8
500KV-BYQ-001,2024-08-14 05:00:00,43.1,44.9
500KV-BYQ-002,2024-08-14 05:00:00,43.5,46.3
500KV-BYQ-003,2024-08-14 05:00:00,61.2,62.7
500KV-BYQ-001,2024-08-14 06:00:00,49.0,50.5
500KV-BYQ-002,2024-08-14 06:00:00,45.0,46.8
500KV-BYQ-003,2024-08-14 06:00:00,64.7,66.2
500KV-BYQ-001,2024-08-14 07:00:00,43.9,45.0
500KV-BYQ-002,2024-08-14 07:00:00,54.8,56.6
500KV-BYQ-003,2024-08-14 07:00:00,60.5,61.6
500KV-BYQ-001,2024-08-14 08:00:00,47.6,49.4
500KV-BYQ-002,2024-08-14 08:00:00,52.9,54.8
500KV-BYQ-003,2024-08-14 08:00:00,54.2,55.5
500KV-BYQ-001,2024-08-14 09:00:00,54.6,56.6
500KV-BYQ-002,2024-08-14 09:00:00,51.1,54.0
500KV-BYQ-003,2024-08-14 09:00:00,50.1,52.1
500KV-BYQ-001,2024-08-14 10:00:00,56.6,58.7
500KV-BYQ-002,2024-08-14 10:00:00,50.7,53.6
500KV-BYQ-003,2024-08-14 10:00:00,69.6,71.7
500KV-BYQ-001,2024-08-14 11:00:00,67.1,68.4
500KV-BYQ-002,2024-08-14 11:00:00,46.3,49.1
500KV-BYQ-003,2024-08-14 11:00:00,69.0,71.2
500KV-BYQ-001,2024-08-14 12:00:00,50.3,53.2
500KV-BYQ-002,2024-08-14 12:00:00,66.9,68.7
500KV-BYQ-003,2024-08-14 12:00:00,52.8,55.6
500KV-BYQ-001,2024-08-14 13:00:00,57.1,58.5
500KV-BYQ-002,2024-08-14 13:00:00,60.5,63.0
500KV-BYQ-003,2024-08-14 13:00:00,69.9,71.3
500KV-BYQ-001,2024-08-14 14:00:00,63.7,65.7
500KV-BYQ-002,2024-08-14 14:00:00,48.3,51.1
500KV-BYQ-003,2024-08-14 14:00:00,68.4,70.1
500KV-BYQ-001,2024-08-14 15:00:00,48.2,51.0
500KV-BYQ-002,2024-08-14 15:00:00,52.6,54.2
500KV-BYQ-003,2024-08-14 15:00:00,67.5,68.7
500KV-BYQ-001,2024-08-14 16:00:00,66.7,68.6
500KV-BYQ-002,2024-08-14 16:00:00,67.5,70.1
500KV-BYQ-003,2024-08-14 16:00:00,64.7,67.6
500KV-BYQ-001,2024-08-14 17:00:00,50.3,52.1
500KV-BYQ-002,2024-08-14 17:00:00,69.8,72.7
500KV-BYQ-003,2024-08-14 17:00:00,49.4,51.9
500KV-BYQ-001,2024-08-14 18:00:00,56.3,57.4
500KV-BYQ-002,2024-08-14 18:00:00,51.6,53.5
500KV-BYQ-003,2024-08-14 18:00:00,61.6,64.3
500KV-BYQ-001,2024-08-14 19:00:00,61.6,63.2
500KV-BYQ-002,2024-08-14 19:00:00,48.5,51.1
500KV-BYQ-003,2024-08-14 19:00:00,48.8,50.2
500KV-BYQ-001,2024-08-14 20:00:00,65.0,67.8
500KV-BYQ-002,2024-08-14 20:00:00,50.5,51.7
500KV-BYQ-003,2024-08-14 20:00:00,57.7,59.6
500KV-BYQ-001,2024-08-14 21:00:00,50.0,51.3
500KV-BYQ-002,2024-08-14 21:00:00,62.0,64.8
500KV-BYQ-003,2024-08-14 21:00:00,62.0,64.5
500KV-BYQ-001,2024-08-14 22:00:00,53.2,55.0
500KV-BYQ-002,2024-08-14 22:00:00,59.3,61.7
500KV-BYQ-003,2024-08-14 22:00:00,60.4,63.1
500KV-BYQ-001,2024-08-14 23:00:00,53.0,54.6
500KV-BYQ-002,2024-08-14 23:00:00,44.5,46.8
500KV-BYQ-003,2024-08-14 23:00:00,55.4,57.7
500KV-BYQ-001,2024-08-15 00:00:00,61.2,63.0
500KV-BYQ-002,2024-08-15 00:00:00,53.4,55.9
500KV-BYQ-003,2024-08-15 00:00:00,58.5,60.3
500KV-BYQ-001,2024-08-15 01:00:00,46.7,49.5
500KV-BYQ-002,2024-08-15 01:00:00,51.0,53.3
500KV-BYQ-003,2024-08-15 01:00:00,63.0,65.1
500KV-BYQ-001,2024-08-15 02:00:00,62.6,65.1
500KV-BYQ-002,2024-08-15 02:00:00,60.2,62.7
500KV-BYQ-003,2024-08-15 02:00:00,44.1,45.8
500KV-BYQ-001,2024-08-15 03:00:00,63.5,66.0
500KV-BYQ-002,2024-08-15 03:00:00,42.9,44.9
500KV-BYQ-003,2024-08-15 03:00:00,51.3,54.2
500KV-BYQ-001,2024-08-15 04:00:00,61.5,62.8
500KV-BYQ-002,2024-08-15 04:00:00,56.4,59.4
500KV-BYQ-003,2024-08-15 04:00:00,45.1,46.7
500KV-BYQ-001,2024-08-15 05:00:00,60.4,63.0
500KV-BYQ-002,2024-08-15 05:00:00,62.4,64.4
500KV-BYQ-003,2024-08-15 05:00:00,58.3,59.4
500KV-BYQ-001,2024-08-15 06:00:00,64.5,66.8
500KV-BYQ-002,2024-08-15 06:00:00,53.9,56.1
500KV-BYQ-003,2024-08-15 06:00:00,56.3,58.4
500KV-BYQ-001,2024-08-15 07:00:00,48.4,50.1
500KV-BYQ-002,2024-08-15 07:00:00,55.4,57.2
500KV-BYQ-003,2024-08-15 07:00:00,61.4,62.5
500KV-BYQ-001,2024-08-15 08:00:00,66.9,68.2
500KV-BYQ-002,2024-08-15 08:00:00,64.8,66.1
500KV-BYQ-003,2024-08-15 08:00:00,66.3,67.8
500KV-BYQ-001,2024-08-15 09:00:00,60.6,63.2
500KV-BYQ-002,2024-08-15 09:00:00,65.7,68.0
500KV-BYQ-003,2024-08-15 09:00:00,53.8,54.8
500KV-BYQ-001,2024-08-15 10:00:00,55.3,57.7
500KV-BYQ-002,2024-08-15 10:00:00,59.9,62.8
500KV-BYQ-003,2024-08-15 10:00:00,58.7,61.4
500KV-BYQ-001,2024-08-15 11:00:00,71.6,72.6
500KV-BYQ-002,2024-08-15 11:00:00,63.7,66.0
500KV-BYQ-003,2024-08-15 11:00:00,59.8,61.9
500KV-BYQ-001,2024-08-15 12:00:00,50.7,52.4
500KV-BYQ-002,2024-08-15 12:00:00,61.7,64.4
500KV-BYQ-003,2024-08-15 12:00:00,70.8,73
500KV-BYQ-001,2024-08-15 13:00:00,49.0,50.8
500KV-BYQ-002,2024-08-15 13:00:00,50.3,51.5
500KV-BYQ-003,2024-08-15 13:00:00,50.8,53.5
500KV-BYQ-001,2024-08-15 14:00:00,59.8,61.7
500KV-BYQ-002,2024-08-15 14:00:00,66.4,69.2
500KV-BYQ-003,2024-08-15 14:00:00,67.5,69.4
500KV-BYQ-001,2024-08-15 15:00:00,53.2,55.5
500KV-BYQ-002,2024-08-15 15:00:00,55.3,56.6
500KV-BYQ-003,2024-08-15 15:00:00,49.3,50.9
500KV-BYQ-001,2024-08-15 16:00:00,53.8,55.1
500KV-BYQ-002,2024-08-15 16:00:00,65.2,67.0
500KV-BYQ-003,2024-08-15 16:00:00,46.7,49.0
500KV-BYQ-001,2024-08-15 17:00:00,68.3,69.9
500KV-BYQ-002,2024-08-15 17:00:00,71.3,72.7
500KV-BYQ-003,2024-08-15 17:00:00,67.1,68.7
500KV-BYQ-001,2024-08-15 18:00:00,55.8,58.0
500KV-BYQ-002,2024-08-15 18:00:00,64.0,65.9
500KV-BYQ-003,2024-08-15 18:00:00,51.9,53.0
500KV-BYQ-001,2024-08-15 19:00:00,63.1,66.0
500KV-BYQ-002,2024-08-15 19:00:00,58.3,59.8
500KV-BYQ-003,2024-08-15 19:00:00,60.3,62.1
500KV-BYQ-001,2024-08-15 20:00:00,70.0,73.0
500KV-BYQ-002,2024-08-15 20:00:00,68.7,70.8
500KV-BYQ-003,2024-08-15 20:00:00,47.4,49.4
500KV-BYQ-001,2024-08-15 21:00:00,63.4,64.4
500KV-BYQ-002,2024-08-15 21:00:00,66.2,68.6
500KV-BYQ-003,2024-08-15 21:00:00,68.1,70.8
500KV-BYQ-001,2024-08-15 22:00:00,48.6,50.3
500KV-BYQ-002,2024-08-15 22:00:00,58.4,59.7
500KV-BYQ-003,2024-08-15 22:00:00,48.9,50.2
500KV-BYQ-001,2024-08-15 23:00:00,55.5,58.3
500KV-BYQ-002,2024-08-15 23:00:00,57.5,59.3
500KV-BYQ-003,2024-08-15 23:00:00,58.1,60.8
500KV-BYQ-001,2024-08-16 00:00:00,49.1,50.4
500KV-BYQ-002,2024-08-16 00:00:00,52.6,54.8
500KV-BYQ-003,2024-08-16 00:00:00,44.6,46.6
500KV-BYQ-001,2024-08-16 01:00:00,48.6,51.2
500KV-BYQ-002,2024-08-16 01:00:00,47.5,49.9
500KV-BYQ-003,2024-08-16 01:00:00,50.9,53.5
500KV-BYQ-001,2024-08-16 02:00:00,58.9,60.3
500KV-BYQ-002,2024-08-16 02:00:00,65.0,67.8
500KV-BYQ-003,2024-08-16 02:00:00,46.1,48.4
500KV-BYQ-001,2024-08-16 03:00:00,57.1,58.8
500KV-BYQ-002,2024-08-16 03:00:00,51.0,52.3
500KV-BYQ-003,2024-08-16 03:00:00,60.2,63.1
500KV-BYQ-001,2024-08-16 04:00:00,51.6,54.0
500KV-BYQ-002,2024-08-16 04:00:00,53.1,55.2
500KV-BYQ-003,2024-08-16 04:00:00,43.1,45.5
500KV-BYQ-001,2024-08-16 05:00:00,55.0,56.2
500KV-BYQ-002,2024-08-16 05:00:00,51.4,53.0
500KV-BYQ-003,2024-08-16 05:00:00,50.1,52.4
500KV-BYQ-001,2024-08-16 06:00:00,48.7,51.1
500KV-BYQ-002,2024-08-16 06:00:00,53.6,55.5
500KV-BYQ-003,2024-08-16 06:00:00,61.5,63.8
500KV-BYQ-001,2024-08-16 07:00:00,58.8,60.1
500KV-BYQ-002,2024-08-16 07:00:00,50.2,51.4
500KV-BYQ-003,2024-08-16 07:00:00,44.1,45.9
500KV-BYQ-001,2024-08-16 08:00:00,57.6,59.7
500KV-BYQ-002,2024-08-16 08:00:00,52.3,55.0
500KV-BYQ-003,2024-08-16 08:00:00,54.8,57.1
500KV-BYQ-001,2024-08-16 09:00:00,49.9,52.9
500KV-BYQ-002,2024-08-16 09:00:00,65.4,66.5
500KV-BYQ-003,2024-08-16 09:00:00,55.8,57.2
500KV-BYQ-001,2024-08-16 10:00:00,66.6,69.1
500KV-BYQ-002,2024-08-16 10:00:00,69.1,71.9
500KV-BYQ-003,2024-08-16 10:00:00,63.8,66.3
500KV-BYQ-001,2024-08-16 11:00:00,55.5,56.7
500KV-BYQ-002,2024-08-16 11:00:00,60.2,61.7
500KV-BYQ-003,2024-08-16 11:00:00,71.8,73
500KV-BYQ-001,2024-08-16 12:00:00,69.2,71.0
500KV-BYQ-002,2024-08-16 12:00:00,59.8,61.8
500KV-BYQ-003,2024-08-16 12:00:00,57.9,59.6
500KV-BYQ-001,2024-08-16 13:00:00,61.9,63.7
500KV-BYQ-002,2024-08-16 13:00:00,50.6,51.8
500KV-BYQ-003,2024-08-16 13:00:00,69.7,71.5
500KV-BYQ-001,2024-08-16 14:00:00,57.3,58.7
500KV-BYQ-002,2024-08-16 14:00:00,51.3,52.8
500KV-BYQ-003,2024-08-16 14:00:00,65.9,67.6
500KV-BYQ-001,2024-08-16 15:00:00,62.4,65.1
500KV-BYQ-002,2024-08-16 15:00:00,54.8,57.7
500KV-BYQ-003,2024-08-16 15:00:00,56.6,59.3
500KV-BYQ-001,2024-08-16 16:00:00,61.7,63.1
500KV-BYQ-002,2024-08-16 16:00:00,57.2,58.9
500KV-BYQ-003,2024-08-16 16:00:00,66.3,68.0
500KV-BYQ-001,2024-08-16 17:00:00,61.2,63.4
500KV-BYQ-002,2024-08-16 17:00:00,59.9,62.5
500KV-BYQ-003,2024-08-16 17:00:00,58.8,60.4
500KV-BYQ-001,2024-08-16 18:00:00,58.7,60.7
500KV-BYQ-002,2024-08-16 18:00:00,45.8,48.7
500KV-BYQ-003,2024-08-16 18:00:00,53.9,56.8
500KV-BYQ-001,2024-08-16 19:00:00,66.7,68.2
500KV-BYQ-002,2024-08-16 19:00:00,68.8,70.0
500KV-BYQ-003,2024-08-16 19:00:00,56.0,58.7
500KV-BYQ-001,2024-08-16 20:00:00,65.7,68.4
500KV-BYQ-002,2024-08-16 20:00:00,54.1,55.1
500KV-BYQ-003,2024-08-16 20:00:00,54.1,57.0
500KV-BYQ-001,2024-08-16 21:00:00,57.3,59.4
500KV-BYQ-002,2024-08-16 21:00:00,62.8,65.1
500KV-BYQ-003,2024-08-16 21:00:00,53.9,56.5
500KV-BYQ-001,2024-08-16 22:00:00,47.5,49.7
500KV-BYQ-002,2024-08-16 22:00:00,60.0,61.0
500KV-BYQ-003,2024-08-16 22:00:00,62.2,64.1
500KV-BYQ-001,2024-08-16 23:00:00,48.4,51.2
500KV-BYQ-002,2024-08-16 23:00:00,62.4,65.0
500KV-BYQ-003,2024-08-16 23:00:00,51.7,54.1
500KV-BYQ-001,2024-08-17 00:00:00,50.9,52.7
500KV-BYQ-002,2024-08-17 00:00:00,47.9,50.4
500KV-BYQ-003,2024-08-17 00:00:00,61.4,64.0
500KV-BYQ-001,2024-08-17 01:00:00,45.6,48.1
500KV-BYQ-002,2024-08-17 01:00:00,47.2,48.6
500KV-BYQ-003,2024-08-17 01:00:00,55.1,56.2
500KV-BYQ-001,2024-08-17 02:00:00,47.8,49.7
500KV-BYQ-002,2024-08-17 02:00:00,55.8,57.1
500KV-BYQ-003,2024-08-17 02:00:00,49.8,52.3
500KV-BYQ-001,2024-08-17 03:00:00,46.0,48.4
500KV-BYQ-002,2024-08-17 03:00:00,61.7,63.5
500KV-BYQ-003,2024-08-17 03:00:00,47.3,50.0
500KV-BYQ-001,2024-08-17 04:00:00,54.4,56.2
500KV-BYQ-002,2024-08-17 04:00:00,48.7,51.3
500KV-BYQ-003,2024-08-17 04:00:00,52.8,55.4
500KV-BYQ-001,2024-08-17 05:00:00,45.0,46.5
500KV-BYQ-002,2024-08-17 05:00:00,65.3,67.8
500KV-BYQ-003,2024-08-17 05:00:00,44.2,47.1
500KV-BYQ-001,2024-08-17 06:00:00,45.9,47.8
500KV-BYQ-002,2024-08-17 06:00:00,44.6,46.1
500KV-BYQ-003,2024-08-17 06:00:00,60.1,62.9
500KV-BYQ-001,2024-08-17 07:00:00,49.3,51.5
500KV-BYQ-002,2024-08-17 07:00:00,58.4,60.7
500KV-BYQ-003,2024-08-17 07:00:00,53.0,55.6
500KV-BYQ-001,2024-08-17 08:00:00,57.0,59.6
500KV-BYQ-002,2024-08-17 08:00:00,64.4,66.5
500KV-BYQ-003,2024-08-17 08:00:00,48.7,49.8
500KV-BYQ-001,2024-08-17 09:00:00,63.4,66.0
500KV-BYQ-002,2024-08-17 09:00:00,68.4,71.1
500KV-BYQ-003,2024-08-17 09:00:00,59.2,61.0
500KV-BYQ-001,2024-08-17 10:00:00,47.4,48.7
500KV-BYQ-002,2024-08-17 10:00:00,52.8,55.7
500KV-BYQ-003,2024-08-17 10:00:00,71.5,73
500KV-BYQ-001,2024-08-17 11:00:00,57.6,60.2
500KV-BYQ-002,2024-08-17 11:00:00,64.1,66.8
500KV-BYQ-003,2024-08-17 11:00:00,65.7,67.6
500KV-BYQ-001,2024-08-17 12:00:00,55.0,57.5
500KV-BYQ-002,2024-08-17 12:00:00,55.2,58.0
500KV-BYQ-003,2024-08-17 12:00:00,66.7,68.3
500KV-BYQ-001,2024-08-17 13:00:00,55.6,58.4
500KV-BYQ-002,2024-08-17 13:00:00,53.7,56.2
500KV-BYQ-003,2024-08-17 13:00:00,50.3,51.4
500KV-BYQ-001,2024-08-17 14:00:00,61.2,64.1
500KV-BYQ-002,2024-08-17 14:00:00,48.6,49.9
500KV-BYQ-003,2024-08-17 14:00:00,63.4,64.9
500KV-BYQ-001,2024-08-17 15:00:00,61.2,62.3
500KV-BYQ-002,2024-08-17 15:00:00,66.2,67.6
500KV-BYQ-003,2024-08-17 15:00:00,66.2,68.0
500KV-BYQ-001,2024-08-17 16:00:00,63.9,66.2
500KV-BYQ-002,2024-08-17 16:00:00,51.2,53.4
500KV-BYQ-003,2024-08-17 16:00:00,67.5,70.2
500KV-BYQ-001,2024-08-17 17:00:00,61.4,63.9
500KV-BYQ-002,2024-08-17 17:00:00,62.3,64.5
500KV-BYQ-003,2024-08-17 17:00:00,62.3,64.5
500KV-BYQ-001,2024-08-17 18:00:00,68.4,69.7
500KV-BYQ-002,2024-08-17 18:00:00,53.0,54.6
500KV-BYQ-003,2024-08-17 18:00:00,65.2,67.9
500KV-BYQ-001,2024-08-17 19:00:00,64.7,66.6
500KV-BYQ-002,2024-08-17 19:00:00,61.5,63.6
500KV-BYQ-003,2024-08-17 19:00:00,59.4,61.8
500KV-BYQ-001,2024-08-17 20:00:00,65.7,66.9
500KV-BYQ-002,2024-08-17 20:00:00,56.8,58.7
500KV-BYQ-003,2024-08-17 20:00:00,46.3,48.5
500KV-BYQ-001,2024-08-17 21:00:00,54.1,56.8
500KV-BYQ-002,2024-08-17 21:00:00,52.2,54.1
500KV-BYQ-003,2024-08-17 21:00:00,48.5,49.6
500KV-BYQ-001,2024-08-17 22:00:00,52.0,54.0
500KV-BYQ-002,2024-08-17 22:00:00,46.6,48.6
500KV-BYQ-003,2024-08-17 22:00:00,67.2,68.7
500KV-BYQ-001,2024-08-17 23:00:00,53.3,56.2
500KV-BYQ-002,2024-08-17 23:00:00,48.5,50.0
500KV-BYQ-003,2024-08-17 23:00:00,60.2,61.7
500KV-BYQ-001,2024-08-18 00:00:00,60.8,62.2
500KV-BYQ-002,2024-08-18 00:00:00,49.6,52.2
500KV-BYQ-003,2024-08-18 00:00:00,50.2,52.5
500KV-BYQ-001,2024-08-18 01:00:00,48.0,49.1
500KV-BYQ-002,2024-08-18 01:00:00,58.6,61.2
500KV-BYQ-003,2024-08-18 01:00:00,48.1,50.6
500KV-BYQ-001,2024-08-18 02:00:00,52.7,55.6
500KV-BYQ-002,2024-08-18 02:00:00,56.7,58.7
500KV-BYQ-003,2024-08-18 02:00:00,50.6,52.1
500KV-BYQ-001,2024-08-18 03:00:00,53.9,55.2
500KV-BYQ-002,2024-08-18 03:00:00,52.4,53.5
500KV-BYQ-003,2024-08-18 03:00:00,65.2,67.1
500KV-BYQ-001,2024-08-18 04:00:00,44.9,46.1
500KV-BYQ-002,2024-08-18 04:00:00,59.1,61.4
500KV-BYQ-003,2024-08-18 04:00:00,48.9,51.5
500KV-BYQ-001,2024-08-18 05:00:00,47.9,49.5
500KV-BYQ-002,2024-08-18 05:00:00,58.5,60.6
500KV-BYQ-003,2024-08-18 05:00:00,54.8,56.6
500KV-BYQ-001,2024-08-18 06:00:00,49.2,50.9
500KV-BYQ-002,2024-08-18 06:00:00,56.9,58.3
500KV-BYQ-003,2024-08-18 06:00:00,46.5,48.9
500KV-BYQ-001,2024-08-18 07:00:00,60.5,62.4
500KV-BYQ-002,2024-08-18 07:00:00,49.5,51.5
500KV-BYQ-003,2024-08-18 07:00:00,62.1,63.6
500KV-BYQ-001,2024-08-18 08:00:00,69.5,70.8
500KV-BYQ-002,2024-08-18 08:00:00,57.1,59.4
500KV-BYQ-003,2024-08-18 08:00:00,58.5,60.6
500KV-BYQ-001,2024-08-18 09:00:00,66.3,67.6
500KV-BYQ-002,2024-08-18 09:00:00,53.7,56.5
500KV-BYQ-003,2024-08-18 09:00:00,62.0,63.3
500KV-BYQ-001,2024-08-18 10:00:00,67.3,69.2
500KV-BYQ-002,2024-08-18 10:00:00,51.0,52.5
500KV-BYQ-003,2024-08-18 10:00:00,62.0,64.5
500KV-BYQ-001,2024-08-18 11:00:00,66.4,67.6
500KV-BYQ-002,2024-08-18 11:00:00,61.7,64.3
500KV-BYQ-003,2024-08-18 11:00:00,70.4,72.9
500KV-BYQ-001,2024-08-18 12:00:00,54.0,56.1
500KV-BYQ-002,2024-08-18 12:00:00,65.6,68.2
500KV-BYQ-003,2024-08-18 12:00:00,50.8,53.4
500KV-BYQ-001,2024-08-18 13:00:00,62.6,63.7
500KV-BYQ-002,2024-08-18 13:00:00,69.4,70.9
500KV-BYQ-003,2024-08-18 13:00:00,71.5,73
500KV-BYQ-001,2024-08-18 14:00:00,60.7,63.0
500KV-BYQ-002,2024-08-18 14:00:00,59.5,61.4
500KV-BYQ-003,2024-08-18 14:00:00,61.7,63.9
500KV-BYQ-001,2024-08-18 15:00:00,69.9,71.8
500KV-BYQ-002,2024-08-18 15:00:00,50.1,52.0
500KV-BYQ-003,2024-08-18 15:00:00,67.8,68.8
500KV-BYQ-001,2024-08-18 16:00:00,50.0,51.2
500KV-BYQ-002,2024-08-18 16:00:00,57.7,59.0
500KV-BYQ-003,2024-08-18 16:00:00,63.7,65.7
500KV-BYQ-001,2024-08-18 17:00:00,61.7,63.2
500KV-BYQ-002,2024-08-18 17:00:00,59.3,60.9
500KV-BYQ-003,2024-08-18 17:00:00,59.9,61.7
500KV-BYQ-001,2024-08-18 18:00:00,68.2,70.2
500KV-BYQ-002,2024-08-18 18:00:00,53.2,55.4
500KV-BYQ-003,2024-08-18 18:00:00,66.9,68.7
500KV-BYQ-001,2024-08-18 19:00:00,50.0,52.7
500KV-BYQ-002,2024-08-18 19:00:00,64.1,65.4
500KV-BYQ-003,2024-08-18 19:00:00,68.0,70.4
500KV-BYQ-001,2024-08-18 20:00:00,62.8,65.8
500KV-BYQ-002,2024-08-18 20:00:00,52.8,54.9
500KV-BYQ-003,2024-08-18 20:00:00,52.9,55.5
500KV-BYQ-001,2024-08-18 21:00:00,49.3,50.8
500KV-BYQ-002,2024-08-18 21:00:00,63.4,65.0
500KV-BYQ-003,2024-08-18 21:00:00,46.7,48.1
500KV-BYQ-001,2024-08-18 22:00:00,47.7,50.2
500KV-BYQ-002,2024-08-18 22:00:00,48.1,49.1
500KV-BYQ-003,2024-08-18 22:00:00,57.7,59.3
500KV-BYQ-001,2024-08-18 23:00:00,64.4,66.7
500KV-BYQ-002,2024-08-18 23:00:00,59.2,60.5
500KV-BYQ-003,2024-08-18 23:00:00,60.8,63.4
500KV-BYQ-001,2024-08-19 00:00:00,58.7,61.7
500KV-BYQ-002,2024-08-19 00:00:00,49.6,51.3
500KV-BYQ-003,2024-08-19 00:00:00,61.1,62.2
500KV-BYQ-001,2024-08-19 01:00:00,52.8,55.5
500KV-BYQ-002,2024-08-19 01:00:00,57.9,59.5
500KV-BYQ-003,2024-08-19 01:00:00,46.8,49.3
500KV-BYQ-001,2024-08-19 02:00:00,61.6,63.5
500KV-BYQ-002,2024-08-19 02:00:00,45.2,47.9
500KV-BYQ-003,2024-08-19 02:00:00,52.1,53.4
500KV-BYQ-001,2024-08-19 03:00:00,52.3,54.5
500KV-BYQ-002,2024-08-19 03:00:00,63.6,65.7
500KV-BYQ-003,2024-08-19 03:00:00,55.7,57.6
500KV-BYQ-001,2024-08-19 04:00:00,47.7,49.9
500KV-BYQ-002,2024-08-19 04:00:00,65.9,67.8
500KV-BYQ-003,2024-08-19 04:00:00,60.8,61.9
500KV-BYQ-001,2024-08-19 05:00:00,49.5,52.0
500KV-BYQ-002,2024-08-19 05:00:00,44.2,46.1
500KV-BYQ-003,2024-08-19 05:00:00,48.6,51.0
500KV-BYQ-001,2024-08-19 06:00:00,61.1,64.0
500KV-BYQ-002,2024-08-19 06:00:00,55.0,56.6
500KV-BYQ-003,2024-08-19 06:00:00,62.1,64.3
500KV-BYQ-001,2024-08-19 07:00:00,54.2,55.5
500KV-BYQ-002,2024-08-19 07:00:00,55.0,57.0
500KV-BYQ-003,2024-08-19 07:00:00,57.0,58.4
500KV-BYQ-001,2024-08-19 08:00:00,50.9,53.4
500KV-BYQ-002,2024-08-19 08:00:00,62.8,65.8
500KV-BYQ-003,2024-08-19 08:00:00,51.4,53.7
500KV-BYQ-001,2024-08-19 09:00:00,70.3,72.0
500KV-BYQ-002,2024-08-19 09:00:00,72.7,73
500KV-BYQ-003,2024-08-19 09:00:00,50.7,53.7
500KV-BYQ-001,2024-08-19 10:00:00,48.8,50.1
500KV-BYQ-002,2024-08-19 10:00:00,71.1,73
500KV-BYQ-003,2024-08-19 10:00:00,67.2,68.3
500KV-BYQ-001,2024-08-19 11:00:00,64.7,67.0
500KV-BYQ-002,2024-08-19 11:00:00,65.4,66.4
500KV-BYQ-003,2024-08-19 11:00:00,61.9,64.7
500KV-BYQ-001,2024-08-19 12:00:00,60.9,63.5
500KV-BYQ-002,2024-08-19 12:00:00,70.4,71.5
500KV-BYQ-003,2024-08-19 12:00:00,63.8,65.5
500KV-BYQ-001,2024-08-19 13:00:00,57.5,59.3
500KV-BYQ-002,2024-08-19 13:00:00,49.2,51.4
500KV-BYQ-003,2024-08-19 13:00:00,63.1,64.5
500KV-BYQ-001,2024-08-19 14:00:00,68.2,71.1
500KV-BYQ-002,2024-08-19 14:00:00,68.3,69.9
500KV-BYQ-003,2024-08-19 14:00:00,49.9,52.9
500KV-BYQ-001,2024-08-19 15:00:00,64.4,66.1
500KV-BYQ-002,2024-08-19 15:00:00,65.8,67.1
500KV-BYQ-003,2024-08-19 15:00:00,57.0,59.1
500KV-BYQ-001,2024-08-19 16:00:00,49.3,51.5
500KV-BYQ-002,2024-08-19 16:00:00,58.1,61.0
500KV-BYQ-003,2024-08-19 16:00:00,54.8,57.2
500KV-BYQ-001,2024-08-19 17:00:00,48.3,50.4
500KV-BYQ-002,2024-08-19 17:00:00,63.6,64.6
500KV-BYQ-003,2024-08-19 17:00:00,62.0,64.8
500KV-BYQ-001,2024-08-19 18:00:00,48.4,51.1
500KV-BYQ-002,2024-08-19 18:00:00,57.9,59.2
500KV-BYQ-003,2024-08-19 18:00:00,49.2,51.4
500KV-BYQ-001,2024-08-19 19:00:00,65.0,67.4
500KV-BYQ-002,2024-08-19 19:00:00,58.1,60.9
500KV-BYQ-003,2024-08-19 19:00:00,63.9,65.2
500KV-BYQ-001,2024-08-19 20:00:00,67.2,68.8
500KV-BYQ-002,2024-08-19 20:00:00,47.8,49.1
500KV-BYQ-003,2024-08-19 20:00:00,54.9,56.0
500KV-BYQ-001,2024-08-19 21:00:00,59.5,62.1
500KV-BYQ-002,2024-08-19 21:00:00,66.7,69.4
500KV-BYQ-003,2024-08-19 21:00:00,60.6,61.9
500KV-BYQ-001,2024-08-19 22:00:00,60.3,63.1
500KV-BYQ-002,2024-08-19 22:00:00,45.6,48.1
500KV-BYQ-003,2024-08-19 22:00:00,49.5,50.7
500KV-BYQ-001,2024-08-19 23:00:00,55.8,57.4
500KV-BYQ-002,2024-08-19 23:00:00,48.0,49.9
500KV-BYQ-003,2024-08-19 23:00:00,58.5,60.7
500KV-BYQ-001,2024-08-20 00:00:00,43.2,46.0
500KV-BYQ-002,2024-08-20 00:00:00,67.1,69.2
500KV-BYQ-003,2024-08-20 00:00:00,56.1,58.1
500KV-BYQ-001,2024-08-20 01:00:00,52.0,54.8
500KV-BYQ-002,2024-08-20 01:00:00,46.6,49.0
500KV-BYQ-003,2024-08-20 01:00:00,55.0,57.6
500KV-BYQ-001,2024-08-20 02:00:00,61.5,64.0
500KV-BYQ-002,2024-08-20 02:00:00,59.4,62.2
500KV-BYQ-003,2024-08-20 02:00:00,55.7,58.5
500KV-BYQ-001,2024-08-20 03:00:00,48.3,50.6
500KV-BYQ-002,2024-08-20 03:00:00,53.9,55.2
500KV-BYQ-003,2024-08-20 03:00:00,43.5,45.9
500KV-BYQ-001,2024-08-20 04:00:00,58.5,59.9
500KV-BYQ-002,2024-08-20 04:00:00,48.2,50.0
500KV-BYQ-003,2024-08-20 04:00:00,50.9,51.9
500KV-BYQ-001,2024-08-20 05:00:00,66.1,68.8
500KV-BYQ-002,2024-08-20 05:00:00,59.0,60.1
500KV-BYQ-003,2024-08-20 05:00:00,60.9,62.6
500KV-BYQ-001,2024-08-20 06:00:00,57.8,60.6
500KV-BYQ-002,2024-08-20 06:00:00,63.8,66.1
500KV-BYQ-003,2024-08-20 06:00:00,54.3,57.1
500KV-BYQ-001,2024-08-20 07:00:00,48.0,50.4
500KV-BYQ-002,2024-08-20 07:00:00,60.7,62.1
500KV-BYQ-003,2024-08-20 07:00:00,61.0,63.3
500KV-BYQ-001,2024-08-20 08:00:00,67.1,68.4
500KV-BYQ-002,2024-08-20 08:00:00,54.1,56.6
500KV-BYQ-003,2024-08-20 08:00:00,68.7,70.8
500KV-BYQ-001,2024-08-20 09:00:00,52.3,54.6
500KV-BYQ-002,2024-08-20 09:00:00,60.2,61.3
500KV-BYQ-003,2024-08-20 09:00:00,69.7,71.1
500KV-BYQ-001,2024-08-20 10:00:00,64.6,66.3
500KV-BYQ-002,2024-08-20 10:00:00,54.7,56.6
500KV-BYQ-003,2024-08-20 10:00:00,61.9,63.8
500KV-BYQ-001,2024-08-20 11:00:00,55.4,56.6
500KV-BYQ-002,2024-08-20 11:00:00,60.2,63.2
500KV-BYQ-003,2024-08-20 11:00:00,49.1,51.2
500KV-BYQ-001,2024-08-20 12:00:00,47.1,49.2
500KV-BYQ-002,2024-08-20 12:00:00,47.9,50.1
500KV-BYQ-003,2024-08-20 12:00:00,60.9,62.3
500KV-BYQ-001,2024-08-20 13:00:00,68.8,71.4
500KV-BYQ-002,2024-08-20 13:00:00,67.3,68.6
500KV-BYQ-003,2024-08-20 13:00:00,62.0,63.1
500KV-BYQ-001,2024-08-20 14:00:00,56.1,59.0
500KV-BYQ-002,2024-08-20 14:00:00,52.8,55.1
500KV-BYQ-003,2024-08-20 14:00:00,59.2,60.2
500KV-BYQ-001,2024-08-20 15:00:00,52.6,55.3
500KV-BYQ-002,2024-08-20 15:00:00,68.8,70.2
500KV-BYQ-003,2024-08-20 15:00:00,68.4,70.0
500KV-BYQ-001,2024-08-20 16:00:00,49.4,51.9
500KV-BYQ-002,2024-08-20 16:00:00,67.3,69.5
500KV-BYQ-003,2024-08-20 16:00:00,67.0,68.9
500KV-BYQ-001,2024-08-20 17:00:00,56.0,57.7
500KV-BYQ-002,2024-08-20 17:00:00,49.0,50.0
500KV-BYQ-003,2024-08-20 17:00:00,65.6,67.5
500KV-BYQ-001,2024-08-20 18:00:00,59.7,62.4
500KV-BYQ-002,2024-08-20 18:00:00,47.5,50.3
500KV-BYQ-003,2024-08-20 18:00:00,48.1,49.9
500KV-BYQ-001,2024-08-20 19:00:00,60.6,62.9
500KV-BYQ-002,2024-08-20 19:00:00,69.0,70.0
500KV-BYQ-003,2024-08-20 19:00:00,54.7,57.1
500KV-BYQ-001,2024-08-20 20:00:00,49.2,50.2
500KV-BYQ-002,2024-08-20 20:00:00,45.2,46.4
500KV-BYQ-003,2024-08-20 20:00:00,53.7,56.6
500KV-BYQ-001,2024-08-20 21:00:00,51.0,53.9
500KV-BYQ-002,2024-08-20 21:00:00,52.5,54.0
500KV-BYQ-003,2024-08-20 21:00:00,62.2,64.8
500KV-BYQ-001,2024-08-20 22:00:00,62.8,65.1
500KV-BYQ-002,2024-08-20 22:00:00,50.3,53.2
500KV-BYQ-003,2024-08-20 22:00:00,68.4,70.8
500KV-BYQ-001,2024-08-20 23:00:00,55.1,56.2
500KV-BYQ-002,2024-08-20 23:00:00,62.1,64.2
500KV-BYQ-003,2024-08-20 23:00:00,56.4,57.7
500KV-BYQ-001,2024-08-21 00:00:00,60.7,63.4
500KV-BYQ-002,2024-08-21 00:00:00,65.7,67.2
500KV-BYQ-003,2024-08-21 00:00:00,45.9,47.5
500KV-BYQ-001,2024-08-21 01:00:00,48.7,50.8
500KV-BYQ-002,2024-08-21 01:00:00,51.8,54.4
500KV-BYQ-003,2024-08-21 01:00:00,57.6,59.3
500KV-BYQ-001,2024-08-21 02:00:00,47.4,48.7
500KV-BYQ-002,2024-08-21 02:00:00,53.5,56.3
500KV-BYQ-003,2024-08-21 02:00:00,64.2,67.1
500KV-BYQ-001,2024-08-21 03:00:00,46.0,47.6
500KV-BYQ-002,2024-08-21 03:00:00,59.8,62.3
500KV-BYQ-003,2024-08-21 03:00:00,43.0,45.5
500KV-BYQ-001,2024-08-21 04:00:00,48.9,50.0
500KV-BYQ-002,2024-08-21 04:00:00,46.8,49.6
500KV-BYQ-003,2024-08-21 04:00:00,49.9,52.7
500KV-BYQ-001,2024-08-21 05:00:00,53.6,56.6
500KV-BYQ-002,2024-08-21 05:00:00,50.5,52.4
500KV-BYQ-003,2024-08-21 05:00:00,49.1,50.5
500KV-BYQ-001,2024-08-21 06:00:00,50.9,52.1
500KV-BYQ-002,2024-08-21 06:00:00,57.7,59.8
500KV-BYQ-003,2024-08-21 06:00:00,48.5,49.8
500KV-BYQ-001,2024-08-21 07:00:00,50.6,53.2
500KV-BYQ-002,2024-08-21 07:00:00,65.1,68.0
500KV-BYQ-003,2024-08-21 07:00:00,63.2,64.2
500KV-BYQ-001,2024-08-21 08:00:00,59.2,61.5
500KV-BYQ-002,2024-08-21 08:00:00,60.1,61.5
500KV-BYQ-003,2024-08-21 08:00:00,60.1,62.4
500KV-BYQ-001,2024-08-21 09:00:00,50.9,52.9
500KV-BYQ-002,2024-08-21 09:00:00,71.0,73
500KV-BYQ-003,2024-08-21 09:00:00,57.2,59.6
500KV-BYQ-001,2024-08-21 10:00:00,66.8,68.4
500KV-BYQ-002,2024-08-21 10:00:00,63.2,65.5
500KV-BYQ-003,2024-08-21 10:00:00,72.8,73
500KV-BYQ-001,2024-08-21 11:00:00,57.6,59.1
500KV-BYQ-002,2024-08-21 11:00:00,59.3,62.2
500KV-BYQ-003,2024-08-21 11:00:00,47.9,49.0
500KV-BYQ-001,2024-08-21 12:00:00,64.3,67.2
500KV-BYQ-002,2024-08-21 12:00:00,57.5,58.6
500KV-BYQ-003,2024-08-21 12:00:00,53.3,55.8
500KV-BYQ-001,2024-08-21 13:00:00,62.2,64.9
500KV-BYQ-002,2024-08-21 13:00:00,69.9,71.7
500KV-BYQ-003,2024-08-21 13:00:00,49.4,52.0
500KV-BYQ-001,2024-08-21 14:00:00,70.5,73
500KV-BYQ-002,2024-08-21 14:00:00,64.5,66.0
500KV-BYQ-003,2024-08-21 14:00:00,58.5,61.3
500KV-BYQ-001,2024-08-21 15:00:00,52.6,54.0
500KV-BYQ-002,2024-08-21 15:00:00,68.8,71.4
500KV-BYQ-003,2024-08-21 15:00:00,67.3,68.6
500KV-BYQ-001,2024-08-21 16:00:00,64.6,67.1
500KV-BYQ-002,2024-08-21 16:00:00,67.4,69.9
500KV-BYQ-003,2024-08-21 16:00:00,67.2,68.5
500KV-BYQ-001,2024-08-21 17:00:00,60.5,62.6
500KV-BYQ-002,2024-08-21 17:00:00,53.7,55.6
500KV-BYQ-003,2024-08-21 17:00:00,47.2,48.2
500KV-BYQ-001,2024-08-21 18:00:00,50.6,53.4
500KV-BYQ-002,2024-08-21 18:00:00,50.3,51.4
500KV-BYQ-003,2024-08-21 18:00:00,49.7,52.3
500KV-BYQ-001,2024-08-21 19:00:00,64.7,66.4
500KV-BYQ-002,2024-08-21 19:00:00,62.1,65.0
500KV-BYQ-003,2024-08-21 19:00:00,64.4,66.4
500KV-BYQ-001,2024-08-21 20:00:00,48.8,50.2
500KV-BYQ-002,2024-08-21 20:00:00,49.1,50.3
500KV-BYQ-003,2024-08-21 20:00:00,53.5,56.3
500KV-BYQ-001,2024-08-21 21:00:00,47.0,49.7
500KV-BYQ-002,2024-08-21 21:00:00,58.1,59.7
500KV-BYQ-003,2024-08-21 21:00:00,54.2,55.7
500KV-BYQ-001,2024-08-21 22:00:00,58.5,59.9
500KV-BYQ-002,2024-08-21 22:00:00,62.9,64.6
500KV-BYQ-003,2024-08-21 22:00:00,45.7,47.5
500KV-BYQ-001,2024-08-21 23:00:00,60.7,63.4
500KV-BYQ-002,2024-08-21 23:00:00,55.5,58.0
500KV-BYQ-003,2024-08-21 23:00:00,58.2,59.6
500KV-BYQ-001,2024-08-22 00:00:00,52.7,55.4
500KV-BYQ-002,2024-08-22 00:00:00,47.8,50.5
500KV-BYQ-003,2024-08-22 00:00:00,65.7,66.9
500KV-BYQ-001,2024-08-22 01:00:00,53.8,56.8
500KV-BYQ-002,2024-08-22 01:00:00,46.4,49.1
500KV-BYQ-003,2024-08-22 01:00:00,63.9,65.0
500KV-BYQ-001,2024-08-22 02:00:00,60.7,62.0
500KV-BYQ-002,2024-08-22 02:00:00,61.3,63.0
500KV-BYQ-003,2024-08-22 02:00:00,61.5,62.8
500KV-BYQ-001,2024-08-22 03:00:00,60.1,62.0
500KV-BYQ-002,2024-08-22 03:00:00,59.3,60.4
500KV-BYQ-003,2024-08-22 03:00:00,59.9,62.5
500KV-BYQ-001,2024-08-22 04:00:00,55.1,57.7
500KV-BYQ-002,2024-08-22 04:00:00,48.0,50.5
500KV-BYQ-003,2024-08-22 04:00:00,52.7,53.9
500KV-BYQ-001,2024-08-22 05:00:00,45.1,48.0
500KV-BYQ-002,2024-08-22 05:00:00,55.5,58.4
500KV-BYQ-003,2024-08-22 05:00:00,47.8,49.4
500KV-BYQ-001,2024-08-22 06:00:00,45.3,46.7
500KV-BYQ-002,2024-08-22 06:00:00,59.1,61.7
500KV-BYQ-003,2024-08-22 06:00:00,49.5,52.0
500KV-BYQ-001,2024-08-22 07:00:00,59.6,61.0
500KV-BYQ-002,2024-08-22 07:00:00,45.6,48.1
500KV-BYQ-003,2024-08-22 07:00:00,47.7,48.8
500KV-BYQ-001,2024-08-22 08:00:00,49.6,51.3
500KV-BYQ-002,2024-08-22 08:00:00,66.2,67.8
500KV-BYQ-003,2024-08-22 08:00:00,59.6,60.6
500KV-BYQ-001,2024-08-22 09:00:00,68.8,70.9
500KV-BYQ-002,2024-08-22 09:00:00,48.0,49.1
500KV-BYQ-003,2024-08-22 09:00:00,62.9,63.9
500KV-BYQ-001,2024-08-22 10:00:00,58.6,60.5
500KV-BYQ-002,2024-08-22 10:00:00,49.3,51.9
500KV-BYQ-003,2024-08-22 10:00:00,60.2,61.7
500KV-BYQ-001,2024-08-22 11:00:00,63.1,64.6
500KV-BYQ-002,2024-08-22 11:00:00,68.6,70.3
500KV-BYQ-003,2024-08-22 11:00:00,53.1,56.1
500KV-BYQ-001,2024-08-22 12:00:00,61.1,63.6
500KV-BYQ-002,2024-08-22 12:00:00,59.5,61.7
500KV-BYQ-003,2024-08-22 12:00:00,54.7,56.3
500KV-BYQ-001,2024-08-22 13:00:00,69.1,71.2
500KV-BYQ-002,2024-08-22 13:00:00,48.5,49.6
500KV-BYQ-003,2024-08-22 13:00:00,57.3,58.7
500KV-BYQ-001,2024-08-22 14:00:00,51.0,52.8
500KV-BYQ-002,2024-08-22 14:00:00,57.1,58.5
500KV-BYQ-003,2024-08-22 14:00:00,67.3,69.2
500KV-BYQ-001,2024-08-22 15:00:00,61.1,62.4
500KV-BYQ-002,2024-08-22 15:00:00,48.9,50.5
500KV-BYQ-003,2024-08-22 15:00:00,50.3,51.4
500KV-BYQ-001,2024-08-22 16:00:00,65.8,67.2
500KV-BYQ-002,2024-08-22 16:00:00,48.9,51.5
500KV-BYQ-003,2024-08-22 16:00:00,67.1,69.2
500KV-BYQ-001,2024-08-22 17:00:00,63.5,66.1
500KV-BYQ-002,2024-08-22 17:00:00,62.8,64.4
500KV-BYQ-003,2024-08-22 17:00:00,61.4,63.6
500KV-BYQ-001,2024-08-22 18:00:00,49.2,51.1
500KV-BYQ-002,2024-08-22 18:00:00,44.5,46.6
500KV-BYQ-003,2024-08-22 18:00:00,64.2,66.0
500KV-BYQ-001,2024-08-22 19:00:00,62.2,64.8
500KV-BYQ-002,2024-08-22 19:00:00,54.3,56.7
500KV-BYQ-003,2024-08-22 19:00:00,55.6,57.3
500KV-BYQ-001,2024-08-22 20:00:00,46.3,48.1
500KV-BYQ-002,2024-08-22 20:00:00,66.5,67.8
500KV-BYQ-003,2024-08-22 20:00:00,57.3,58.8
500KV-BYQ-001,2024-08-22 21:00:00,53.9,56.5
500KV-BYQ-002,2024-08-22 21:00:00,48.3,50.1
500KV-BYQ-003,2024-08-22 21:00:00,66.0,68.7
500KV-BYQ-001,2024-08-22 22:00:00,55.8,57.5
500KV-BYQ-002,2024-08-22 22:00:00,63.5,66.4
500KV-BYQ-003,2024-08-22 22:00:00,61.2,63.1
500KV-BYQ-001,2024-08-22 23:00:00,48.4,51.3
500KV-BYQ-002,2024-08-22 23:00:00,60.2,62.3
500KV-BYQ-003,2024-08-22 23:00:00,44.6,46.2
500KV-BYQ-001,2024-08-23 00:00:00,52.2,53.5
500KV-BYQ-002,2024-08-23 00:00:00,47.8,49.9
500KV-BYQ-003,2024-08-23 00:00:00,45.1,47.6
500KV-BYQ-001,2024-08-23 01:00:00,65.1,67.9
500KV-BYQ-002,2024-08-23 01:00:00,62.0,64.9
500KV-BYQ-003,2024-08-23 01:00:00,58.6,61.2
500KV-BYQ-001,2024-08-23 02:00:00,51.5,53.0
500KV-BYQ-002,2024-08-23 02:00:00,55.0,57.4
500KV-BYQ-003,2024-08-23 02:00:00,56.6,58.4
500KV-BYQ-001,2024-08-23 03:00:00,59.3,60.9
500KV-BYQ-002,2024-08-23 03:00:00,55.0,57.3
500KV-BYQ-003,2024-08-23 03:00:00,62.0,63.1
500KV-BYQ-001,2024-08-23 04:00:00,61.0,62.4
500KV-BYQ-002,2024-08-23 04:00:00,49.0,51.4
500KV-BYQ-003,2024-08-23 04:00:00,56.0,57.2
500KV-BYQ-001,2024-08-23 05:00:00,50.9,52.9
500KV-BYQ-002,2024-08-23 05:00:00,54.5,57.4
500KV-BYQ-003,2024-08-23 05:00:00,44.6,46.8
500KV-BYQ-001,2024-08-23 06:00:00,59.9,62.7
500KV-BYQ-002,2024-08-23 06:00:00,60.0,62.9
500KV-BYQ-003,2024-08-23 06:00:00,44.4,47.2
500KV-BYQ-001,2024-08-23 07:00:00,52.7,54.8
500KV-BYQ-002,2024-08-23 07:00:00,62.7,63.7
500KV-BYQ-003,2024-08-23 07:00:00,57.3,58.4
500KV-BYQ-001,2024-08-23 08:00:00,63.5,65.0
500KV-BYQ-002,2024-08-23 08:00:00,52.8,55.5
500KV-BYQ-003,2024-08-23 08:00:00,50.6,52.4
500KV-BYQ-001,2024-08-23 09:00:00,54.9,56.9
500KV-BYQ-002,2024-08-23 09:00:00,64.7,65.9
500KV-BYQ-003,2024-08-23 09:00:00,55.5,56.7
500KV-BYQ-001,2024-08-23 10:00:00,71.1,72.5
500KV-BYQ-002,2024-08-23 10:00:00,56.1,57.1
500KV-BYQ-003,2024-08-23 10:00:00,66.4,68.3
500KV-BYQ-001,2024-08-23 11:00:00,61.5,63.0
500KV-BYQ-002,2024-08-23 11:00:00,62.0,64.0
500KV-BYQ-003,2024-08-23 11:00:00,55.7,57.9
500KV-BYQ-001,2024-08-23 12:00:00,56.4,58.0
500KV-BYQ-002,2024-08-23 12:00:00,53.6,56.3
500KV-BYQ-003,2024-08-23 12:00:00,65.6,66.7
500KV-BYQ-001,2024-08-23 13:00:00,62.2,64.4
500KV-BYQ-002,2024-08-23 13:00:00,61.4,63.5
500KV-BYQ-003,2024-08-23 13:00:00,58.2,59.9
500KV-BYQ-001,2024-08-23 14:00:00,67.9,70.1
500KV-BYQ-002,2024-08-23 14:00:00,62.1,63.4
500KV-BYQ-003,2024-08-23 14:00:00,56.3,58.6
500KV-BYQ-001,2024-08-23 15:00:00,54.5,57.3
500KV-BYQ-002,2024-08-23 15:00:00,58.3,60.1
500KV-BYQ-003,2024-08-23 15:00:00,59.3,61.6
500KV-BYQ-001,2024-08-23 16:00:00,64.8,66.9
500KV-BYQ-002,2024-08-23 16:00:00,60.1,61.6
500KV-BYQ-003,2024-08-23 16:00:00,64.4,66.5
500KV-BYQ-001,2024-08-23 17:00:00,58.6,61.1
500KV-BYQ-002,2024-08-23 17:00:00,58.7,61.1
500KV-BYQ-003,2024-08-23 17:00:00,48.3,50.1
500KV-BYQ-001,2024-08-23 18:00:00,67.6,70.0
500KV-BYQ-002,2024-08-23 18:00:00,66.5,68.3
500KV-BYQ-003,2024-08-23 18:00:00,65.6,66.6
500KV-BYQ-001,2024-08-23 19:00:00,52.6,55.5
500KV-BYQ-002,2024-08-23 19:00:00,59.5,62.1
500KV-BYQ-003,2024-08-23 19:00:00,44.4,47.1
500KV-BYQ-001,2024-08-23 20:00:00,52.6,54.1
500KV-BYQ-002,2024-08-23 20:00:00,53.3,55.4
500KV-BYQ-003,2024-08-23 20:00:00,59.5,62.4
500KV-BYQ-001,2024-08-23 21:00:00,67.5,69.1
500KV-BYQ-002,2024-08-23 21:00:00,55.0,57.3
500KV-BYQ-003,2024-08-23 21:00:00,69.9,72.0
500KV-BYQ-001,2024-08-23 22:00:00,62.5,64.4
500KV-BYQ-002,2024-08-23 22:00:00,67.3,69.2
500KV-BYQ-003,2024-08-23 22:00:00,54.2,56.6
500KV-BYQ-001,2024-08-23 23:00:00,61.3,63.6
500KV-BYQ-002,2024-08-23 23:00:00,57.3,59.6
500KV-BYQ-003,2024-08-23 23:00:00,48.6,50.1
500KV-BYQ-001,2024-08-24 00:00:00,55.8,58.3
500KV-BYQ-002,2024-08-24 00:00:00,58.9,60.6
500KV-BYQ-003,2024-08-24 00:00:00,56.6,59.3
500KV-BYQ-001,2024-08-24 01:00:00,48.4,50.6
500KV-BYQ-002,2024-08-24 01:00:00,62.0,64.8
500KV-BYQ-003,2024-08-24 01:00:00,51.8,53.2
500KV-BYQ-001,2024-08-24 02:00:00,66.1,68.9
500KV-BYQ-002,2024-08-24 02:00:00,66.7,68.2
500KV-BYQ-003,2024-08-24 02:00:00,51.1,52.3
500KV-BYQ-001,2024-08-24 03:00:00,58.8,60.2
500KV-BYQ-002,2024-08-24 03:00:00,42.7,45.1
500KV-BYQ-003,2024-08-24 03:00:00,67.1,68.6
500KV-BYQ-001,2024-08-24 04:00:00,64.0,65.1
500KV-BYQ-002,2024-08-24 04:00:00,63.5,66.5
500KV-BYQ-003,2024-08-24 04:00:00,48.6,50.0
500KV-BYQ-001,2024-08-24 05:00:00,54.9,56.6
500KV-BYQ-002,2024-08-24 05:00:00,51.3,52.3
500KV-BYQ-003,2024-08-24 05:00:00,47.7,50.3
500KV-BYQ-001,2024-08-24 06:00:00,65.6,66.7
500KV-BYQ-002,2024-08-24 06:00:00,64.7,66.8
500KV-BYQ-003,2024-08-24 06:00:00,51.1,52.2
500KV-BYQ-001,2024-08-24 07:00:00,46.8,48.9
500KV-BYQ-002,2024-08-24 07:00:00,52.1,53.2
500KV-BYQ-003,2024-08-24 07:00:00,66.7,68.9
500KV-BYQ-001,2024-08-24 08:00:00,55.6,57.0
500KV-BYQ-002,2024-08-24 08:00:00,57.7,59.6
500KV-BYQ-003,2024-08-24 08:00:00,62.7,64.7
500KV-BYQ-001,2024-08-24 09:00:00,61.4,64.1
500KV-BYQ-002,2024-08-24 09:00:00,51.0,53.8
500KV-BYQ-003,2024-08-24 09:00:00,47.4,49.8
500KV-BYQ-001,2024-08-24 10:00:00,60.2,62.3
500KV-BYQ-002,2024-08-24 10:00:00,63.4,65.1
500KV-BYQ-003,2024-08-24 10:00:00,66.2,68.6
500KV-BYQ-001,2024-08-24 11:00:00,69.4,70.5
500KV-BYQ-002,2024-08-24 11:00:00,56.3,58.0
500KV-BYQ-003,2024-08-24 11:00:00,64.1,65.1
500KV-BYQ-001,2024-08-24 12:00:00,55.7,58.0
500KV-BYQ-002,2024-08-24 12:00:00,52.4,55.3
500KV-BYQ-003,2024-08-24 12:00:00,64.2,66.7
500KV-BYQ-001,2024-08-24 13:00:00,55.8,58.7
500KV-BYQ-002,2024-08-24 13:00:00,51.2,52.4
500KV-BYQ-003,2024-08-24 13:00:00,55.1,56.7
500KV-BYQ-001,2024-08-24 14:00:00,69.7,72.4
500KV-BYQ-002,2024-08-24 14:00:00,69.0,70.5
500KV-BYQ-003,2024-08-24 14:00:00,64.6,66.4
500KV-BYQ-001,2024-08-24 15:00:00,64.1,66.4
500KV-BYQ-002,2024-08-24 15:00:00,60.7,62.5
500KV-BYQ-003,2024-08-24 15:00:00,71.0,73
500KV-BYQ-001,2024-08-24 16:00:00,55.2,56.3
500KV-BYQ-002,2024-08-24 16:00:00,50.1,51.8
500KV-BYQ-003,2024-08-24 16:00:00,66.6,69.1
500KV-BYQ-001,2024-08-24 17:00:00,53.9,56.6
500KV-BYQ-002,2024-08-24 17:00:00,46.4,49.0
500KV-BYQ-003,2024-08-24 17:00:00,70.9,73
500KV-BYQ-001,2024-08-24 18:00:00,53.6,56.6
500KV-BYQ-002,2024-08-24 18:00:00,48.9,51.8
500KV-BYQ-003,2024-08-24 18:00:00,59.6,60.7
500KV-BYQ-001,2024-08-24 19:00:00,46.0,47.0
500KV-BYQ-002,2024-08-24 19:00:00,67.9,70.5
500KV-BYQ-003,2024-08-24 19:00:00,63.7,66.4
500KV-BYQ-001,2024-08-24 20:00:00,63.7,65.8
500KV-BYQ-002,2024-08-24 20:00:00,61.1,62.7
500KV-BYQ-003,2024-08-24 20:00:00,53.9,56.4
500KV-BYQ-001,2024-08-24 21:00:00,61.7,64.0
500KV-BYQ-002,2024-08-24 21:00:00,46.3,49.2
500KV-BYQ-003,2024-08-24 21:00:00,57.4,59.5
500KV-BYQ-001,2024-08-24 22:00:00,52.3,54.0
500KV-BYQ-002,2024-08-24 22:00:00,65.9,68.2
500KV-BYQ-003,2024-08-24 22:00:00,59.2,60.8
500KV-BYQ-001,2024-08-24 23:00:00,44.6,46.8
500KV-BYQ-002,2024-08-24 23:00:00,58.9,61.8
500KV-BYQ-003,2024-08-24 23:00:00,59.9,61.5
500KV-BYQ-001,2024-08-25 00:00:00,57.7,60.4
500KV-BYQ-002,2024-08-25 00:00:00,48.1,49.8
500KV-BYQ-003,2024-08-25 00:00:00,65.1,67.7
500KV-BYQ-001,2024-08-25 01:00:00,59.7,62.7
500KV-BYQ-002,2024-08-25 01:00:00,44.9,46.3
500KV-BYQ-003,2024-08-25 01:00:00,51.2,53.7
500KV-BYQ-001,2024-08-25 02:00:00,62.4,63.5
500KV-BYQ-002,2024-08-25 02:00:00,60.1,63.0
500KV-BYQ-003,2024-08-25 02:00:00,65.9,67.0
500KV-BYQ-001,2024-08-25 03:00:00,59.6,61.3
500KV-BYQ-002,2024-08-25 03:00:00,63.2,65.0
500KV-BYQ-003,2024-08-25 03:00:00,57.5,58.5
500KV-BYQ-001,2024-08-25 04:00:00,47.4,48.8
500KV-BYQ-002,2024-08-25 04:00:00,62.4,64.5
500KV-BYQ-003,2024-08-25 04:00:00,49.7,51.7
500KV-BYQ-001,2024-08-25 05:00:00,54.8,56.9
500KV-BYQ-002,2024-08-25 05:00:00,59.8,62.3
500KV-BYQ-003,2024-08-25 05:00:00,48.5,51.5
500KV-BYQ-001,2024-08-25 06:00:00,65.9,68.9
500KV-BYQ-002,2024-08-25 06:00:00,46.5,49.4
500KV-BYQ-003,2024-08-25 06:00:00,57.7,59.0
500KV-BYQ-001,2024-08-25 07:00:00,62.6,65.0
500KV-BYQ-002,2024-08-25 07:00:00,46.5,48.8
500KV-BYQ-003,2024-08-25 07:00:00,51.7,54.7
500KV-BYQ-001,2024-08-25 08:00:00,58.8,61.6
500KV-BYQ-002,2024-08-25 08:00:00,69.9,72.2
500KV-BYQ-003,2024-08-25 08:00:00,65.6,67.3
500KV-BYQ-001,2024-08-25 09:00:00,52.3,53.9
500KV-BYQ-002,2024-08-25 09:00:00,50.8,53.2
500KV-BYQ-003,2024-08-25 09:00:00,59.3,60.4
500KV-BYQ-001,2024-08-25 10:00:00,50.7,53.5
500KV-BYQ-002,2024-08-25 10:00:00,54.1,55.9
500KV-BYQ-003,2024-08-25 10:00:00,67.2,69.9
500KV-BYQ-001,2024-08-25 11:00:00,61.8,64.0
500KV-BYQ-002,2024-08-25 11:00:00,55.1,57.8
500KV-BYQ-003,2024-08-25 11:00:00,55.2,56.9
500KV-BYQ-001,2024-08-25 12:00:00,66.8,68.9
500KV-BYQ-002,2024-08-25 12:00:00,65.0,67.5
500KV-BYQ-003,2024-08-25 12:00:00,52.0,53.6
500KV-BYQ-001,2024-08-25 13:00:00,66.7,69.3
500KV-BYQ-002,2024-08-25 13:00:00,63.6,65.3
500KV-BYQ-003,2024-08-25 13:00:00,48.1,50.7
500KV-BYQ-001,2024-08-25 14:00:00,53.4,55.9
500KV-BYQ-002,2024-08-25 14:00:00,54.3,56.6
500KV-BYQ-003,2024-08-25 14:00:00,63.9,65.4
500KV-BYQ-001,2024-08-25 15:00:00,60.2,61.9
500KV-BYQ-002,2024-08-25 15:00:00,54.0,56.4
500KV-BYQ-003,2024-08-25 15:00:00,62.7,64.5
500KV-BYQ-001,2024-08-25 16:00:00,65.0,67.7
500KV-BYQ-002,2024-08-25 16:00:00,53.7,55.3
500KV-BYQ-003,2024-08-25 16:00:00,62.6,64.9
500KV-BYQ-001,2024-08-25 17:00:00,49.0,50.4
500KV-BYQ-002,2024-08-25 17:00:00,63.6,66.1
500KV-BYQ-003,2024-08-25 17:00:00,54.0,56.7
500KV-BYQ-001,2024-08-25 18:00:00,64.5,66.9
500KV-BYQ-002,2024-08-25 18:00:00,64.9,67.7
500KV-BYQ-003,2024-08-25 18:00:00,66.9,69.6
500KV-BYQ-001,2024-08-25 19:00:00,68.1,70.7
500KV-BYQ-002,2024-08-25 19:00:00,64.9,66.8
500KV-BYQ-003,2024-08-25 19:00:00,60.0,61.7
500KV-BYQ-001,2024-08-25 20:00:00,54.2,56.6
500KV-BYQ-002,2024-08-25 20:00:00,46.4,47.7
500KV-BYQ-003,2024-08-25 20:00:00,52.4,54.7
500KV-BYQ-001,2024-08-25 21:00:00,45.9,48.2
500KV-BYQ-002,2024-08-25 21:00:00,56.5,57.7
500KV-BYQ-003,2024-08-25 21:00:00,65.2,67.4
500KV-BYQ-001,2024-08-25 22:00:00,66.0,67.9
500KV-BYQ-002,2024-08-25 22:00:00,55.2,56.2
500KV-BYQ-003,2024-08-25 22:00:00,66.0,67.7
500KV-BYQ-001,2024-08-25 23:00:00,52.7,55.3
500KV-BYQ-002,2024-08-25 23:00:00,47.8,50.6
500KV-BYQ-003,2024-08-25 23:00:00,47.0,48.5
500KV-BYQ-001,2024-08-26 00:00:00,62.6,64.6
500KV-BYQ-002,2024-08-26 00:00:00,60.7,62.4
500KV-BYQ-003,2024-08-26 00:00:00,48.2,50.8
500KV-BYQ-001,2024-08-26 01:00:00,49.6,52.2
500KV-BYQ-002,2024-08-26 01:00:00,49.5,52.1
500KV-BYQ-003,2024-08-26 01:00:00,56.3,57.5
500KV-BYQ-001,2024-08-26 02:00:00,44.6,47.5
500KV-BYQ-002,2024-08-26 02:00:00,55.6,58.1
500KV-BYQ-003,2024-08-26 02:00:00,63.9,65.0
500KV-BYQ-001,2024-08-26 03:00:00,59.7,60.7
500KV-BYQ-002,2024-08-26 03:00:00,58.6,59.6
500KV-BYQ-003,2024-08-26 03:00:00,61.7,64.3
500KV-BYQ-001,2024-08-26 04:00:00,60.1,61.2
500KV-BYQ-002,2024-08-26 04:00:00,49.1,50.3
500KV-BYQ-003,2024-08-26 04:00:00,50.0,52.3
500KV-BYQ-001,2024-08-26 05:00:00,55.9,58.6
500KV-BYQ-002,2024-08-26 05:00:00,49.5,51.2
500KV-BYQ-003,2024-08-26 05:00:00,46.0,47.4
500KV-BYQ-001,2024-08-26 06:00:00,55.1,57.6
500KV-BYQ-002,2024-08-26 06:00:00,57.2,59.5
500KV-BYQ-003,2024-08-26 06:00:00,47.4,49.8
500KV-BYQ-001,2024-08-26 07:00:00,58.2,59.3
500KV-BYQ-002,2024-08-26 07:00:00,53.7,55.2
500KV-BYQ-003,2024-08-26 07:00:00,45.4,46.6
500KV-BYQ-001,2024-08-26 08:00:00,56.3,57.7
500KV-BYQ-002,2024-08-26 08:00:00,47.3,48.9
500KV-BYQ-003,2024-08-26 08:00:00,69.2,71.7
500KV-BYQ-001,2024-08-26 09:00:00,54.5,56.3
500KV-BYQ-002,2024-08-26 09:00:00,69.5,70.6
500KV-BYQ-003,2024-08-26 09:00:00,70.1,72.4
500KV-BYQ-001,2024-08-26 10:00:00,55.5,56.7
500KV-BYQ-002,2024-08-26 10:00:00,66.7,69.3
500KV-BYQ-003,2024-08-26 10:00:00,60.8,62.8
500KV-BYQ-001,2024-08-26 11:00:00,62.5,63.6
500KV-BYQ-002,2024-08-26 11:00:00,49.3,51.2
500KV-BYQ-003,2024-08-26 11:00:00,66.1,68.7
500KV-BYQ-001,2024-08-26 12:00:00,69.0,71.1
500KV-BYQ-002,2024-08-26 12:00:00,71.3,73.0
500KV-BYQ-003,2024-08-26 12:00:00,68.1,70.3
500KV-BYQ-001,2024-08-26 13:00:00,72.1,73
500KV-BYQ-002,2024-08-26 13:00:00,57.1,59.7
500KV-BYQ-003,2024-08-26 13:00:00,61.0,63.5
500KV-BYQ-001,2024-08-26 14:00:00,54.3,56.3
500KV-BYQ-002,2024-08-26 14:00:00,63.3,65.7
500KV-BYQ-003,2024-08-26 14:00:00,64.2,67.2
500KV-BYQ-001,2024-08-26 15:00:00,55.0,57.3
500KV-BYQ-002,2024-08-26 15:00:00,55.4,56.9
500KV-BYQ-003,2024-08-26 15:00:00,62.7,64.6
500KV-BYQ-001,2024-08-26 16:00:00,71.4,73
500KV-BYQ-002,2024-08-26 16:00:00,50.5,52.9
500KV-BYQ-003,2024-08-26 16:00:00,57.5,58.9
500KV-BYQ-001,2024-08-26 17:00:00,50.4,52.6
500KV-BYQ-002,2024-08-26 17:00:00,55.3,57.4
500KV-BYQ-003,2024-08-26 17:00:00,47.9,49.4
500KV-BYQ-001,2024-08-26 18:00:00,58.8,60.7
500KV-BYQ-002,2024-08-26 18:00:00,57.3,58.7
500KV-BYQ-003,2024-08-26 18:00:00,55.5,56.5
500KV-BYQ-001,2024-08-26 19:00:00,47.1,48.3
500KV-BYQ-002,2024-08-26 19:00:00,66.5,68.8
500KV-BYQ-003,2024-08-26 19:00:00,53.9,56.9
500KV-BYQ-001,2024-08-26 20:00:00,55.0,56.0
500KV-BYQ-002,2024-08-26 20:00:00,54.8,57.7
500KV-BYQ-003,2024-08-26 20:00:00,54.6,56.8
500KV-BYQ-001,2024-08-26 21:00:00,45.2,47.1
500KV-BYQ-002,2024-08-26 21:00:00,51.1,53.4
500KV-BYQ-003,2024-08-26 21:00:00,53.6,55.4
500KV-BYQ-001,2024-08-26 22:00:00,48.3,50.3
500KV-BYQ-002,2024-08-26 22:00:00,52.9,55.1
500KV-BYQ-003,2024-08-26 22:00:00,55.2,56.7
500KV-BYQ-001,2024-08-26 23:00:00,50.5,53.0
500KV-BYQ-002,2024-08-26 23:00:00,47.9,49.5
500KV-BYQ-003,2024-08-26 23:00:00,44.7,45.7
500KV-BYQ-001,2024-08-27 00:00:00,48.3,49.5
500KV-BYQ-002,2024-08-27 00:00:00,58.2,59.8
500KV-BYQ-003,2024-08-27 00:00:00,52.6,55.3
500KV-BYQ-001,2024-08-27 01:00:00,63.0,65.9
500KV-BYQ-002,2024-08-27 01:00:00,59.6,61.1
500KV-BYQ-003,2024-08-27 01:00:00,49.0,51.1
500KV-BYQ-001,2024-08-27 02:00:00,57.6,58.9
500KV-BYQ-002,2024-08-27 02:00:00,54.2,57.1
500KV-BYQ-003,2024-08-27 02:00:00,60.8,62.9
500KV-BYQ-001,2024-08-27 03:00:00,63.1,64.1
500KV-BYQ-002,2024-08-27 03:00:00,48.9,50.7
500KV-BYQ-003,2024-08-27 03:00:00,50.5,53.1
500KV-BYQ-001,2024-08-27 04:00:00,60.7,62.4
500KV-BYQ-002,2024-08-27 04:00:00,48.5,49.7
500KV-BYQ-003,2024-08-27 04:00:00,53.5,55.7
500KV-BYQ-001,2024-08-27 05:00:00,63.6,64.8
500KV-BYQ-002,2024-08-27 05:00:00,53.4,55.3
500KV-BYQ-003,2024-08-27 05:00:00,53.7,55.8
500KV-BYQ-001,2024-08-27 06:00:00,53.3,56.3
500KV-BYQ-002,2024-08-27 06:00:00,61.6,63.8
500KV-BYQ-003,2024-08-27 06:00:00,63.1,64.7
500KV-BYQ-001,2024-08-27 07:00:00,60.8,62.3
500KV-BYQ-002,2024-08-27 07:00:00,63.2,64.8
500KV-BYQ-003,2024-08-27 07:00:00,61.6,63.9
500KV-BYQ-001,2024-08-27 08:00:00,53.1,55.3
500KV-BYQ-002,2024-08-27 08:00:00,53.1,55.4
500KV-BYQ-003,2024-08-27 08:00:00,60.4,63.3
500KV-BYQ-001,2024-08-27 09:00:00,63.7,65.3
500KV-BYQ-002,2024-08-27 09:00:00,54.3,56.6
500KV-BYQ-003,2024-08-27 09:00:00,64.3,66.6
500KV-BYQ-001,2024-08-27 10:00:00,61.4,64.0
500KV-BYQ-002,2024-08-27 10:00:00,56.0,57.8
500KV-BYQ-003,2024-08-27 10:00:00,58.0,59.7
500KV-BYQ-001,2024-08-27 11:00:00,67.6,70.3
500KV-BYQ-002,2024-08-27 11:00:00,55.9,58.2
500KV-BYQ-003,2024-08-27 11:00:00,59.0,61.7
500KV-BYQ-001,2024-08-27 12:00:00,71.0,73
500KV-BYQ-002,2024-08-27 12:00:00,56.4,57.9
500KV-BYQ-003,2024-08-27 12:00:00,53.6,55.1
500KV-BYQ-001,2024-08-27 13:00:00,46.0,48.1
500KV-BYQ-002,2024-08-27 13:00:00,67.4,69.7
500KV-BYQ-003,2024-08-27 13:00:00,56.8,58.8
500KV-BYQ-001,2024-08-27 14:00:00,59.2,61.5
500KV-BYQ-002,2024-08-27 14:00:00,58.7,60.7
500KV-BYQ-003,2024-08-27 14:00:00,52.6,54.9
500KV-BYQ-001,2024-08-27 15:00:00,50.8,53.4
500KV-BYQ-002,2024-08-27 15:00:00,65.0,66.5
500KV-BYQ-003,2024-08-27 15:00:00,58.7,61.0
500KV-BYQ-001,2024-08-27 16:00:00,62.0,63.6
500KV-BYQ-002,2024-08-27 16:00:00,67.6,69.9
500KV-BYQ-003,2024-08-27 16:00:00,55.7,57.0
500KV-BYQ-001,2024-08-27 17:00:00,61.0,63.6
500KV-BYQ-002,2024-08-27 17:00:00,64.7,67.6
500KV-BYQ-003,2024-08-27 17:00:00,56.7,58.0
500KV-BYQ-001,2024-08-27 18:00:00,47.4,50.0
500KV-BYQ-002,2024-08-27 18:00:00,65.2,66.7
500KV-BYQ-003,2024-08-27 18:00:00,61.7,63.7
500KV-BYQ-001,2024-08-27 19:00:00,45.2,48.0
500KV-BYQ-002,2024-08-27 19:00:00,56.2,59.0
500KV-BYQ-003,2024-08-27 19:00:00,66.3,69.2
500KV-BYQ-001,2024-08-27 20:00:00,49.1,50.3
500KV-BYQ-002,2024-08-27 20:00:00,65.6,67.3
500KV-BYQ-003,2024-08-27 20:00:00,66.4,67.6
500KV-BYQ-001,2024-08-27 21:00:00,70.2,71.6
500KV-BYQ-002,2024-08-27 21:00:00,69.1,70.7
500KV-BYQ-003,2024-08-27 21:00:00,67.5,70.1
500KV-BYQ-001,2024-08-27 22:00:00,63.9,65.7
500KV-BYQ-002,2024-08-27 22:00:00,59.2,61.9
500KV-BYQ-003,2024-08-27 22:00:00,65.4,67.6
500KV-BYQ-001,2024-08-27 23:00:00,52.9,55.2
500KV-BYQ-002,2024-08-27 23:00:00,61.2,62.4
500KV-BYQ-003,2024-08-27 23:00:00,55.0,56.5
500KV-BYQ-001,2024-08-28 00:00:00,47.5,50.1
500KV-BYQ-002,2024-08-28 00:00:00,54.9,55.9
500KV-BYQ-003,2024-08-28 00:00:00,52.1,54.1
500KV-BYQ-001,2024-08-28 01:00:00,58.5,60.7
500KV-BYQ-002,2024-08-28 01:00:00,51.0,53.7
500KV-BYQ-003,2024-08-28 01:00:00,65.0,66.4
500KV-BYQ-001,2024-08-28 02:00:00,64.2,66.2
500KV-BYQ-002,2024-08-28 02:00:00,52.5,54.9
500KV-BYQ-003,2024-08-28 02:00:00,44.3,46.7
500KV-BYQ-001,2024-08-28 03:00:00,56.3,58.2
500KV-BYQ-002,2024-08-28 03:00:00,55.1,56.1
500KV-BYQ-003,2024-08-28 03:00:00,47.1,48.3
500KV-BYQ-001,2024-08-28 04:00:00,63.6,66.1
500KV-BYQ-002,2024-08-28 04:00:00,62.7,65.0
500KV-BYQ-003,2024-08-28 04:00:00,54.3,56.8
500KV-BYQ-001,2024-08-28 05:00:00,51.4,53.5
500KV-BYQ-002,2024-08-28 05:00:00,53.2,56.0
500KV-BYQ-003,2024-08-28 05:00:00,59.1,61.9
500KV-BYQ-001,2024-08-28 06:00:00,45.6,47.1
500KV-BYQ-002,2024-08-28 06:00:00,46.2,47.8
500KV-BYQ-003,2024-08-28 06:00:00,64.6,67.4
500KV-BYQ-001,2024-08-28 07:00:00,57.0,59.8
500KV-BYQ-002,2024-08-28 07:00:00,63.5,65.1
500KV-BYQ-003,2024-08-28 07:00:00,58.0,59.2
500KV-BYQ-001,2024-08-28 08:00:00,62.0,64.4
500KV-BYQ-002,2024-08-28 08:00:00,48.9,51.4
500KV-BYQ-003,2024-08-28 08:00:00,69.2,70.4
500KV-BYQ-001,2024-08-28 09:00:00,47.8,49.3
500KV-BYQ-002,2024-08-28 09:00:00,52.9,54.8
500KV-BYQ-003,2024-08-28 09:00:00,66.8,68.5
500KV-BYQ-001,2024-08-28 10:00:00,55.1,56.7
500KV-BYQ-002,2024-08-28 10:00:00,50.8,52.4
500KV-BYQ-003,2024-08-28 10:00:00,68.1,69.9
500KV-BYQ-001,2024-08-28 11:00:00,62.8,65.1
500KV-BYQ-002,2024-08-28 11:00:00,52.4,53.5
500KV-BYQ-003,2024-08-28 11:00:00,69.2,71.7
500KV-BYQ-001,2024-08-28 12:00:00,57.7,60.5
500KV-BYQ-002,2024-08-28 12:00:00,48.7,50.6
500KV-BYQ-003,2024-08-28 12:00:00,65.4,67.7
500KV-BYQ-001,2024-08-28 13:00:00,53.8,56.3
500KV-BYQ-002,2024-08-28 13:00:00,62.0,64.8
500KV-BYQ-003,2024-08-28 13:00:00,69.3,71.1
500KV-BYQ-001,2024-08-28 14:00:00,64.9,66.7
500KV-BYQ-002,2024-08-28 14:00:00,64.5,66.4
500KV-BYQ-003,2024-08-28 14:00:00,62.4,65.2
500KV-BYQ-001,2024-08-28 15:00:00,61.0,62.7
500KV-BYQ-002,2024-08-28 15:00:00,57.8,60.0
500KV-BYQ-003,2024-08-28 15:00:00,65.2,66.7
500KV-BYQ-001,2024-08-28 16:00:00,54.0,55.8
500KV-BYQ-002,2024-08-28 16:00:00,49.3,51.5
500KV-BYQ-003,2024-08-28 16:00:00,53.8,56.7
500KV-BYQ-001,2024-08-28 17:00:00,53.5,56.3
500KV-BYQ-002,2024-08-28 17:00:00,49.3,52.0
500KV-BYQ-003,2024-08-28 17:00:00,65.9,67.5
500KV-BYQ-001,2024-08-28 18:00:00,53.2,55.5
500KV-BYQ-002,2024-08-28 18:00:00,49.6,51.2
500KV-BYQ-003,2024-08-28 18:00:00,67.6,70.6
500KV-BYQ-001,2024-08-28 19:00:00,63.4,65.3
500KV-BYQ-002,2024-08-28 19:00:00,49.1,51.1
500KV-BYQ-003,2024-08-28 19:00:00,57.7,59.4
500KV-BYQ-001,2024-08-28 20:00:00,46.6,49.6
500KV-BYQ-002,2024-08-28 20:00:00,61.7,64.4
500KV-BYQ-003,2024-08-28 20:00:00,61.2,64.2
500KV-BYQ-001,2024-08-28 21:00:00,57.1,59.5
500KV-BYQ-002,2024-08-28 21:00:00,55.6,57.1
500KV-BYQ-003,2024-08-28 21:00:00,47.6,49.3
500KV-BYQ-001,2024-08-28 22:00:00,49.7,51.0
500KV-BYQ-002,2024-08-28 22:00:00,53.9,55.0
500KV-BYQ-003,2024-08-28 22:00:00,61.4,63.8
500KV-BYQ-001,2024-08-28 23:00:00,49.9,51.5
500KV-BYQ-002,2024-08-28 23:00:00,55.5,56.9
500KV-BYQ-003,2024-08-28 23:00:00,55.5,57.3
500KV-BYQ-001,2024-08-29 00:00:00,50.2,52.4
500KV-BYQ-002,2024-08-29 00:00:00,58.9,61.0
500KV-BYQ-003,2024-08-29 00:00:00,53.7,54.9
500KV-BYQ-001,2024-08-29 01:00:00,63.4,65.3
500KV-BYQ-002,2024-08-29 01:00:00,56.8,58.6
500KV-BYQ-003,2024-08-29 01:00:00,45.7,47.3
500KV-BYQ-001,2024-08-29 02:00:00,53.6,56.4
500KV-BYQ-002,2024-08-29 02:00:00,61.3,64.0
500KV-BYQ-003,2024-08-29 02:00:00,57.8,59.7
500KV-BYQ-001,2024-08-29 03:00:00,60.4,62.5
500KV-BYQ-002,2024-08-29 03:00:00,51.2,53.8
500KV-BYQ-003,2024-08-29 03:00:00,62.3,64.2
500KV-BYQ-001,2024-08-29 04:00:00,48.7,51.1
500KV-BYQ-002,2024-08-29 04:00:00,49.3,50.8
500KV-BYQ-003,2024-08-29 04:00:00,49.5,51.6
500KV-BYQ-001,2024-08-29 05:00:00,58.3,59.6
500KV-BYQ-002,2024-08-29 05:00:00,47.2,49.6
500KV-BYQ-003,2024-08-29 05:00:00,47.3,50.2
500KV-BYQ-001,2024-08-29 06:00:00,60.3,62.0
500KV-BYQ-002,2024-08-29 06:00:00,54.4,57.0
500KV-BYQ-003,2024-08-29 06:00:00,59.5,61.4
500KV-BYQ-001,2024-08-29 07:00:00,41.8,43.9
500KV-BYQ-002,2024-08-29 07:00:00,63.3,64.5
500KV-BYQ-003,2024-08-29 07:00:00,62.1,64.0
500KV-BYQ-001,2024-08-29 08:00:00,56.6,58.7
500KV-BYQ-002,2024-08-29 08:00:00,48.8,50.6
500KV-BYQ-003,2024-08-29 08:00:00,49.9,51.8
500KV-BYQ-001,2024-08-29 09:00:00,58.1,59.6
500KV-BYQ-002,2024-08-29 09:00:00,68.2,70.2
500KV-BYQ-003,2024-08-29 09:00:00,46.9,48.0
500KV-BYQ-001,2024-08-29 10:00:00,55.0,56.5
500KV-BYQ-002,2024-08-29 10:00:00,48.2,50.1
500KV-BYQ-003,2024-08-29 10:00:00,67.5,69.9
500KV-BYQ-001,2024-08-29 11:00:00,68.6,70.9
500KV-BYQ-002,2024-08-29 11:00:00,47.3,48.9
500KV-BYQ-003,2024-08-29 11:00:00,65.4,66.6
500KV-BYQ-001,2024-08-29 12:00:00,64.7,67.1
500KV-BYQ-002,2024-08-29 12:00:00,48.6,50.5
500KV-BYQ-003,2024-08-29 12:00:00,55.5,56.6
500KV-BYQ-001,2024-08-29 13:00:00,52.9,55.3
500KV-BYQ-002,2024-08-29 13:00:00,61.2,62.7
500KV-BYQ-003,2024-08-29 13:00:00,56.3,58.7
500KV-BYQ-001,2024-08-29 14:00:00,70.9,73
500KV-BYQ-002,2024-08-29 14:00:00,69.5,70.9
500KV-BYQ-003,2024-08-29 14:00:00,49.8,52.6
500KV-BYQ-001,2024-08-29 15:00:00,51.2,53.6
500KV-BYQ-002,2024-08-29 15:00:00,52.2,53.5
500KV-BYQ-003,2024-08-29 15:00:00,50.5,53.4
500KV-BYQ-001,2024-08-29 16:00:00,49.9,51.6
500KV-BYQ-002,2024-08-29 16:00:00,58.7,60.1
500KV-BYQ-003,2024-08-29 16:00:00,51.8,54.1
500KV-BYQ-001,2024-08-29 17:00:00,55.4,56.4
500KV-BYQ-002,2024-08-29 17:00:00,61.5,63.1
500KV-BYQ-003,2024-08-29 17:00:00,69.8,72.2
500KV-BYQ-001,2024-08-29 18:00:00,49.7,51.4
500KV-BYQ-002,2024-08-29 18:00:00,60.3,62.4
500KV-BYQ-003,2024-08-29 18:00:00,50.0,52.3
500KV-BYQ-001,2024-08-29 19:00:00,61.4,63.2
500KV-BYQ-002,2024-08-29 19:00:00,70.2,71.2
500KV-BYQ-003,2024-08-29 19:00:00,59.7,61.1
500KV-BYQ-001,2024-08-29 20:00:00,65.0,67.9
500KV-BYQ-002,2024-08-29 20:00:00,55.5,57.0
500KV-BYQ-003,2024-08-29 20:00:00,46.0,48.2
500KV-BYQ-001,2024-08-29 21:00:00,47.4,50.3
500KV-BYQ-002,2024-08-29 21:00:00,51.0,52.7
500KV-BYQ-003,2024-08-29 21:00:00,60.0,61.8
500KV-BYQ-001,2024-08-29 22:00:00,56.3,57.5
500KV-BYQ-002,2024-08-29 22:00:00,58.2,59.3
500KV-BYQ-003,2024-08-29 22:00:00,61.4,62.8
500KV-BYQ-001,2024-08-29 23:00:00,57.9,60.7
500KV-BYQ-002,2024-08-29 23:00:00,63.8,65.2
500KV-BYQ-003,2024-08-29 23:00:00,50.5,51.6
500KV-BYQ-001,2025-06-01 00:00:00,64.0,66.7
500KV-BYQ-002,2025-06-01 00:00:00,44.2,45.6
500KV-BYQ-003,2025-06-01 00:00:00,62.6,64.4
500KV-BYQ-001,2025-06-01 01:00:00,53.9,56.3
500KV-BYQ-002,2025-06-01 01:00:00,62.8,65.8
500KV-BYQ-003,2025-06-01 01:00:00,63.3,65.0
500KV-BYQ-001,2025-06-01 02:00:00,62.8,65.0
500KV-BYQ-002,2025-06-01 02:00:00,65.9,68.6
500KV-BYQ-003,2025-06-01 02:00:00,56.0,57.3
500KV-BYQ-001,2025-06-01 03:00:00,48.1,50.1
500KV-BYQ-002,2025-06-01 03:00:00,58.0,60.0
500KV-BYQ-003,2025-06-01 03:00:00,65.2,66.9
500KV-BYQ-001,2025-06-01 04:00:00,67.0,68.7
500KV-BYQ-002,2025-06-01 04:00:00,64.9,67.6
500KV-BYQ-003,2025-06-01 04:00:00,66.4,68.7
500KV-BYQ-001,2025-06-01 05:00:00,43.7,46.2
500KV-BYQ-002,2025-06-01 05:00:00,59.3,61.9
500KV-BYQ-003,2025-06-01 05:00:00,49.2,51.1
500KV-BYQ-001,2025-06-01 06:00:00,54.7,56.2
500KV-BYQ-002,2025-06-01 06:00:00,52.9,55.7
500KV-BYQ-003,2025-06-01 06:00:00,64.9,66.1
500KV-BYQ-001,2025-06-01 07:00:00,44.9,47.4
500KV-BYQ-002,2025-06-01 07:00:00,49.8,52.4
500KV-BYQ-003,2025-06-01 07:00:00,46.5,47.5
500KV-BYQ-001,2025-06-01 08:00:00,46.9,49.3
500KV-BYQ-002,2025-06-01 08:00:00,53.0,55.0
500KV-BYQ-003,2025-06-01 08:00:00,61.2,62.9
500KV-BYQ-001,2025-06-01 09:00:00,58.0,60.1
500KV-BYQ-002,2025-06-01 09:00:00,63.5,65.4
500KV-BYQ-003,2025-06-01 09:00:00,65.9,67.0
500KV-BYQ-001,2025-06-01 10:00:00,63.7,66.4
500KV-BYQ-002,2025-06-01 10:00:00,47.2,48.4
500KV-BYQ-003,2025-06-01 10:00:00,54.3,55.9
500KV-BYQ-001,2025-06-01 11:00:00,55.5,57.6
500KV-BYQ-002,2025-06-01 11:00:00,59.3,61.6
500KV-BYQ-003,2025-06-01 11:00:00,51.7,53.4
500KV-BYQ-001,2025-06-01 12:00:00,47.4,49.9
500KV-BYQ-002,2025-06-01 12:00:00,57.0,58.1
500KV-BYQ-003,2025-06-01 12:00:00,69.9,72.5
500KV-BYQ-001,2025-06-01 13:00:00,53.8,56.4
500KV-BYQ-002,2025-06-01 13:00:00,54.9,57.6
500KV-BYQ-003,2025-06-01 13:00:00,65.5,68.0
500KV-BYQ-001,2025-06-01 14:00:00,67.9,70.8
500KV-BYQ-002,2025-06-01 14:00:00,61.2,62.3
500KV-BYQ-003,2025-06-01 14:00:00,51.9,54.0
500KV-BYQ-001,2025-06-01 15:00:00,51.9,54.8
500KV-BYQ-002,2025-06-01 15:00:00,66.8,68.1
500KV-BYQ-003,2025-06-01 15:00:00,66.5,68.5
500KV-BYQ-001,2025-06-01 16:00:00,56.4,58.8
500KV-BYQ-002,2025-06-01 16:00:00,56.3,58.5
500KV-BYQ-003,2025-06-01 16:00:00,55.9,58.5
500KV-BYQ-001,2025-06-01 17:00:00,63.1,64.4
500KV-BYQ-002,2025-06-01 17:00:00,56.1,57.1
500KV-BYQ-003,2025-06-01 17:00:00,51.0,52.4
500KV-BYQ-001,2025-06-01 18:00:00,58.2,60.3
500KV-BYQ-002,2025-06-01 18:00:00,53.7,55.6
500KV-BYQ-003,2025-06-01 18:00:00,52.1,53.2
500KV-BYQ-001,2025-06-01 19:00:00,59.2,62.2
500KV-BYQ-002,2025-06-01 19:00:00,54.2,56.7
500KV-BYQ-003,2025-06-01 19:00:00,54.0,55.6
500KV-BYQ-001,2025-06-01 20:00:00,67.7,69.5
500KV-BYQ-002,2025-06-01 20:00:00,48.9,50.3
500KV-BYQ-003,2025-06-01 20:00:00,50.3,52.3
500KV-BYQ-001,2025-06-01 21:00:00,68.1,70.9
500KV-BYQ-002,2025-06-01 21:00:00,46.9,48.9
500KV-BYQ-003,2025-06-01 21:00:00,67.5,69.0
500KV-BYQ-001,2025-06-01 22:00:00,51.5,53.4
500KV-BYQ-002,2025-06-01 22:00:00,55.4,57.0
500KV-BYQ-003,2025-06-01 22:00:00,51.0,53.9
500KV-BYQ-001,2025-06-01 23:00:00,63.2,65.6
500KV-BYQ-002,2025-06-01 23:00:00,52.5,54.2
500KV-BYQ-003,2025-06-01 23:00:00,44.2,46.4
500KV-BYQ-001,2025-06-02 00:00:00,59.3,60.9
500KV-BYQ-002,2025-06-02 00:00:00,50.6,53.5
500KV-BYQ-003,2025-06-02 00:00:00,62.0,63.3
500KV-BYQ-001,2025-06-02 01:00:00,64.0,66.7
500KV-BYQ-002,2025-06-02 01:00:00,52.8,55.7
500KV-BYQ-003,2025-06-02 01:00:00,46.7,48.5
500KV-BYQ-001,2025-06-02 02:00:00,64.2,65.4
500KV-BYQ-002,2025-06-02 02:00:00,57.0,59.2
500KV-BYQ-003,2025-06-02 02:00:00,46.9,49.6
500KV-BYQ-001,2025-06-02 03:00:00,61.2,63.2
500KV-BYQ-002,2025-06-02 03:00:00,62.6,63.7
500KV-BYQ-003,2025-06-02 03:00:00,49.3,52.0
500KV-BYQ-001,2025-06-02 04:00:00,54.8,56.9
500KV-BYQ-002,2025-06-02 04:00:00,49.3,51.7
500KV-BYQ-003,2025-06-02 04:00:00,51.1,52.4
500KV-BYQ-001,2025-06-02 05:00:00,53.6,56.1
500KV-BYQ-002,2025-06-02 05:00:00,62.8,63.9
500KV-BYQ-003,2025-06-02 05:00:00,54.4,56.6
500KV-BYQ-001,2025-06-02 06:00:00,52.6,55.5
500KV-BYQ-002,2025-06-02 06:00:00,60.1,61.5
500KV-BYQ-003,2025-06-02 06:00:00,56.3,58.1
500KV-BYQ-001,2025-06-02 07:00:00,51.9,54.6
500KV-BYQ-002,2025-06-02 07:00:00,61.4,63.7
500KV-BYQ-003,2025-06-02 07:00:00,51.7,53.1
500KV-BYQ-001,2025-06-02 08:00:00,52.3,54.2
500KV-BYQ-002,2025-06-02 08:00:00,49.4,52.1
500KV-BYQ-003,2025-06-02 08:00:00,64.1,66.2
500KV-BYQ-001,2025-06-02 09:00:00,60.2,62.2
500KV-BYQ-002,2025-06-02 09:00:00,61.9,64.3
500KV-BYQ-003,2025-06-02 09:00:00,70.3,72.7
500KV-BYQ-001,2025-06-02 10:00:00,68.8,69.9
500KV-BYQ-002,2025-06-02 10:00:00,56.2,58.4
500KV-BYQ-003,2025-06-02 10:00:00,55.7,57.6
500KV-BYQ-001,2025-06-02 11:00:00,60.2,61.5
500KV-BYQ-002,2025-06-02 11:00:00,67.0,69.8
500KV-BYQ-003,2025-06-02 11:00:00,70.4,72.4
500KV-BYQ-001,2025-06-02 12:00:00,50.7,52.2
500KV-BYQ-002,2025-06-02 12:00:00,49.9,51.4
500KV-BYQ-003,2025-06-02 12:00:00,53.4,55.7
500KV-BYQ-001,2025-06-02 13:00:00,65.5,68.4
500KV-BYQ-002,2025-06-02 13:00:00,53.4,55.2
500KV-BYQ-003,2025-06-02 13:00:00,72.0,73
500KV-BYQ-001,2025-06-02 14:00:00,58.0,59.5
500KV-BYQ-002,2025-06-02 14:00:00,54.3,56.8
500KV-BYQ-003,2025-06-02 14:00:00,55.0,57.8
500KV-BYQ-001,2025-06-02 15:00:00,55.5,57.9
500KV-BYQ-002,2025-06-02 15:00:00,57.0,58.6
500KV-BYQ-003,2025-06-02 15:00:00,65.2,67.5
500KV-BYQ-001,2025-06-02 16:00:00,67.0,69.5
500KV-BYQ-002,2025-06-02 16:00:00,65.1,66.4
500KV-BYQ-003,2025-06-02 16:00:00,61.2,63.7
500KV-BYQ-001,2025-06-02 17:00:00,59.7,62.4
500KV-BYQ-002,2025-06-02 17:00:00,63.5,66.0
500KV-BYQ-003,2025-06-02 17:00:00,51.7,52.8
500KV-BYQ-001,2025-06-02 18:00:00,48.1,50.6
500KV-BYQ-002,2025-06-02 18:00:00,62.6,64.2
500KV-BYQ-003,2025-06-02 18:00:00,54.3,56.1
500KV-BYQ-001,2025-06-02 19:00:00,54.3,57.1
500KV-BYQ-002,2025-06-02 19:00:00,67.4,68.5
500KV-BYQ-003,2025-06-02 19:00:00,60.4,61.9
500KV-BYQ-001,2025-06-02 20:00:00,49.8,51.5
500KV-BYQ-002,2025-06-02 20:00:00,62.4,63.8
500KV-BYQ-003,2025-06-02 20:00:00,68.6,70.0
500KV-BYQ-001,2025-06-02 21:00:00,48.7,51.4
500KV-BYQ-002,2025-06-02 21:00:00,53.3,54.9
500KV-BYQ-003,2025-06-02 21:00:00,64.9,66.1
500KV-BYQ-001,2025-06-02 22:00:00,49.4,50.5
500KV-BYQ-002,2025-06-02 22:00:00,51.1,52.8
500KV-BYQ-003,2025-06-02 22:00:00,61.9,63.2
500KV-BYQ-001,2025-06-02 23:00:00,50.6,52.6
500KV-BYQ-002,2025-06-02 23:00:00,57.0,58.9
500KV-BYQ-003,2025-06-02 23:00:00,63.5,65.4
500KV-BYQ-001,2025-06-03 00:00:00,54.0,55.0
500KV-BYQ-002,2025-06-03 00:00:00,49.9,52.5
500KV-BYQ-003,2025-06-03 00:00:00,62.0,63.0
500KV-BYQ-001,2025-06-03 01:00:00,64.5,66.9
500KV-BYQ-002,2025-06-03 01:00:00,57.9,59.4
500KV-BYQ-003,2025-06-03 01:00:00,47.8,49.4
500KV-BYQ-001,2025-06-03 02:00:00,51.6,54.5
500KV-BYQ-002,2025-06-03 02:00:00,49.4,51.9
500KV-BYQ-003,2025-06-03 02:00:00,46.7,49.5
500KV-BYQ-001,2025-06-03 03:00:00,57.8,60.2
500KV-BYQ-002,2025-06-03 03:00:00,51.4,52.7
500KV-BYQ-003,2025-06-03 03:00:00,50.0,51.1
500KV-BYQ-001,2025-06-03 04:00:00,59.7,62.5
500KV-BYQ-002,2025-06-03 04:00:00,62.6,64.6
500KV-BYQ-003,2025-06-03 04:00:00,50.1,52.4
500KV-BYQ-001,2025-06-03 05:00:00,56.5,57.8
500KV-BYQ-002,2025-06-03 05:00:00,44.1,46.1
500KV-BYQ-003,2025-06-03 05:00:00,43.0,44.9
500KV-BYQ-001,2025-06-03 06:00:00,47.8,50.7
500KV-BYQ-002,2025-06-03 06:00:00,65.8,68.0
500KV-BYQ-003,2025-06-03 06:00:00,62.5,63.6
500KV-BYQ-001,2025-06-03 07:00:00,51.0,52.6
500KV-BYQ-002,2025-06-03 07:00:00,49.3,51.6
500KV-BYQ-003,2025-06-03 07:00:00,59.6,60.7
500KV-BYQ-001,2025-06-03 08:00:00,70.9,73
500KV-BYQ-002,2025-06-03 08:00:00,49.1,51.9
500KV-BYQ-003,2025-06-03 08:00:00,53.5,55.9
500KV-BYQ-001,2025-06-03 09:00:00,62.7,64.2
500KV-BYQ-002,2025-06-03 09:00:00,52.7,54.2
500KV-BYQ-003,2025-06-03 09:00:00,63.0,65.7
500KV-BYQ-001,2025-06-03 10:00:00,68.0,70.2
500KV-BYQ-002,2025-06-03 10:00:00,57.4,59.2
500KV-BYQ-003,2025-06-03 10:00:00,69.1,72.0
500KV-BYQ-001,2025-06-03 11:00:00,57.7,60.5
500KV-BYQ-002,2025-06-03 11:00:00,53.5,56.0
500KV-BYQ-003,2025-06-03 11:00:00,48.6,51.3
500KV-BYQ-001,2025-06-03 12:00:00,65.5,66.9
500KV-BYQ-002,2025-06-03 12:00:00,72.1,73
500KV-BYQ-003,2025-06-03 12:00:00,51.0,52.9
500KV-BYQ-001,2025-06-03 13:00:00,62.8,63.9
500KV-BYQ-002,2025-06-03 13:00:00,62.1,63.3
500KV-BYQ-003,2025-06-03 13:00:00,61.0,62.8
500KV-BYQ-001,2025-06-03 14:00:00,54.1,55.6
500KV-BYQ-002,2025-06-03 14:00:00,50.3,52.1
500KV-BYQ-003,2025-06-03 14:00:00,50.4,52.3
500KV-BYQ-001,2025-06-03 15:00:00,69.2,71.5
500KV-BYQ-002,2025-06-03 15:00:00,57.9,60.7
500KV-BYQ-003,2025-06-03 15:00:00,49.8,52.3
500KV-BYQ-001,2025-06-03 16:00:00,67.8,69.3
500KV-BYQ-002,2025-06-03 16:00:00,62.8,64.5
500KV-BYQ-003,2025-06-03 16:00:00,55.1,57.3
500KV-BYQ-001,2025-06-03 17:00:00,64.7,66.5
500KV-BYQ-002,2025-06-03 17:00:00,55.1,56.5
500KV-BYQ-003,2025-06-03 17:00:00,53.8,56.1
500KV-BYQ-001,2025-06-03 18:00:00,57.6,60.3
500KV-BYQ-002,2025-06-03 18:00:00,49.4,50.9
500KV-BYQ-003,2025-06-03 18:00:00,46.6,48.1
500KV-BYQ-001,2025-06-03 19:00:00,44.4,47.4
500KV-BYQ-002,2025-06-03 19:00:00,64.1,65.4
500KV-BYQ-003,2025-06-03 19:00:00,62.9,65.5
500KV-BYQ-001,2025-06-03 20:00:00,63.6,66.3
500KV-BYQ-002,2025-06-03 20:00:00,61.3,63.7
500KV-BYQ-003,2025-06-03 20:00:00,48.7,50.8
500KV-BYQ-001,2025-06-03 21:00:00,57.0,59.4
500KV-BYQ-002,2025-06-03 21:00:00,56.7,59.7
500KV-BYQ-003,2025-06-03 21:00:00,55.0,56.7
500KV-BYQ-001,2025-06-03 22:00:00,48.0,49.2
500KV-BYQ-002,2025-06-03 22:00:00,48.7,51.0
500KV-BYQ-003,2025-06-03 22:00:00,47.1,49.8
500KV-BYQ-001,2025-06-03 23:00:00,63.9,65.3
500KV-BYQ-002,2025-06-03 23:00:00,46.1,48.6
500KV-BYQ-003,2025-06-03 23:00:00,47.9,50.2
500KV-BYQ-001,2025-06-04 00:00:00,48.3,50.5
500KV-BYQ-002,2025-06-04 00:00:00,58.7,60.8
500KV-BYQ-003,2025-06-04 00:00:00,55.4,57.6
500KV-BYQ-001,2025-06-04 01:00:00,51.2,52.2
500KV-BYQ-002,2025-06-04 01:00:00,53.6,55.0
500KV-BYQ-003,2025-06-04 01:00:00,63.1,64.7
500KV-BYQ-001,2025-06-04 02:00:00,64.6,67.4
500KV-BYQ-002,2025-06-04 02:00:00,56.6,58.5
500KV-BYQ-003,2025-06-04 02:00:00,56.2,58.1
500KV-BYQ-001,2025-06-04 03:00:00,63.4,65.5
500KV-BYQ-002,2025-06-04 03:00:00,47.5,50.2
500KV-BYQ-003,2025-06-04 03:00:00,62.9,65.2
500KV-BYQ-001,2025-06-04 04:00:00,52.7,55.6
500KV-BYQ-002,2025-06-04 04:00:00,47.3,49.4
500KV-BYQ-003,2025-06-04 04:00:00,51.4,53.9
500KV-BYQ-001,2025-06-04 05:00:00,54.5,55.8
500KV-BYQ-002,2025-06-04 05:00:00,58.7,60.3
500KV-BYQ-003,2025-06-04 05:00:00,59.9,61.2
500KV-BYQ-001,2025-06-04 06:00:00,51.1,52.2
500KV-BYQ-002,2025-06-04 06:00:00,58.9,61.1
500KV-BYQ-003,2025-06-04 06:00:00,56.2,57.7
500KV-BYQ-001,2025-06-04 07:00:00,48.2,49.4
500KV-BYQ-002,2025-06-04 07:00:00,53.0,54.2
500KV-BYQ-003,2025-06-04 07:00:00,57.2,59.8
500KV-BYQ-001,2025-06-04 08:00:00,62.7,65.3
500KV-BYQ-002,2025-06-04 08:00:00,52.5,54.8
500KV-BYQ-003,2025-06-04 08:00:00,51.4,54.0
500KV-BYQ-001,2025-06-04 09:00:00,58.6,60.6
500KV-BYQ-002,2025-06-04 09:00:00,57.3,60.0
500KV-BYQ-003,2025-06-04 09:00:00,51.4,53.6
500KV-BYQ-001,2025-06-04 10:00:00,68.8,71.8
500KV-BYQ-002,2025-06-04 10:00:00,55.2,57.1
500KV-BYQ-003,2025-06-04 10:00:00,59.1,61.1
500KV-BYQ-001,2025-06-04 11:00:00,55.1,56.8
500KV-BYQ-002,2025-06-04 11:00:00,58.5,59.8
500KV-BYQ-003,2025-06-04 11:00:00,59.0,61.0
500KV-BYQ-001,2025-06-04 12:00:00,62.7,65.0
500KV-BYQ-002,2025-06-04 12:00:00,64.0,65.7
500KV-BYQ-003,2025-06-04 12:00:00,49.6,52.1
500KV-BYQ-001,2025-06-04 13:00:00,57.2,59.2
500KV-BYQ-002,2025-06-04 13:00:00,66.5,67.9
500KV-BYQ-003,2025-06-04 13:00:00,63.4,64.6
500KV-BYQ-001,2025-06-04 14:00:00,64.6,66.6
500KV-BYQ-002,2025-06-04 14:00:00,71.4,73
500KV-BYQ-003,2025-06-04 14:00:00,62.1,64.8
500KV-BYQ-001,2025-06-04 15:00:00,50.0,52.8
500KV-BYQ-002,2025-06-04 15:00:00,48.5,50.7
500KV-BYQ-003,2025-06-04 15:00:00,65.7,68.7
500KV-BYQ-001,2025-06-04 16:00:00,53.9,56.6
500KV-BYQ-002,2025-06-04 16:00:00,61.2,63.6
500KV-BYQ-003,2025-06-04 16:00:00,48.7,51.0
500KV-BYQ-001,2025-06-04 17:00:00,61.0,62.4
500KV-BYQ-002,2025-06-04 17:00:00,69.4,70.6
500KV-BYQ-003,2025-06-04 17:00:00,47.5,49.8
500KV-BYQ-001,2025-06-04 18:00:00,49.6,51.2
500KV-BYQ-002,2025-06-04 18:00:00,61.0,63.9
500KV-BYQ-003,2025-06-04 18:00:00,50.6,52.0
500KV-BYQ-001,2025-06-04 19:00:00,46.3,48.0
500KV-BYQ-002,2025-06-04 19:00:00,61.6,63.2
500KV-BYQ-003,2025-06-04 19:00:00,46.4,49.3
500KV-BYQ-001,2025-06-04 20:00:00,48.6,49.6
500KV-BYQ-002,2025-06-04 20:00:00,50.8,52.2
500KV-BYQ-003,2025-06-04 20:00:00,62.1,63.2
500KV-BYQ-001,2025-06-04 21:00:00,50.3,51.4
500KV-BYQ-002,2025-06-04 21:00:00,53.7,56.1
500KV-BYQ-003,2025-06-04 21:00:00,54.3,55.4
500KV-BYQ-001,2025-06-04 22:00:00,46.4,49.3
500KV-BYQ-002,2025-06-04 22:00:00,65.7,67.4
500KV-BYQ-003,2025-06-04 22:00:00,62.0,64.7
500KV-BYQ-001,2025-06-04 23:00:00,52.3,54.9
500KV-BYQ-002,2025-06-04 23:00:00,67.3,68.7
500KV-BYQ-003,2025-06-04 23:00:00,53.9,55.5
500KV-BYQ-001,2025-06-05 00:00:00,58.9,61.3
500KV-BYQ-002,2025-06-05 00:00:00,58.4,59.6
500KV-BYQ-003,2025-06-05 00:00:00,51.4,53.5
500KV-BYQ-001,2025-06-05 01:00:00,60.3,62.6
500KV-BYQ-002,2025-06-05 01:00:00,58.5,61.3
500KV-BYQ-003,2025-06-05 01:00:00,49.7,51.9
500KV-BYQ-001,2025-06-05 02:00:00,46.7,48.6
500KV-BYQ-002,2025-06-05 02:00:00,52.5,55.0
500KV-BYQ-003,2025-06-05 02:00:00,46.3,48.8
500KV-BYQ-001,2025-06-05 03:00:00,44.3,46.8
500KV-BYQ-002,2025-06-05 03:00:00,45.3,47.9
500KV-BYQ-003,2025-06-05 03:00:00,50.6,51.8
500KV-BYQ-001,2025-06-05 04:00:00,61.6,63.3
500KV-BYQ-002,2025-06-05 04:00:00,50.0,52.3
500KV-BYQ-003,2025-06-05 04:00:00,62.6,64.1
500KV-BYQ-001,2025-06-05 05:00:00,54.7,56.4
500KV-BYQ-002,2025-06-05 05:00:00,65.6,68.1
500KV-BYQ-003,2025-06-05 05:00:00,61.3,62.6
500KV-BYQ-001,2025-06-05 06:00:00,47.4,49.8
500KV-BYQ-002,2025-06-05 06:00:00,49.3,50.7
500KV-BYQ-003,2025-06-05 06:00:00,54.4,56.0
500KV-BYQ-001,2025-06-05 07:00:00,47.9,50.3
500KV-BYQ-002,2025-06-05 07:00:00,48.6,50.5
500KV-BYQ-003,2025-06-05 07:00:00,49.2,51.4
500KV-BYQ-001,2025-06-05 08:00:00,58.0,60.4
500KV-BYQ-002,2025-06-05 08:00:00,68.1,70.6
500KV-BYQ-003,2025-06-05 08:00:00,50.9,52.4
500KV-BYQ-001,2025-06-05 09:00:00,50.6,52.3
500KV-BYQ-002,2025-06-05 09:00:00,45.9,48.8
500KV-BYQ-003,2025-06-05 09:00:00,72.3,73
500KV-BYQ-001,2025-06-05 10:00:00,54.1,55.1
500KV-BYQ-002,2025-06-05 10:00:00,59.3,62.0
500KV-BYQ-003,2025-06-05 10:00:00,54.1,55.5
500KV-BYQ-001,2025-06-05 11:00:00,58.9,60.6
500KV-BYQ-002,2025-06-05 11:00:00,55.8,57.9
500KV-BYQ-003,2025-06-05 11:00:00,52.6,55.1
500KV-BYQ-001,2025-06-05 12:00:00,69.3,70.7
500KV-BYQ-002,2025-06-05 12:00:00,56.3,57.8
500KV-BYQ-003,2025-06-05 12:00:00,72.3,73
500KV-BYQ-001,2025-06-05 13:00:00,68.0,69.5
500KV-BYQ-002,2025-06-05 13:00:00,50.4,53.2
500KV-BYQ-003,2025-06-05 13:00:00,67.9,69.8
500KV-BYQ-001,2025-06-05 14:00:00,61.7,63.2
500KV-BYQ-002,2025-06-05 14:00:00,49.9,51.1
500KV-BYQ-003,2025-06-05 14:00:00,64.7,66.1
500KV-BYQ-001,2025-06-05 15:00:00,57.1,58.4
500KV-BYQ-002,2025-06-05 15:00:00,67.4,68.8
500KV-BYQ-003,2025-06-05 15:00:00,53.2,55.4
500KV-BYQ-001,2025-06-05 16:00:00,51.8,53.7
500KV-BYQ-002,2025-06-05 16:00:00,52.8,55.1
500KV-BYQ-003,2025-06-05 16:00:00,70.3,71.8
500KV-BYQ-001,2025-06-05 17:00:00,66.0,68.0
500KV-BYQ-002,2025-06-05 17:00:00,62.4,64.8
500KV-BYQ-003,2025-06-05 17:00:00,47.4,48.8
500KV-BYQ-001,2025-06-05 18:00:00,57.5,59.5
500KV-BYQ-002,2025-06-05 18:00:00,66.2,68.5
500KV-BYQ-003,2025-06-05 18:00:00,46.8,49.2
500KV-BYQ-001,2025-06-05 19:00:00,54.4,57.3
500KV-BYQ-002,2025-06-05 19:00:00,63.4,65.0
500KV-BYQ-003,2025-06-05 19:00:00,61.7,63.0
500KV-BYQ-001,2025-06-05 20:00:00,61.6,63.2
500KV-BYQ-002,2025-06-05 20:00:00,62.4,63.6
500KV-BYQ-003,2025-06-05 20:00:00,70.0,71.1
500KV-BYQ-001,2025-06-05 21:00:00,48.4,49.5
500KV-BYQ-002,2025-06-05 21:00:00,49.0,50.6
500KV-BYQ-003,2025-06-05 21:00:00,59.8,62.1
500KV-BYQ-001,2025-06-05 22:00:00,59.1,61.4
500KV-BYQ-002,2025-06-05 22:00:00,70.0,71.6
500KV-BYQ-003,2025-06-05 22:00:00,67.7,70.2
500KV-BYQ-001,2025-06-05 23:00:00,49.5,52.0
500KV-BYQ-002,2025-06-05 23:00:00,50.0,51.2
500KV-BYQ-003,2025-06-05 23:00:00,56.5,59.2
500KV-BYQ-001,2025-06-06 00:00:00,59.4,61.3
500KV-BYQ-002,2025-06-06 00:00:00,63.4,66.3
500KV-BYQ-003,2025-06-06 00:00:00,60.8,62.0
500KV-BYQ-001,2025-06-06 01:00:00,58.1,60.4
500KV-BYQ-002,2025-06-06 01:00:00,61.0,64.0
500KV-BYQ-003,2025-06-06 01:00:00,58.7,60.3
500KV-BYQ-001,2025-06-06 02:00:00,58.8,60.6
500KV-BYQ-002,2025-06-06 02:00:00,45.4,46.8
500KV-BYQ-003,2025-06-06 02:00:00,52.9,54.1
500KV-BYQ-001,2025-06-06 03:00:00,55.7,57.6
500KV-BYQ-002,2025-06-06 03:00:00,64.4,66.5
500KV-BYQ-003,2025-06-06 03:00:00,58.7,60.8
500KV-BYQ-001,2025-06-06 04:00:00,55.1,56.7
500KV-BYQ-002,2025-06-06 04:00:00,48.5,51.2
500KV-BYQ-003,2025-06-06 04:00:00,55.1,57.6
500KV-BYQ-001,2025-06-06 05:00:00,43.1,45.6
500KV-BYQ-002,2025-06-06 05:00:00,60.6,63.0
500KV-BYQ-003,2025-06-06 05:00:00,48.3,50.9
500KV-BYQ-001,2025-06-06 06:00:00,45.5,47.2
500KV-BYQ-002,2025-06-06 06:00:00,58.9,61.6
500KV-BYQ-003,2025-06-06 06:00:00,47.4,49.4
500KV-BYQ-001,2025-06-06 07:00:00,53.8,56.8
500KV-BYQ-002,2025-06-06 07:00:00,46.9,49.3
500KV-BYQ-003,2025-06-06 07:00:00,61.0,62.1
500KV-BYQ-001,2025-06-06 08:00:00,62.5,64.6
500KV-BYQ-002,2025-06-06 08:00:00,68.9,70.6
500KV-BYQ-003,2025-06-06 08:00:00,50.2,52.8
500KV-BYQ-001,2025-06-06 09:00:00,48.6,50.0
500KV-BYQ-002,2025-06-06 09:00:00,62.8,64.9
500KV-BYQ-003,2025-06-06 09:00:00,57.3,60.2
500KV-BYQ-001,2025-06-06 10:00:00,65.9,67.4
500KV-BYQ-002,2025-06-06 10:00:00,52.1,54.9
500KV-BYQ-003,2025-06-06 10:00:00,50.3,52.1
500KV-BYQ-001,2025-06-06 11:00:00,55.6,58.1
500KV-BYQ-002,2025-06-06 11:00:00,49.4,50.7
500KV-BYQ-003,2025-06-06 11:00:00,55.6,57.2
500KV-BYQ-001,2025-06-06 12:00:00,63.1,64.1
500KV-BYQ-002,2025-06-06 12:00:00,57.0,59.2
500KV-BYQ-003,2025-06-06 12:00:00,61.4,63.6
500KV-BYQ-001,2025-06-06 13:00:00,68.7,71.5
500KV-BYQ-002,2025-06-06 13:00:00,60.0,62.2
500KV-BYQ-003,2025-06-06 13:00:00,66.6,69.1
500KV-BYQ-001,2025-06-06 14:00:00,55.5,57.4
500KV-BYQ-002,2025-06-06 14:00:00,70.8,73
500KV-BYQ-003,2025-06-06 14:00:00,64.7,66.4
500KV-BYQ-001,2025-06-06 15:00:00,53.5,55.2
500KV-BYQ-002,2025-06-06 15:00:00,48.6,50.1
500KV-BYQ-003,2025-06-06 15:00:00,61.0,63.1
500KV-BYQ-001,2025-06-06 16:00:00,47.4,48.9
500KV-BYQ-002,2025-06-06 16:00:00,67.6,69.0
500KV-BYQ-003,2025-06-06 16:00:00,59.0,61.9
500KV-BYQ-001,2025-06-06 17:00:00,56.0,57.9
500KV-BYQ-002,2025-06-06 17:00:00,55.9,58.2
500KV-BYQ-003,2025-06-06 17:00:00,61.6,62.8
500KV-BYQ-001,2025-06-06 18:00:00,62.1,64.2
500KV-BYQ-002,2025-06-06 18:00:00,66.7,69.5
500KV-BYQ-003,2025-06-06 18:00:00,49.3,51.9
500KV-BYQ-001,2025-06-06 19:00:00,59.7,62.2
500KV-BYQ-002,2025-06-06 19:00:00,60.3,62.7
500KV-BYQ-003,2025-06-06 19:00:00,62.9,65.4
500KV-BYQ-001,2025-06-06 20:00:00,61.9,64.5
500KV-BYQ-002,2025-06-06 20:00:00,67.3,69.4
500KV-BYQ-003,2025-06-06 20:00:00,57.6,60.1
500KV-BYQ-001,2025-06-06 21:00:00,65.1,66.6
500KV-BYQ-002,2025-06-06 21:00:00,49.1,50.5
500KV-BYQ-003,2025-06-06 21:00:00,53.1,54.8
500KV-BYQ-001,2025-06-06 22:00:00,48.6,50.4
500KV-BYQ-002,2025-06-06 22:00:00,55.0,56.0
500KV-BYQ-003,2025-06-06 22:00:00,53.9,55.4
500KV-BYQ-001,2025-06-06 23:00:00,50.6,53.5
500KV-BYQ-002,2025-06-06 23:00:00,62.4,63.4
500KV-BYQ-003,2025-06-06 23:00:00,66.2,67.5
500KV-BYQ-001,2025-06-07 00:00:00,50.1,51.4
500KV-BYQ-002,2025-06-07 00:00:00,57.8,59.7
500KV-BYQ-003,2025-06-07 00:00:00,59.3,60.5
500KV-BYQ-001,2025-06-07 01:00:00,50.4,53.2
500KV-BYQ-002,2025-06-07 01:00:00,61.2,63.2
500KV-BYQ-003,2025-06-07 01:00:00,50.8,52.8
500KV-BYQ-001,2025-06-07 02:00:00,62.3,65.1
500KV-BYQ-002,2025-06-07 02:00:00,43.2,45.4
500KV-BYQ-003,2025-06-07 02:00:00,48.8,50.8
500KV-BYQ-001,2025-06-07 03:00:00,50.0,51.8
500KV-BYQ-002,2025-06-07 03:00:00,49.0,50.6
500KV-BYQ-003,2025-06-07 03:00:00,51.1,53.4
500KV-BYQ-001,2025-06-07 04:00:00,44.7,45.7
500KV-BYQ-002,2025-06-07 04:00:00,59.8,61.3
500KV-BYQ-003,2025-06-07 04:00:00,45.7,47.8
500KV-BYQ-001,2025-06-07 05:00:00,48.8,51.4
500KV-BYQ-002,2025-06-07 05:00:00,55.9,58.4
500KV-BYQ-003,2025-06-07 05:00:00,51.5,52.7
500KV-BYQ-001,2025-06-07 06:00:00,50.3,52.0
500KV-BYQ-002,2025-06-07 06:00:00,57.9,60.5
500KV-BYQ-003,2025-06-07 06:00:00,59.2,60.4
500KV-BYQ-001,2025-06-07 07:00:00,65.9,68.8
500KV-BYQ-002,2025-06-07 07:00:00,48.3,51.2
500KV-BYQ-003,2025-06-07 07:00:00,49.7,52.2
500KV-BYQ-001,2025-06-07 08:00:00,53.1,55.7
500KV-BYQ-002,2025-06-07 08:00:00,52.4,54.2
500KV-BYQ-003,2025-06-07 08:00:00,70.3,72.9
500KV-BYQ-001,2025-06-07 09:00:00,53.3,55.7
500KV-BYQ-002,2025-06-07 09:00:00,57.7,59.2
500KV-BYQ-003,2025-06-07 09:00:00,59.7,61.7
500KV-BYQ-001,2025-06-07 10:00:00,52.8,54.7
500KV-BYQ-002,2025-06-07 10:00:00,53.6,54.8
500KV-BYQ-003,2025-06-07 10:00:00,65.0,67.2
500KV-BYQ-001,2025-06-07 11:00:00,57.0,59.5
500KV-BYQ-002,2025-06-07 11:00:00,69.4,72.2
500KV-BYQ-003,2025-06-07 11:00:00,62.5,65.2
500KV-BYQ-001,2025-06-07 12:00:00,53.7,54.9
500KV-BYQ-002,2025-06-07 12:00:00,49.1,50.3
500KV-BYQ-003,2025-06-07 12:00:00,55.0,56.2
500KV-BYQ-001,2025-06-07 13:00:00,56.7,58.5
500KV-BYQ-002,2025-06-07 13:00:00,69.6,72.1
500KV-BYQ-003,2025-06-07 13:00:00,57.6,60.3
500KV-BYQ-001,2025-06-07 14:00:00,48.3,50.9
500KV-BYQ-002,2025-06-07 14:00:00,57.0,58.0
500KV-BYQ-003,2025-06-07 14:00:00,64.7,67.7
500KV-BYQ-001,2025-06-07 15:00:00,47.5,49.9
500KV-BYQ-002,2025-06-07 15:00:00,63.3,64.5
500KV-BYQ-003,2025-06-07 15:00:00,49.2,51.6
500KV-BYQ-001,2025-06-07 16:00:00,57.9,59.1
500KV-BYQ-002,2025-06-07 16:00:00,66.2,68.3
500KV-BYQ-003,2025-06-07 16:00:00,50.6,52.1
500KV-BYQ-001,2025-06-07 17:00:00,68.9,71.7
500KV-BYQ-002,2025-06-07 17:00:00,71.5,73
500KV-BYQ-003,2025-06-07 17:00:00,54.1,56.8
500KV-BYQ-001,2025-06-07 18:00:00,65.0,67.8
500KV-BYQ-002,2025-06-07 18:00:00,52.9,55.6
500KV-BYQ-003,2025-06-07 18:00:00,61.9,64.7
500KV-BYQ-001,2025-06-07 19:00:00,54.6,57.3
500KV-BYQ-002,2025-06-07 19:00:00,63.8,65.4
500KV-BYQ-003,2025-06-07 19:00:00,54.6,56.3
500KV-BYQ-001,2025-06-07 20:00:00,64.4,65.9
500KV-BYQ-002,2025-06-07 20:00:00,57.3,59.1
500KV-BYQ-003,2025-06-07 20:00:00,69.1,72.1
500KV-BYQ-001,2025-06-07 21:00:00,56.2,57.6
500KV-BYQ-002,2025-06-07 21:00:00,67.4,68.9
500KV-BYQ-003,2025-06-07 21:00:00,53.0,54.7
500KV-BYQ-001,2025-06-07 22:00:00,58.4,60.8
500KV-BYQ-002,2025-06-07 22:00:00,67.2,68.2
500KV-BYQ-003,2025-06-07 22:00:00,59.1,61.6
500KV-BYQ-001,2025-06-07 23:00:00,49.3,51.6
500KV-BYQ-002,2025-06-07 23:00:00,62.1,63.4
500KV-BYQ-003,2025-06-07 23:00:00,52.0,54.8
500KV-BYQ-001,2025-06-08 00:00:00,52.9,54.0
500KV-BYQ-002,2025-06-08 00:00:00,56.4,57.6
500KV-BYQ-003,2025-06-08 00:00:00,47.5,50.1
500KV-BYQ-001,2025-06-08 01:00:00,43.4,46.2
500KV-BYQ-002,2025-06-08 01:00:00,48.5,50.3
500KV-BYQ-003,2025-06-08 01:00:00,59.3,60.8
500KV-BYQ-001,2025-06-08 02:00:00,44.8,46.1
500KV-BYQ-002,2025-06-08 02:00:00,55.4,57.9
500KV-BYQ-003,2025-06-08 02:00:00,46.3,47.8
500KV-BYQ-001,2025-06-08 03:00:00,53.7,56.3
500KV-BYQ-002,2025-06-08 03:00:00,53.8,54.9
500KV-BYQ-003,2025-06-08 03:00:00,52.7,55.1
500KV-BYQ-001,2025-06-08 04:00:00,51.5,53.9
500KV-BYQ-002,2025-06-08 04:00:00,44.0,46.8
500KV-BYQ-003,2025-06-08 04:00:00,42.8,44.9
500KV-BYQ-001,2025-06-08 05:00:00,52.7,53.7
500KV-BYQ-002,2025-06-08 05:00:00,59.6,61.9
500KV-BYQ-003,2025-06-08 05:00:00,49.8,51.3
500KV-BYQ-001,2025-06-08 06:00:00,43.9,45.5
500KV-BYQ-002,2025-06-08 06:00:00,66.8,68.6
500KV-BYQ-003,2025-06-08 06:00:00,42.2,45.0
500KV-BYQ-001,2025-06-08 07:00:00,51.0,52.6
500KV-BYQ-002,2025-06-08 07:00:00,62.7,63.9
500KV-BYQ-003,2025-06-08 07:00:00,52.3,54.3
500KV-BYQ-001,2025-06-08 08:00:00,57.2,58.4
500KV-BYQ-002,2025-06-08 08:00:00,67.0,69.9
500KV-BYQ-003,2025-06-08 08:00:00,67.4,70.2
500KV-BYQ-001,2025-06-08 09:00:00,59.5,62.3
500KV-BYQ-002,2025-06-08 09:00:00,66.4,68.2
500KV-BYQ-003,2025-06-08 09:00:00,62.2,64.0
500KV-BYQ-001,2025-06-08 10:00:00,50.2,51.4
500KV-BYQ-002,2025-06-08 10:00:00,49.7,51.0
500KV-BYQ-003,2025-06-08 10:00:00,51.6,54.5
500KV-BYQ-001,2025-06-08 11:00:00,60.2,62.7
500KV-BYQ-002,2025-06-08 11:00:00,57.3,58.8
500KV-BYQ-003,2025-06-08 11:00:00,50.7,51.7
500KV-BYQ-001,2025-06-08 12:00:00,72.0,73
500KV-BYQ-002,2025-06-08 12:00:00,65.4,67.4
500KV-BYQ-003,2025-06-08 12:00:00,68.3,70.1
500KV-BYQ-001,2025-06-08 13:00:00,62.3,64.4
500KV-BYQ-002,2025-06-08 13:00:00,56.7,58.1
500KV-BYQ-003,2025-06-08 13:00:00,52.9,54.6
500KV-BYQ-001,2025-06-08 14:00:00,56.4,57.6
500KV-BYQ-002,2025-06-08 14:00:00,56.1,58.3
500KV-BYQ-003,2025-06-08 14:00:00,62.1,63.5
500KV-BYQ-001,2025-06-08 15:00:00,50.9,52.6
500KV-BYQ-002,2025-06-08 15:00:00,62.8,65.2
500KV-BYQ-003,2025-06-08 15:00:00,62.8,64.2
500KV-BYQ-001,2025-06-08 16:00:00,48.8,50.6
500KV-BYQ-002,2025-06-08 16:00:00,58.4,59.6
500KV-BYQ-003,2025-06-08 16:00:00,61.9,63.0
500KV-BYQ-001,2025-06-08 17:00:00,66.8,68.8
500KV-BYQ-002,2025-06-08 17:00:00,62.5,65.1
500KV-BYQ-003,2025-06-08 17:00:00,70.6,71.8
500KV-BYQ-001,2025-06-08 18:00:00,48.7,51.6
500KV-BYQ-002,2025-06-08 18:00:00,56.7,59.6
500KV-BYQ-003,2025-06-08 18:00:00,66.1,69.1
500KV-BYQ-001,2025-06-08 19:00:00,49.7,51.6
500KV-BYQ-002,2025-06-08 19:00:00,50.2,52.7
500KV-BYQ-003,2025-06-08 19:00:00,48.7,50.1
500KV-BYQ-001,2025-06-08 20:00:00,45.2,47.3
500KV-BYQ-002,2025-06-08 20:00:00,68.5,70.3
500KV-BYQ-003,2025-06-08 20:00:00,50.1,52.2
500KV-BYQ-001,2025-06-08 21:00:00,57.3,60.0
500KV-BYQ-002,2025-06-08 21:00:00,49.7,51.5
500KV-BYQ-003,2025-06-08 21:00:00,52.9,55.8
500KV-BYQ-001,2025-06-08 22:00:00,56.2,57.6
500KV-BYQ-002,2025-06-08 22:00:00,50.6,53.6
500KV-BYQ-003,2025-06-08 22:00:00,60.6,63.5
500KV-BYQ-001,2025-06-08 23:00:00,49.1,50.7
500KV-BYQ-002,2025-06-08 23:00:00,50.3,51.7
500KV-BYQ-003,2025-06-08 23:00:00,49.8,51.0
500KV-BYQ-001,2025-06-09 00:00:00,62.4,65.1
500KV-BYQ-002,2025-06-09 00:00:00,56.0,58.5
500KV-BYQ-003,2025-06-09 00:00:00,58.6,60.1
500KV-BYQ-001,2025-06-09 01:00:00,49.4,50.5
500KV-BYQ-002,2025-06-09 01:00:00,61.0,62.0
500KV-BYQ-003,2025-06-09 01:00:00,61.5,63.4
500KV-BYQ-001,2025-06-09 02:00:00,62.5,64.8
500KV-BYQ-002,2025-06-09 02:00:00,60.1,63.0
500KV-BYQ-003,2025-06-09 02:00:00,54.2,56.5
500KV-BYQ-001,2025-06-09 03:00:00,65.1,66.6
500KV-BYQ-002,2025-06-09 03:00:00,51.5,53.5
500KV-BYQ-003,2025-06-09 03:00:00,58.4,60.0
500KV-BYQ-001,2025-06-09 04:00:00,45.4,48.3
500KV-BYQ-002,2025-06-09 04:00:00,53.9,54.9
500KV-BYQ-003,2025-06-09 04:00:00,43.1,45.0
500KV-BYQ-001,2025-06-09 05:00:00,61.8,64.0
500KV-BYQ-002,2025-06-09 05:00:00,45.1,46.2
500KV-BYQ-003,2025-06-09 05:00:00,44.8,47.6
500KV-BYQ-001,2025-06-09 06:00:00,46.4,49.0
500KV-BYQ-002,2025-06-09 06:00:00,61.5,64.0
500KV-BYQ-003,2025-06-09 06:00:00,52.8,53.8
500KV-BYQ-001,2025-06-09 07:00:00,52.0,53.2
500KV-BYQ-002,2025-06-09 07:00:00,56.8,59.5
500KV-BYQ-003,2025-06-09 07:00:00,51.6,53.1
500KV-BYQ-001,2025-06-09 08:00:00,50.5,51.8
500KV-BYQ-002,2025-06-09 08:00:00,48.0,49.5
500KV-BYQ-003,2025-06-09 08:00:00,50.0,51.5
500KV-BYQ-001,2025-06-09 09:00:00,51.3,54.2
500KV-BYQ-002,2025-06-09 09:00:00,63.3,65.4
500KV-BYQ-003,2025-06-09 09:00:00,66.5,68.1
500KV-BYQ-001,2025-06-09 10:00:00,47.2,49.8
500KV-BYQ-002,2025-06-09 10:00:00,70.3,71.7
500KV-BYQ-003,2025-06-09 10:00:00,56.7,57.8
500KV-BYQ-001,2025-06-09 11:00:00,52.7,55.6
500KV-BYQ-002,2025-06-09 11:00:00,52.2,53.6
500KV-BYQ-003,2025-06-09 11:00:00,57.5,59.8
500KV-BYQ-001,2025-06-09 12:00:00,51.3,53.7
500KV-BYQ-002,2025-06-09 12:00:00,68.0,69.1
500KV-BYQ-003,2025-06-09 12:00:00,63.1,64.6
500KV-BYQ-001,2025-06-09 13:00:00,58.0,60.4
500KV-BYQ-002,2025-06-09 13:00:00,68.8,70.2
500KV-BYQ-003,2025-06-09 13:00:00,68.3,70.7
500KV-BYQ-001,2025-06-09 14:00:00,47.5,48.6
500KV-BYQ-002,2025-06-09 14:00:00,65.1,66.7
500KV-BYQ-003,2025-06-09 14:00:00,49.8,51.0
500KV-BYQ-001,2025-06-09 15:00:00,46.0,48.6
500KV-BYQ-002,2025-06-09 15:00:00,48.7,51.5
500KV-BYQ-003,2025-06-09 15:00:00,60.6,62.5
500KV-BYQ-001,2025-06-09 16:00:00,50.5,51.7
500KV-BYQ-002,2025-06-09 16:00:00,55.6,57.7
500KV-BYQ-003,2025-06-09 16:00:00,69.5,72.4
500KV-BYQ-001,2025-06-09 17:00:00,63.5,66.3
500KV-BYQ-002,2025-06-09 17:00:00,59.2,61.3
500KV-BYQ-003,2025-06-09 17:00:00,57.6,58.8
500KV-BYQ-001,2025-06-09 18:00:00,56.5,58.1
500KV-BYQ-002,2025-06-09 18:00:00,68.4,70.0
500KV-BYQ-003,2025-06-09 18:00:00,52.2,54.7
500KV-BYQ-001,2025-06-09 19:00:00,69.2,70.3
500KV-BYQ-002,2025-06-09 19:00:00,52.4,55.1
500KV-BYQ-003,2025-06-09 19:00:00,46.2,48.4
500KV-BYQ-001,2025-06-09 20:00:00,68.5,71.0
500KV-BYQ-002,2025-06-09 20:00:00,52.4,55.3
500KV-BYQ-003,2025-06-09 20:00:00,65.8,67.1
500KV-BYQ-001,2025-06-09 21:00:00,58.4,60.2
500KV-BYQ-002,2025-06-09 21:00:00,46.3,48.5
500KV-BYQ-003,2025-06-09 21:00:00,63.4,66.1
500KV-BYQ-001,2025-06-09 22:00:00,67.0,68.8
500KV-BYQ-002,2025-06-09 22:00:00,61.9,64.1
500KV-BYQ-003,2025-06-09 22:00:00,68.2,69.4
500KV-BYQ-001,2025-06-09 23:00:00,48.7,50.7
500KV-BYQ-002,2025-06-09 23:00:00,62.1,64.5
500KV-BYQ-003,2025-06-09 23:00:00,55.4,56.6
500KV-BYQ-001,2025-06-10 00:00:00,55.9,57.0
500KV-BYQ-002,2025-06-10 00:00:00,53.5,56.0
500KV-BYQ-003,2025-06-10 00:00:00,47.6,48.6
500KV-BYQ-001,2025-06-10 01:00:00,59.9,61.1
500KV-BYQ-002,2025-06-10 01:00:00,50.0,51.4
500KV-BYQ-003,2025-06-10 01:00:00,56.6,58.5
500KV-BYQ-001,2025-06-10 02:00:00,49.2,50.2
500KV-BYQ-002,2025-06-10 02:00:00,58.5,61.1
500KV-BYQ-003,2025-06-10 02:00:00,59.5,62.0
500KV-BYQ-001,2025-06-10 03:00:00,49.7,51.1
500KV-BYQ-002,2025-06-10 03:00:00,52.7,54.6
500KV-BYQ-003,2025-06-10 03:00:00,44.2,47.0
500KV-BYQ-001,2025-06-10 04:00:00,45.4,46.6
500KV-BYQ-002,2025-06-10 04:00:00,52.7,54.0
500KV-BYQ-003,2025-06-10 04:00:00,55.6,57.6
500KV-BYQ-001,2025-06-10 05:00:00,47.6,49.0
500KV-BYQ-002,2025-06-10 05:00:00,47.2,50.0
500KV-BYQ-003,2025-06-10 05:00:00,55.8,58.5
500KV-BYQ-001,2025-06-10 06:00:00,58.7,59.8
500KV-BYQ-002,2025-06-10 06:00:00,46.1,48.0
500KV-BYQ-003,2025-06-10 06:00:00,44.2,45.6
500KV-BYQ-001,2025-06-10 07:00:00,57.0,59.9
500KV-BYQ-002,2025-06-10 07:00:00,51.4,53.9
500KV-BYQ-003,2025-06-10 07:00:00,56.8,59.4
500KV-BYQ-001,2025-06-10 08:00:00,68.6,69.9
500KV-BYQ-002,2025-06-10 08:00:00,47.8,50.6
500KV-BYQ-003,2025-06-10 08:00:00,67.8,69.8
500KV-BYQ-001,2025-06-10 09:00:00,65.7,67.4
500KV-BYQ-002,2025-06-10 09:00:00,55.7,57.6
500KV-BYQ-003,2025-06-10 09:00:00,63.2,64.5
500KV-BYQ-001,2025-06-10 10:00:00,56.4,59.4
500KV-BYQ-002,2025-06-10 10:00:00,61.5,64.3
500KV-BYQ-003,2025-06-10 10:00:00,67.7,70.3
500KV-BYQ-001,2025-06-10 11:00:00,53.2,55.1
500KV-BYQ-002,2025-06-10 11:00:00,64.0,66.5
500KV-BYQ-003,2025-06-10 11:00:00,70.5,73.0
500KV-BYQ-001,2025-06-10 12:00:00,67.1,69.6
500KV-BYQ-002,2025-06-10 12:00:00,56.9,59.4
500KV-BYQ-003,2025-06-10 12:00:00,52.5,54.5
500KV-BYQ-001,2025-06-10 13:00:00,50.4,52.9
500KV-BYQ-002,2025-06-10 13:00:00,64.7,66.0
500KV-BYQ-003,2025-06-10 13:00:00,66.7,68.7
500KV-BYQ-001,2025-06-10 14:00:00,51.6,53.5
500KV-BYQ-002,2025-06-10 14:00:00,63.7,66.0
500KV-BYQ-003,2025-06-10 14:00:00,50.2,53.0
500KV-BYQ-001,2025-06-10 15:00:00,66.9,68.4
500KV-BYQ-002,2025-06-10 15:00:00,67.3,68.8
500KV-BYQ-003,2025-06-10 15:00:00,67.1,68.3
500KV-BYQ-001,2025-06-10 16:00:00,47.2,48.4
500KV-BYQ-002,2025-06-10 16:00:00,63.0,64.9
500KV-BYQ-003,2025-06-10 16:00:00,49.9,51.8
500KV-BYQ-001,2025-06-10 17:00:00,48.3,49.5
500KV-BYQ-002,2025-06-10 17:00:00,68.3,70.6
500KV-BYQ-003,2025-06-10 17:00:00,60.9,62.1
500KV-BYQ-001,2025-06-10 18:00:00,65.1,67.8
500KV-BYQ-002,2025-06-10 18:00:00,65.7,67.5
500KV-BYQ-003,2025-06-10 18:00:00,63.3,64.6
500KV-BYQ-001,2025-06-10 19:00:00,61.3,63.7
500KV-BYQ-002,2025-06-10 19:00:00,62.9,65.0
500KV-BYQ-003,2025-06-10 19:00:00,68.2,69.6
500KV-BYQ-001,2025-06-10 20:00:00,68.0,69.7
500KV-BYQ-002,2025-06-10 20:00:00,47.1,49.1
500KV-BYQ-003,2025-06-10 20:00:00,47.6,50.6
500KV-BYQ-001,2025-06-10 21:00:00,60.9,62.7
500KV-BYQ-002,2025-06-10 21:00:00,50.2,52.6
500KV-BYQ-003,2025-06-10 21:00:00,55.2,57.6
500KV-BYQ-001,2025-06-10 22:00:00,59.6,61.9
500KV-BYQ-002,2025-06-10 22:00:00,55.1,56.2
500KV-BYQ-003,2025-06-10 22:00:00,58.1,59.6
500KV-BYQ-001,2025-06-10 23:00:00,65.2,67.4
500KV-BYQ-002,2025-06-10 23:00:00,57.8,60.4
500KV-BYQ-003,2025-06-10 23:00:00,47.4,49.9
500KV-BYQ-001,2025-06-11 00:00:00,42.3,43.5
500KV-BYQ-002,2025-06-11 00:00:00,52.6,54.2
500KV-BYQ-003,2025-06-11 00:00:00,43.5,45.6
500KV-BYQ-001,2025-06-11 01:00:00,62.3,64.9
500KV-BYQ-002,2025-06-11 01:00:00,57.9,59.6
500KV-BYQ-003,2025-06-11 01:00:00,66.6,69.1
500KV-BYQ-001,2025-06-11 02:00:00,49.6,51.9
500KV-BYQ-002,2025-06-11 02:00:00,44.1,46.6
500KV-BYQ-003,2025-06-11 02:00:00,63.4,65.6
500KV-BYQ-001,2025-06-11 03:00:00,57.3,60.3
500KV-BYQ-002,2025-06-11 03:00:00,63.4,66.4
500KV-BYQ-003,2025-06-11 03:00:00,63.2,65.4
500KV-BYQ-001,2025-06-11 04:00:00,47.0,48.4
500KV-BYQ-002,2025-06-11 04:00:00,44.7,47.6
500KV-BYQ-003,2025-06-11 04:00:00,61.4,62.8
500KV-BYQ-001,2025-06-11 05:00:00,64.1,66.3
500KV-BYQ-002,2025-06-11 05:00:00,59.2,61.4
500KV-BYQ-003,2025-06-11 05:00:00,49.2,51.7
500KV-BYQ-001,2025-06-11 06:00:00,48.5,51.4
500KV-BYQ-002,2025-06-11 06:00:00,60.3,61.9
500KV-BYQ-003,2025-06-11 06:00:00,49.8,52.1
500KV-BYQ-001,2025-06-11 07:00:00,62.2,63.4
500KV-BYQ-002,2025-06-11 07:00:00,60.3,62.7
500KV-BYQ-003,2025-06-11 07:00:00,47.9,49.5
500KV-BYQ-001,2025-06-11 08:00:00,68.6,70.4
500KV-BYQ-002,2025-06-11 08:00:00,57.1,58.6
500KV-BYQ-003,2025-06-11 08:00:00,56.9,58.7
500KV-BYQ-001,2025-06-11 09:00:00,72.5,73
500KV-BYQ-002,2025-06-11 09:00:00,59.6,62.1
500KV-BYQ-003,2025-06-11 09:00:00,59.3,61.1
500KV-BYQ-001,2025-06-11 10:00:00,68.0,70.9
500KV-BYQ-002,2025-06-11 10:00:00,56.5,58.6
500KV-BYQ-003,2025-06-11 10:00:00,57.3,58.5
500KV-BYQ-001,2025-06-11 11:00:00,50.3,51.9
500KV-BYQ-002,2025-06-11 11:00:00,66.6,68.6
500KV-BYQ-003,2025-06-11 11:00:00,66.9,69.7
500KV-BYQ-001,2025-06-11 12:00:00,54.6,56.0
500KV-BYQ-002,2025-06-11 12:00:00,49.5,52.3
500KV-BYQ-003,2025-06-11 12:00:00,50.1,52.6
500KV-BYQ-001,2025-06-11 13:00:00,51.7,53.1
500KV-BYQ-002,2025-06-11 13:00:00,56.0,59.0
500KV-BYQ-003,2025-06-11 13:00:00,67.8,69.3
500KV-BYQ-001,2025-06-11 14:00:00,53.3,55.8
500KV-BYQ-002,2025-06-11 14:00:00,47.6,50.6
500KV-BYQ-003,2025-06-11 14:00:00,63.3,65.6
500KV-BYQ-001,2025-06-11 15:00:00,65.2,67.1
500KV-BYQ-002,2025-06-11 15:00:00,55.3,56.7
500KV-BYQ-003,2025-06-11 15:00:00,46.9,47.9
500KV-BYQ-001,2025-06-11 16:00:00,51.6,53.7
500KV-BYQ-002,2025-06-11 16:00:00,64.2,65.2
500KV-BYQ-003,2025-06-11 16:00:00,64.3,66.5
500KV-BYQ-001,2025-06-11 17:00:00,50.1,53.0
500KV-BYQ-002,2025-06-11 17:00:00,56.2,57.7
500KV-BYQ-003,2025-06-11 17:00:00,53.5,56.2
500KV-BYQ-001,2025-06-11 18:00:00,52.4,54.6
500KV-BYQ-002,2025-06-11 18:00:00,56.0,57.2
500KV-BYQ-003,2025-06-11 18:00:00,55.3,57.5
500KV-BYQ-001,2025-06-11 19:00:00,60.9,63.3
500KV-BYQ-002,2025-06-11 19:00:00,68.5,70.0
500KV-BYQ-003,2025-06-11 19:00:00,65.7,68.1
500KV-BYQ-001,2025-06-11 20:00:00,57.2,60.0
500KV-BYQ-002,2025-06-11 20:00:00,68.5,71.0
500KV-BYQ-003,2025-06-11 20:00:00,47.5,48.8
500KV-BYQ-001,2025-06-11 21:00:00,47.2,49.4
500KV-BYQ-002,2025-06-11 21:00:00,45.8,48.0
500KV-BYQ-003,2025-06-11 21:00:00,50.5,52.9
500KV-BYQ-001,2025-06-11 22:00:00,45.1,47.4
500KV-BYQ-002,2025-06-11 22:00:00,48.8,50.6
500KV-BYQ-003,2025-06-11 22:00:00,61.6,64.2
500KV-BYQ-001,2025-06-11 23:00:00,61.6,63.2
500KV-BYQ-002,2025-06-11 23:00:00,58.7,60.9
500KV-BYQ-003,2025-06-11 23:00:00,46.4,47.6
500KV-BYQ-001,2025-06-12 00:00:00,53.6,54.7
500KV-BYQ-002,2025-06-12 00:00:00,65.6,67.6
500KV-BYQ-003,2025-06-12 00:00:00,55.9,58.3
500KV-BYQ-001,2025-06-12 01:00:00,63.4,65.2
500KV-BYQ-002,2025-06-12 01:00:00,54.0,55.5
500KV-BYQ-003,2025-06-12 01:00:00,49.4,51.9
500KV-BYQ-001,2025-06-12 02:00:00,56.8,57.9
500KV-BYQ-002,2025-06-12 02:00:00,55.5,58.0
500KV-BYQ-003,2025-06-12 02:00:00,43.7,45.0
500KV-BYQ-001,2025-06-12 03:00:00,52.7,54.1
500KV-BYQ-002,2025-06-12 03:00:00,64.5,67.4
500KV-BYQ-003,2025-06-12 03:00:00,56.6,58.3
500KV-BYQ-001,2025-06-12 04:00:00,42.2,44.1
500KV-BYQ-002,2025-06-12 04:00:00,43.8,46.3
500KV-BYQ-003,2025-06-12 04:00:00,50.1,51.8
500KV-BYQ-001,2025-06-12 05:00:00,63.6,65.8
500KV-BYQ-002,2025-06-12 05:00:00,60.2,62.7
500KV-BYQ-003,2025-06-12 05:00:00,61.3,63.4
500KV-BYQ-001,2025-06-12 06:00:00,63.3,65.4
500KV-BYQ-002,2025-06-12 06:00:00,43.7,45.0
500KV-BYQ-003,2025-06-12 06:00:00,48.2,49.7
500KV-BYQ-001,2025-06-12 07:00:00,60.2,61.9
500KV-BYQ-002,2025-06-12 07:00:00,51.9,54.2
500KV-BYQ-003,2025-06-12 07:00:00,61.9,64.0
500KV-BYQ-001,2025-06-12 08:00:00,69.1,71.5
500KV-BYQ-002,2025-06-12 08:00:00,52.2,54.8
500KV-BYQ-003,2025-06-12 08:00:00,62.5,64.0
500KV-BYQ-001,2025-06-12 09:00:00,71.1,73
500KV-BYQ-002,2025-06-12 09:00:00,63.4,66.3
500KV-BYQ-003,2025-06-12 09:00:00,64.5,66.6
500KV-BYQ-001,2025-06-12 10:00:00,59.3,61.9
500KV-BYQ-002,2025-06-12 10:00:00,71.6,73.0
500KV-BYQ-003,2025-06-12 10:00:00,62.0,63.4
500KV-BYQ-001,2025-06-12 11:00:00,67.5,68.7
500KV-BYQ-002,2025-06-12 11:00:00,47.9,49.2
500KV-BYQ-003,2025-06-12 11:00:00,66.6,68.0
500KV-BYQ-001,2025-06-12 12:00:00,70.0,72.4
500KV-BYQ-002,2025-06-12 12:00:00,53.6,56.5
500KV-BYQ-003,2025-06-12 12:00:00,68.3,71.1
500KV-BYQ-001,2025-06-12 13:00:00,69.2,70.9
500KV-BYQ-002,2025-06-12 13:00:00,65.8,67.0
500KV-BYQ-003,2025-06-12 13:00:00,56.2,58.4
500KV-BYQ-001,2025-06-12 14:00:00,66.3,67.6
500KV-BYQ-002,2025-06-12 14:00:00,52.4,53.6
500KV-BYQ-003,2025-06-12 14:00:00,69.7,71.9
500KV-BYQ-001,2025-06-12 15:00:00,70.0,71.1
500KV-BYQ-002,2025-06-12 15:00:00,51.1,52.7
500KV-BYQ-003,2025-06-12 15:00:00,66.8,69.1
500KV-BYQ-001,2025-06-12 16:00:00,70.1,71.3
500KV-BYQ-002,2025-06-12 16:00:00,68.3,69.5
500KV-BYQ-003,2025-06-12 16:00:00,50.3,52.6
500KV-BYQ-001,2025-06-12 17:00:00,57.7,59.2
500KV-BYQ-002,2025-06-12 17:00:00,68.5,69.9
500KV-BYQ-003,2025-06-12 17:00:00,60.3,62.1
500KV-BYQ-001,2025-06-12 18:00:00,67.2,69.5
500KV-BYQ-002,2025-06-12 18:00:00,59.3,60.8
500KV-BYQ-003,2025-06-12 18:00:00,66.2,69.0
500KV-BYQ-001,2025-06-12 19:00:00,47.1,49.4
500KV-BYQ-002,2025-06-12 19:00:00,57.8,60.3
500KV-BYQ-003,2025-06-12 19:00:00,64.7,67.0
500KV-BYQ-001,2025-06-12 20:00:00,47.7,49.9
500KV-BYQ-002,2025-06-12 20:00:00,58.0,60.2
500KV-BYQ-003,2025-06-12 20:00:00,64.3,66.3
500KV-BYQ-001,2025-06-12 21:00:00,62.3,65.1
500KV-BYQ-002,2025-06-12 21:00:00,70.3,72.7
500KV-BYQ-003,2025-06-12 21:00:00,46.6,49.1
500KV-BYQ-001,2025-06-12 22:00:00,52.3,53.4
500KV-BYQ-002,2025-06-12 22:00:00,70.4,73
500KV-BYQ-003,2025-06-12 22:00:00,63.2,65.8
500KV-BYQ-001,2025-06-12 23:00:00,59.8,61.4
500KV-BYQ-002,2025-06-12 23:00:00,57.7,60.0
500KV-BYQ-003,2025-06-12 23:00:00,51.2,53.9
500KV-BYQ-001,2025-06-13 00:00:00,51.5,54.2
500KV-BYQ-002,2025-06-13 00:00:00,63.3,65.0
500KV-BYQ-003,2025-06-13 00:00:00,66.3,68.3
500KV-BYQ-001,2025-06-13 01:00:00,46.8,48.3
500KV-BYQ-002,2025-06-13 01:00:00,52.4,55.3
500KV-BYQ-003,2025-06-13 01:00:00,58.7,60.5
500KV-BYQ-001,2025-06-13 02:00:00,48.5,50.9
500KV-BYQ-002,2025-06-13 02:00:00,59.0,60.5
500KV-BYQ-003,2025-06-13 02:00:00,62.8,64.4
500KV-BYQ-001,2025-06-13 03:00:00,57.3,59.5
500KV-BYQ-002,2025-06-13 03:00:00,46.0,47.3
500KV-BYQ-003,2025-06-13 03:00:00,54.9,56.2
500KV-BYQ-001,2025-06-13 04:00:00,56.5,58.7
500KV-BYQ-002,2025-06-13 04:00:00,46.1,48.7
500KV-BYQ-003,2025-06-13 04:00:00,49.3,50.6
500KV-BYQ-001,2025-06-13 05:00:00,60.4,62.7
500KV-BYQ-002,2025-06-13 05:00:00,57.6,60.1
500KV-BYQ-003,2025-06-13 05:00:00,62.9,64.7
500KV-BYQ-001,2025-06-13 06:00:00,47.6,49.7
500KV-BYQ-002,2025-06-13 06:00:00,45.2,46.3
500KV-BYQ-003,2025-06-13 06:00:00,58.9,59.9
500KV-BYQ-001,2025-06-13 07:00:00,63.1,65.4
500KV-BYQ-002,2025-06-13 07:00:00,49.2,51.7
500KV-BYQ-003,2025-06-13 07:00:00,59.9,62.1
500KV-BYQ-001,2025-06-13 08:00:00,55.7,58.6
500KV-BYQ-002,2025-06-13 08:00:00,65.9,68.3
500KV-BYQ-003,2025-06-13 08:00:00,49.6,50.8
500KV-BYQ-001,2025-06-13 09:00:00,63.8,66.5
500KV-BYQ-002,2025-06-13 09:00:00,67.8,70.3
500KV-BYQ-003,2025-06-13 09:00:00,50.0,52.6
500KV-BYQ-001,2025-06-13 10:00:00,47.7,49.0
500KV-BYQ-002,2025-06-13 10:00:00,49.9,50.9
500KV-BYQ-003,2025-06-13 10:00:00,50.0,51.2
500KV-BYQ-001,2025-06-13 11:00:00,58.5,59.5
500KV-BYQ-002,2025-06-13 11:00:00,46.4,47.8
500KV-BYQ-003,2025-06-13 11:00:00,55.5,58.4
500KV-BYQ-001,2025-06-13 12:00:00,72.2,73
500KV-BYQ-002,2025-06-13 12:00:00,60.5,62.0
500KV-BYQ-003,2025-06-13 12:00:00,50.0,52.2
500KV-BYQ-001,2025-06-13 13:00:00,48.1,49.2
500KV-BYQ-002,2025-06-13 13:00:00,50.1,53.0
500KV-BYQ-003,2025-06-13 13:00:00,64.4,66.9
500KV-BYQ-001,2025-06-13 14:00:00,60.1,62.1
500KV-BYQ-002,2025-06-13 14:00:00,62.0,63.8
500KV-BYQ-003,2025-06-13 14:00:00,61.1,62.3
500KV-BYQ-001,2025-06-13 15:00:00,59.2,61.1
500KV-BYQ-002,2025-06-13 15:00:00,62.2,64.6
500KV-BYQ-003,2025-06-13 15:00:00,60.6,63.0
500KV-BYQ-001,2025-06-13 16:00:00,53.7,56.1
500KV-BYQ-002,2025-06-13 16:00:00,48.2,49.2
500KV-BYQ-003,2025-06-13 16:00:00,70.7,72.6
500KV-BYQ-001,2025-06-13 17:00:00,53.8,55.7
500KV-BYQ-002,2025-06-13 17:00:00,65.8,66.9
500KV-BYQ-003,2025-06-13 17:00:00,68.7,70.1
500KV-BYQ-001,2025-06-13 18:00:00,47.7,50.2
500KV-BYQ-002,2025-06-13 18:00:00,50.4,51.7
500KV-BYQ-003,2025-06-13 18:00:00,70.2,72.6
500KV-BYQ-001,2025-06-13 19:00:00,46.3,48.9
500KV-BYQ-002,2025-06-13 19:00:00,61.1,62.9
500KV-BYQ-003,2025-06-13 19:00:00,50.7,52.0
500KV-BYQ-001,2025-06-13 20:00:00,58.8,61.4
500KV-BYQ-002,2025-06-13 20:00:00,48.6,50.3
500KV-BYQ-003,2025-06-13 20:00:00,62.2,65.2
500KV-BYQ-001,2025-06-13 21:00:00,49.4,50.9
500KV-BYQ-002,2025-06-13 21:00:00,49.0,51.1
500KV-BYQ-003,2025-06-13 21:00:00,64.4,65.9
500KV-BYQ-001,2025-06-13 22:00:00,50.5,52.5
500KV-BYQ-002,2025-06-13 22:00:00,52.9,54.5
500KV-BYQ-003,2025-06-13 22:00:00,64.8,66.7
500KV-BYQ-001,2025-06-13 23:00:00,44.4,45.9
500KV-BYQ-002,2025-06-13 23:00:00,63.5,64.9
500KV-BYQ-003,2025-06-13 23:00:00,57.0,59.8
500KV-BYQ-001,2025-06-14 00:00:00,43.5,44.8
500KV-BYQ-002,2025-06-14 00:00:00,46.6,47.7
500KV-BYQ-003,2025-06-14 00:00:00,56.9,59.5
500KV-BYQ-001,2025-06-14 01:00:00,48.9,50.8
500KV-BYQ-002,2025-06-14 01:00:00,49.5,51.8
500KV-BYQ-003,2025-06-14 01:00:00,45.0,47.1
500KV-BYQ-001,2025-06-14 02:00:00,51.6,54.5
500KV-BYQ-002,2025-06-14 02:00:00,58.8,61.0
500KV-BYQ-003,2025-06-14 02:00:00,58.0,59.7
500KV-BYQ-001,2025-06-14 03:00:00,48.9,50.3
500KV-BYQ-002,2025-06-14 03:00:00,45.4,48.0
500KV-BYQ-003,2025-06-14 03:00:00,49.7,51.4
500KV-BYQ-001,2025-06-14 04:00:00,52.4,55.1
500KV-BYQ-002,2025-06-14 04:00:00,55.0,57.2
500KV-BYQ-003,2025-06-14 04:00:00,59.9,62.3
500KV-BYQ-001,2025-06-14 05:00:00,50.3,51.6
500KV-BYQ-002,2025-06-14 05:00:00,60.9,63.0
500KV-BYQ-003,2025-06-14 05:00:00,61.2,62.9
500KV-BYQ-001,2025-06-14 06:00:00,64.8,66.5
500KV-BYQ-002,2025-06-14 06:00:00,65.0,66.3
500KV-BYQ-003,2025-06-14 06:00:00,50.7,53.4
500KV-BYQ-001,2025-06-14 07:00:00,57.0,59.9
500KV-BYQ-002,2025-06-14 07:00:00,57.0,59.6
500KV-BYQ-003,2025-06-14 07:00:00,49.2,51.3
500KV-BYQ-001,2025-06-14 08:00:00,53.4,56.3
500KV-BYQ-002,2025-06-14 08:00:00,60.7,63.6
500KV-BYQ-003,2025-06-14 08:00:00,61.1,62.4
500KV-BYQ-001,2025-06-14 09:00:00,60.0,61.4
500KV-BYQ-002,2025-06-14 09:00:00,57.8,59.1
500KV-BYQ-003,2025-06-14 09:00:00,65.0,67.3
500KV-BYQ-001,2025-06-14 10:00:00,70.4,73.0
500KV-BYQ-002,2025-06-14 10:00:00,51.9,53.6
500KV-BYQ-003,2025-06-14 10:00:00,51.7,54.4
500KV-BYQ-001,2025-06-14 11:00:00,68.5,69.6
500KV-BYQ-002,2025-06-14 11:00:00,64.1,66.0
500KV-BYQ-003,2025-06-14 11:00:00,70.5,72.7
500KV-BYQ-001,2025-06-14 12:00:00,51.3,52.8
500KV-BYQ-002,2025-06-14 12:00:00,57.8,59.4
500KV-BYQ-003,2025-06-14 12:00:00,61.6,62.7
500KV-BYQ-001,2025-06-14 13:00:00,68.6,71.0
500KV-BYQ-002,2025-06-14 13:00:00,68.7,70.1
500KV-BYQ-003,2025-06-14 13:00:00,64.2,65.7
500KV-BYQ-001,2025-06-14 14:00:00,53.7,55.8
500KV-BYQ-002,2025-06-14 14:00:00,57.3,60.0
500KV-BYQ-003,2025-06-14 14:00:00,71.8,73
500KV-BYQ-001,2025-06-14 15:00:00,69.4,72.2
500KV-BYQ-002,2025-06-14 15:00:00,67.9,69.9
500KV-BYQ-003,2025-06-14 15:00:00,51.3,53.9
500KV-BYQ-001,2025-06-14 16:00:00,47.6,49.2
500KV-BYQ-002,2025-06-14 16:00:00,54.0,55.3
500KV-BYQ-003,2025-06-14 16:00:00,47.9,50.7
500KV-BYQ-001,2025-06-14 17:00:00,60.1,61.8
500KV-BYQ-002,2025-06-14 17:00:00,66.8,68.4
500KV-BYQ-003,2025-06-14 17:00:00,65.5,66.9
500KV-BYQ-001,2025-06-14 18:00:00,64.3,65.4
500KV-BYQ-002,2025-06-14 18:00:00,48.9,50.2
500KV-BYQ-003,2025-06-14 18:00:00,51.3,53.6
500KV-BYQ-001,2025-06-14 19:00:00,59.9,62.0
500KV-BYQ-002,2025-06-14 19:00:00,51.0,53.0
500KV-BYQ-003,2025-06-14 19:00:00,59.9,61.4
500KV-BYQ-001,2025-06-14 20:00:00,66.9,69.1
500KV-BYQ-002,2025-06-14 20:00:00,45.1,46.5
500KV-BYQ-003,2025-06-14 20:00:00,49.4,52.4
500KV-BYQ-001,2025-06-14 21:00:00,53.5,55.1
500KV-BYQ-002,2025-06-14 21:00:00,69.0,70.3
500KV-BYQ-003,2025-06-14 21:00:00,50.4,51.9
500KV-BYQ-001,2025-06-14 22:00:00,47.6,50.2
500KV-BYQ-002,2025-06-14 22:00:00,60.5,61.8
500KV-BYQ-003,2025-06-14 22:00:00,62.7,64.3
500KV-BYQ-001,2025-06-14 23:00:00,59.5,61.3
500KV-BYQ-002,2025-06-14 23:00:00,49.0,51.6
500KV-BYQ-003,2025-06-14 23:00:00,57.8,60.5
500KV-BYQ-001,2025-06-15 00:00:00,65.7,67.7
500KV-BYQ-002,2025-06-15 00:00:00,57.7,58.7
500KV-BYQ-003,2025-06-15 00:00:00,53.3,54.9
500KV-BYQ-001,2025-06-15 01:00:00,62.5,64.9
500KV-BYQ-002,2025-06-15 01:00:00,45.8,46.9
500KV-BYQ-003,2025-06-15 01:00:00,44.0,46.0
500KV-BYQ-001,2025-06-15 02:00:00,44.2,47.2
500KV-BYQ-002,2025-06-15 02:00:00,49.6,52.6
500KV-BYQ-003,2025-06-15 02:00:00,59.9,61.0
500KV-BYQ-001,2025-06-15 03:00:00,59.8,62.6
500KV-BYQ-002,2025-06-15 03:00:00,51.3,52.5
500KV-BYQ-003,2025-06-15 03:00:00,52.9,54.2
500KV-BYQ-001,2025-06-15 04:00:00,53.0,55.5
500KV-BYQ-002,2025-06-15 04:00:00,54.2,55.6
500KV-BYQ-003,2025-06-15 04:00:00,50.7,53.5
500KV-BYQ-001,2025-06-15 05:00:00,46.2,47.3
500KV-BYQ-002,2025-06-15 05:00:00,56.8,58.2
500KV-BYQ-003,2025-06-15 05:00:00,64.4,66.5
500KV-BYQ-001,2025-06-15 06:00:00,59.4,61.0
500KV-BYQ-002,2025-06-15 06:00:00,59.0,60.2
500KV-BYQ-003,2025-06-15 06:00:00,64.8,66.9
500KV-BYQ-001,2025-06-15 07:00:00,58.9,60.3
500KV-BYQ-002,2025-06-15 07:00:00,54.9,57.2
500KV-BYQ-003,2025-06-15 07:00:00,62.9,64.9
500KV-BYQ-001,2025-06-15 08:00:00,65.7,67.6
500KV-BYQ-002,2025-06-15 08:00:00,58.0,60.6
500KV-BYQ-003,2025-06-15 08:00:00,45.9,48.8
500KV-BYQ-001,2025-06-15 09:00:00,57.4,59.8
500KV-BYQ-002,2025-06-15 09:00:00,57.8,58.9
500KV-BYQ-003,2025-06-15 09:00:00,48.6,51.3
500KV-BYQ-001,2025-06-15 10:00:00,63.4,64.8
500KV-BYQ-002,2025-06-15 10:00:00,69.1,71.5
500KV-BYQ-003,2025-06-15 10:00:00,69.1,71.5
500KV-BYQ-001,2025-06-15 11:00:00,55.5,58.4
500KV-BYQ-002,2025-06-15 11:00:00,61.5,64.4
500KV-BYQ-003,2025-06-15 11:00:00,49.7,51.7
500KV-BYQ-001,2025-06-15 12:00:00,51.6,53.5
500KV-BYQ-002,2025-06-15 12:00:00,50.3,53.2
500KV-BYQ-003,2025-06-15 12:00:00,51.6,54.1
500KV-BYQ-001,2025-06-15 13:00:00,72.3,73
500KV-BYQ-002,2025-06-15 13:00:00,65.1,66.4
500KV-BYQ-003,2025-06-15 13:00:00,64.0,66.9
500KV-BYQ-001,2025-06-15 14:00:00,69.0,71.5
500KV-BYQ-002,2025-06-15 14:00:00,53.1,55.2
500KV-BYQ-003,2025-06-15 14:00:00,66.6,69.3
500KV-BYQ-001,2025-06-15 15:00:00,56.3,58.3
500KV-BYQ-002,2025-06-15 15:00:00,52.5,55.3
500KV-BYQ-003,2025-06-15 15:00:00,58.1,60.9
500KV-BYQ-001,2025-06-15 16:00:00,61.5,62.5
500KV-BYQ-002,2025-06-15 16:00:00,66.1,68.4
500KV-BYQ-003,2025-06-15 16:00:00,55.5,56.6
500KV-BYQ-001,2025-06-15 17:00:00,59.3,60.8
500KV-BYQ-002,2025-06-15 17:00:00,60.2,61.6
500KV-BYQ-003,2025-06-15 17:00:00,50.7,52.5
500KV-BYQ-001,2025-06-15 18:00:00,52.7,54.7
500KV-BYQ-002,2025-06-15 18:00:00,50.0,51.8
500KV-BYQ-003,2025-06-15 18:00:00,65.4,67.4
500KV-BYQ-001,2025-06-15 19:00:00,64.6,67.2
500KV-BYQ-002,2025-06-15 19:00:00,61.1,63.3
500KV-BYQ-003,2025-06-15 19:00:00,69.5,71.3
500KV-BYQ-001,2025-06-15 20:00:00,46.5,48.4
500KV-BYQ-002,2025-06-15 20:00:00,61.8,62.9
500KV-BYQ-003,2025-06-15 20:00:00,53.0,55.8
500KV-BYQ-001,2025-06-15 21:00:00,55.6,57.6
500KV-BYQ-002,2025-06-15 21:00:00,68.9,70.3
500KV-BYQ-003,2025-06-15 21:00:00,64.8,66.5
500KV-BYQ-001,2025-06-15 22:00:00,46.3,47.8
500KV-BYQ-002,2025-06-15 22:00:00,66.9,69.7
500KV-BYQ-003,2025-06-15 22:00:00,57.2,58.6
500KV-BYQ-001,2025-06-15 23:00:00,61.9,64.8
500KV-BYQ-002,2025-06-15 23:00:00,64.8,66.9
500KV-BYQ-003,2025-06-15 23:00:00,58.0,60.6
500KV-BYQ-001,2025-06-16 00:00:00,53.6,55.1
500KV-BYQ-002,2025-06-16 00:00:00,62.7,65.6
500KV-BYQ-003,2025-06-16 00:00:00,63.1,65.3
500KV-BYQ-001,2025-06-16 01:00:00,60.2,63.1
500KV-BYQ-002,2025-06-16 01:00:00,51.3,53.9
500KV-BYQ-003,2025-06-16 01:00:00,65.1,68.0
500KV-BYQ-001,2025-06-16 02:00:00,47.1,48.5
500KV-BYQ-002,2025-06-16 02:00:00,48.8,50.0
500KV-BYQ-003,2025-06-16 02:00:00,61.2,62.6
500KV-BYQ-001,2025-06-16 03:00:00,55.7,58.3
500KV-BYQ-002,2025-06-16 03:00:00,59.5,61.6
500KV-BYQ-003,2025-06-16 03:00:00,55.8,58.2
500KV-BYQ-001,2025-06-16 04:00:00,48.9,50.1
500KV-BYQ-002,2025-06-16 04:00:00,61.4,62.9
500KV-BYQ-003,2025-06-16 04:00:00,54.4,55.5
500KV-BYQ-001,2025-06-16 05:00:00,44.1,46.5
500KV-BYQ-002,2025-06-16 05:00:00,60.4,62.4
500KV-BYQ-003,2025-06-16 05:00:00,59.1,60.5
500KV-BYQ-001,2025-06-16 06:00:00,49.8,52.6
500KV-BYQ-002,2025-06-16 06:00:00,50.8,52.3
500KV-BYQ-003,2025-06-16 06:00:00,49.3,52.0
500KV-BYQ-001,2025-06-16 07:00:00,49.4,50.6
500KV-BYQ-002,2025-06-16 07:00:00,44.9,46.9
500KV-BYQ-003,2025-06-16 07:00:00,44.8,46.4
500KV-BYQ-001,2025-06-16 08:00:00,53.2,56.2
500KV-BYQ-002,2025-06-16 08:00:00,52.3,53.9
500KV-BYQ-003,2025-06-16 08:00:00,51.2,52.4
500KV-BYQ-001,2025-06-16 09:00:00,53.6,55.2
500KV-BYQ-002,2025-06-16 09:00:00,46.8,49.5
500KV-BYQ-003,2025-06-16 09:00:00,63.0,64.6
500KV-BYQ-001,2025-06-16 10:00:00,54.8,55.9
500KV-BYQ-002,2025-06-16 10:00:00,54.9,56.5
500KV-BYQ-003,2025-06-16 10:00:00,68.4,70.3
500KV-BYQ-001,2025-06-16 11:00:00,60.5,62.0
500KV-BYQ-002,2025-06-16 11:00:00,56.4,58.6
500KV-BYQ-003,2025-06-16 11:00:00,59.4,62.4
500KV-BYQ-001,2025-06-16 12:00:00,54.7,57.5
500KV-BYQ-002,2025-06-16 12:00:00,61.7,64.2
500KV-BYQ-003,2025-06-16 12:00:00,69.9,70.9
500KV-BYQ-001,2025-06-16 13:00:00,70.4,73.0
500KV-BYQ-002,2025-06-16 13:00:00,68.4,70.8
500KV-BYQ-003,2025-06-16 13:00:00,48.5,50.7
500KV-BYQ-001,2025-06-16 14:00:00,53.4,55.2
500KV-BYQ-002,2025-06-16 14:00:00,59.1,60.8
500KV-BYQ-003,2025-06-16 14:00:00,56.1,57.7
500KV-BYQ-001,2025-06-16 15:00:00,55.5,57.4
500KV-BYQ-002,2025-06-16 15:00:00,59.4,61.7
500KV-BYQ-003,2025-06-16 15:00:00,62.1,64.7
500KV-BYQ-001,2025-06-16 16:00:00,48.5,50.8
500KV-BYQ-002,2025-06-16 16:00:00,67.8,70.7
500KV-BYQ-003,2025-06-16 16:00:00,60.1,61.6
500KV-BYQ-001,2025-06-16 17:00:00,63.4,65.2
500KV-BYQ-002,2025-06-16 17:00:00,48.4,49.8
500KV-BYQ-003,2025-06-16 17:00:00,66.2,67.8
500KV-BYQ-001,2025-06-16 18:00:00,55.1,56.9
500KV-BYQ-002,2025-06-16 18:00:00,52.3,54.4
500KV-BYQ-003,2025-06-16 18:00:00,58.5,61.2
500KV-BYQ-001,2025-06-16 19:00:00,59.6,62.3
500KV-BYQ-002,2025-06-16 19:00:00,52.6,55.4
500KV-BYQ-003,2025-06-16 19:00:00,47.5,48.9
500KV-BYQ-001,2025-06-16 20:00:00,50.2,52.0
500KV-BYQ-002,2025-06-16 20:00:00,66.9,68.5
500KV-BYQ-003,2025-06-16 20:00:00,47.8,49.6
500KV-BYQ-001,2025-06-16 21:00:00,51.6,54.4
500KV-BYQ-002,2025-06-16 21:00:00,55.3,56.7
500KV-BYQ-003,2025-06-16 21:00:00,53.8,55.8
500KV-BYQ-001,2025-06-16 22:00:00,51.7,53.2
500KV-BYQ-002,2025-06-16 22:00:00,60.2,62.8
500KV-BYQ-003,2025-06-16 22:00:00,54.3,56.5
500KV-BYQ-001,2025-06-16 23:00:00,44.1,46.1
500KV-BYQ-002,2025-06-16 23:00:00,52.8,54.6
500KV-BYQ-003,2025-06-16 23:00:00,50.8,52.5
500KV-BYQ-001,2025-06-17 00:00:00,63.0,65.0
500KV-BYQ-002,2025-06-17 00:00:00,49.4,51.1
500KV-BYQ-003,2025-06-17 00:00:00,60.8,62.6
500KV-BYQ-001,2025-06-17 01:00:00,47.8,49.5
500KV-BYQ-002,2025-06-17 01:00:00,62.1,63.9
500KV-BYQ-003,2025-06-17 01:00:00,60.1,61.3
500KV-BYQ-001,2025-06-17 02:00:00,60.3,61.6
500KV-BYQ-002,2025-06-17 02:00:00,56.9,59.5
500KV-BYQ-003,2025-06-17 02:00:00,58.6,61.4
500KV-BYQ-001,2025-06-17 03:00:00,52.3,54.5
500KV-BYQ-002,2025-06-17 03:00:00,55.8,57.1
500KV-BYQ-003,2025-06-17 03:00:00,49.5,50.6
500KV-BYQ-001,2025-06-17 04:00:00,49.0,51.1
500KV-BYQ-002,2025-06-17 04:00:00,60.2,61.7
500KV-BYQ-003,2025-06-17 04:00:00,60.4,61.9
500KV-BYQ-001,2025-06-17 05:00:00,61.5,63.9
500KV-BYQ-002,2025-06-17 05:00:00,53.9,55.0
500KV-BYQ-003,2025-06-17 05:00:00,57.6,59.2
500KV-BYQ-001,2025-06-17 06:00:00,66.1,68.3
500KV-BYQ-002,2025-06-17 06:00:00,48.0,49.9
500KV-BYQ-003,2025-06-17 06:00:00,51.1,53.4
500KV-BYQ-001,2025-06-17 07:00:00,46.2,48.0
500KV-BYQ-002,2025-06-17 07:00:00,56.2,57.5
500KV-BYQ-003,2025-06-17 07:00:00,62.7,64.1
500KV-BYQ-001,2025-06-17 08:00:00,54.7,56.5
500KV-BYQ-002,2025-06-17 08:00:00,56.1,58.5
500KV-BYQ-003,2025-06-17 08:00:00,65.0,66.6
500KV-BYQ-001,2025-06-17 09:00:00,68.0,70.7
500KV-BYQ-002,2025-06-17 09:00:00,60.0,61.6
500KV-BYQ-003,2025-06-17 09:00:00,51.8,53.2
500KV-BYQ-001,2025-06-17 10:00:00,55.2,56.8
500KV-BYQ-002,2025-06-17 10:00:00,55.4,57.1
500KV-BYQ-003,2025-06-17 10:00:00,67.3,68.5
500KV-BYQ-001,2025-06-17 11:00:00,65.9,67.0
500KV-BYQ-002,2025-06-17 11:00:00,50.8,53.4
500KV-BYQ-003,2025-06-17 11:00:00,64.7,67.4
500KV-BYQ-001,2025-06-17 12:00:00,49.8,51.8
500KV-BYQ-002,2025-06-17 12:00:00,51.1,53.3
500KV-BYQ-003,2025-06-17 12:00:00,66.4,67.7
500KV-BYQ-001,2025-06-17 13:00:00,60.2,62.9
500KV-BYQ-002,2025-06-17 13:00:00,64.7,66.2
500KV-BYQ-003,2025-06-17 13:00:00,47.0,49.8
500KV-BYQ-001,2025-06-17 14:00:00,63.5,66.0
500KV-BYQ-002,2025-06-17 14:00:00,56.4,57.6
500KV-BYQ-003,2025-06-17 14:00:00,70.0,72.4
500KV-BYQ-001,2025-06-17 15:00:00,61.4,63.1
500KV-BYQ-002,2025-06-17 15:00:00,51.6,53.4
500KV-BYQ-003,2025-06-17 15:00:00,48.0,50.2
500KV-BYQ-001,2025-06-17 16:00:00,63.3,66.0
500KV-BYQ-002,2025-06-17 16:00:00,46.7,48.6
500KV-BYQ-003,2025-06-17 16:00:00,47.6,49.6
500KV-BYQ-001,2025-06-17 17:00:00,55.3,58.0
500KV-BYQ-002,2025-06-17 17:00:00,49.8,52.5
500KV-BYQ-003,2025-06-17 17:00:00,53.1,54.9
500KV-BYQ-001,2025-06-17 18:00:00,65.5,67.0
500KV-BYQ-002,2025-06-17 18:00:00,50.6,53.3
500KV-BYQ-003,2025-06-17 18:00:00,59.4,61.7
500KV-BYQ-001,2025-06-17 19:00:00,52.1,54.6
500KV-BYQ-002,2025-06-17 19:00:00,49.0,50.9
500KV-BYQ-003,2025-06-17 19:00:00,59.4,61.8
500KV-BYQ-001,2025-06-17 20:00:00,47.1,48.6
500KV-BYQ-002,2025-06-17 20:00:00,64.5,66.9
500KV-BYQ-003,2025-06-17 20:00:00,51.9,54.8
500KV-BYQ-001,2025-06-17 21:00:00,56.3,57.7
500KV-BYQ-002,2025-06-17 21:00:00,58.0,59.4
500KV-BYQ-003,2025-06-17 21:00:00,68.9,71.6
500KV-BYQ-001,2025-06-17 22:00:00,67.9,69.4
500KV-BYQ-002,2025-06-17 22:00:00,65.1,67.6
500KV-BYQ-003,2025-06-17 22:00:00,59.2,61.5
500KV-BYQ-001,2025-06-17 23:00:00,65.7,67.9
500KV-BYQ-002,2025-06-17 23:00:00,55.3,58.1
500KV-BYQ-003,2025-06-17 23:00:00,61.5,63.9
500KV-BYQ-001,2025-06-18 00:00:00,55.0,56.4
500KV-BYQ-002,2025-06-18 00:00:00,64.2,65.4
500KV-BYQ-003,2025-06-18 00:00:00,46.5,47.6
500KV-BYQ-001,2025-06-18 01:00:00,59.7,61.9
500KV-BYQ-002,2025-06-18 01:00:00,57.8,58.9
500KV-BYQ-003,2025-06-18 01:00:00,49.3,52.3
500KV-BYQ-001,2025-06-18 02:00:00,50.8,52.8
500KV-BYQ-002,2025-06-18 02:00:00,65.7,68.4
500KV-BYQ-003,2025-06-18 02:00:00,55.3,58.3
500KV-BYQ-001,2025-06-18 03:00:00,42.7,44.7
500KV-BYQ-002,2025-06-18 03:00:00,66.6,69.1
500KV-BYQ-003,2025-06-18 03:00:00,49.1,51.7
500KV-BYQ-001,2025-06-18 04:00:00,57.4,58.6
500KV-BYQ-002,2025-06-18 04:00:00,59.9,62.6
500KV-BYQ-003,2025-06-18 04:00:00,53.7,55.1
500KV-BYQ-001,2025-06-18 05:00:00,48.3,51.2
500KV-BYQ-002,2025-06-18 05:00:00,62.0,64.4
500KV-BYQ-003,2025-06-18 05:00:00,47.8,49.9
500KV-BYQ-001,2025-06-18 06:00:00,58.0,59.0
500KV-BYQ-002,2025-06-18 06:00:00,50.6,53.3
500KV-BYQ-003,2025-06-18 06:00:00,54.2,56.9
500KV-BYQ-001,2025-06-18 07:00:00,50.2,52.3
500KV-BYQ-002,2025-06-18 07:00:00,55.4,58.3
500KV-BYQ-003,2025-06-18 07:00:00,54.3,55.4
500KV-BYQ-001,2025-06-18 08:00:00,49.3,50.7
500KV-BYQ-002,2025-06-18 08:00:00,48.9,51.7
500KV-BYQ-003,2025-06-18 08:00:00,61.7,64.2
500KV-BYQ-001,2025-06-18 09:00:00,51.0,52.9
500KV-BYQ-002,2025-06-18 09:00:00,69.3,70.6
500KV-BYQ-003,2025-06-18 09:00:00,47.7,49.4
500KV-BYQ-001,2025-06-18 10:00:00,59.3,61.7
500KV-BYQ-002,2025-06-18 10:00:00,60.7,63.6
500KV-BYQ-003,2025-06-18 10:00:00,68.2,71.2
500KV-BYQ-001,2025-06-18 11:00:00,46.9,49.5
500KV-BYQ-002,2025-06-18 11:00:00,60.2,62.9
500KV-BYQ-003,2025-06-18 11:00:00,61.6,62.7
500KV-BYQ-001,2025-06-18 12:00:00,63.3,65.2
500KV-BYQ-002,2025-06-18 12:00:00,67.1,68.9
500KV-BYQ-003,2025-06-18 12:00:00,53.2,54.9
500KV-BYQ-001,2025-06-18 13:00:00,58.7,60.9
500KV-BYQ-002,2025-06-18 13:00:00,63.5,64.6
500KV-BYQ-003,2025-06-18 13:00:00,69.7,71.3
500KV-BYQ-001,2025-06-18 14:00:00,49.1,50.4
500KV-BYQ-002,2025-06-18 14:00:00,60.0,61.3
500KV-BYQ-003,2025-06-18 14:00:00,68.8,70.0
500KV-BYQ-001,2025-06-18 15:00:00,47.5,50.1
500KV-BYQ-002,2025-06-18 15:00:00,68.4,71.1
500KV-BYQ-003,2025-06-18 15:00:00,57.2,58.2
500KV-BYQ-001,2025-06-18 16:00:00,54.9,57.0
500KV-BYQ-002,2025-06-18 16:00:00,51.3,53.3
500KV-BYQ-003,2025-06-18 16:00:00,68.6,71.4
500KV-BYQ-001,2025-06-18 17:00:00,67.2,70.1
500KV-BYQ-002,2025-06-18 17:00:00,58.5,59.9
500KV-BYQ-003,2025-06-18 17:00:00,57.8,59.6
500KV-BYQ-001,2025-06-18 18:00:00,52.6,54.8
500KV-BYQ-002,2025-06-18 18:00:00,63.7,66.2
500KV-BYQ-003,2025-06-18 18:00:00,64.4,66.1
500KV-BYQ-001,2025-06-18 19:00:00,63.1,64.5
500KV-BYQ-002,2025-06-18 19:00:00,52.2,53.3
500KV-BYQ-003,2025-06-18 19:00:00,52.2,54.5
500KV-BYQ-001,2025-06-18 20:00:00,60.6,62.1
500KV-BYQ-002,2025-06-18 20:00:00,57.8,60.7
500KV-BYQ-003,2025-06-18 20:00:00,54.7,55.9
500KV-BYQ-001,2025-06-18 21:00:00,49.9,51.1
500KV-BYQ-002,2025-06-18 21:00:00,58.6,61.2
500KV-BYQ-003,2025-06-18 21:00:00,64.8,65.9
500KV-BYQ-001,2025-06-18 22:00:00,60.1,62.3
500KV-BYQ-002,2025-06-18 22:00:00,55.4,57.9
500KV-BYQ-003,2025-06-18 22:00:00,47.4,49.4
500KV-BYQ-001,2025-06-18 23:00:00,51.8,53.4
500KV-BYQ-002,2025-06-18 23:00:00,63.4,65.6
500KV-BYQ-003,2025-06-18 23:00:00,46.8,49.7
500KV-BYQ-001,2025-06-19 00:00:00,50.3,52.8
500KV-BYQ-002,2025-06-19 00:00:00,55.3,57.6
500KV-BYQ-003,2025-06-19 00:00:00,56.4,58.0
500KV-BYQ-001,2025-06-19 01:00:00,54.0,55.4
500KV-BYQ-002,2025-06-19 01:00:00,52.9,54.3
500KV-BYQ-003,2025-06-19 01:00:00,63.5,65.3
500KV-BYQ-001,2025-06-19 02:00:00,48.9,51.8
500KV-BYQ-002,2025-06-19 02:00:00,53.3,54.8
500KV-BYQ-003,2025-06-19 02:00:00,49.9,52.6
500KV-BYQ-001,2025-06-19 03:00:00,66.0,68.0
500KV-BYQ-002,2025-06-19 03:00:00,66.6,68.7
500KV-BYQ-003,2025-06-19 03:00:00,62.2,64.1
500KV-BYQ-001,2025-06-19 04:00:00,63.2,65.3
500KV-BYQ-002,2025-06-19 04:00:00,61.6,63.8
500KV-BYQ-003,2025-06-19 04:00:00,43.5,44.6
500KV-BYQ-001,2025-06-19 05:00:00,62.2,64.8
500KV-BYQ-002,2025-06-19 05:00:00,60.6,63.6
500KV-BYQ-003,2025-06-19 05:00:00,53.1,55.7
500KV-BYQ-001,2025-06-19 06:00:00,44.7,47.6
500KV-BYQ-002,2025-06-19 06:00:00,55.5,57.3
500KV-BYQ-003,2025-06-19 06:00:00,50.8,53.6
500KV-BYQ-001,2025-06-19 07:00:00,58.4,59.7
500KV-BYQ-002,2025-06-19 07:00:00,46.8,48.9
500KV-BYQ-003,2025-06-19 07:00:00,44.4,46.8
500KV-BYQ-001,2025-06-19 08:00:00,52.2,53.7
500KV-BYQ-002,2025-06-19 08:00:00,53.8,55.5
500KV-BYQ-003,2025-06-19 08:00:00,65.2,67.2
500KV-BYQ-001,2025-06-19 09:00:00,47.2,49.5
500KV-BYQ-002,2025-06-19 09:00:00,69.1,71.0
500KV-BYQ-003,2025-06-19 09:00:00,48.7,51.3
500KV-BYQ-001,2025-06-19 10:00:00,63.7,65.3
500KV-BYQ-002,2025-06-19 10:00:00,55.8,58.0
500KV-BYQ-003,2025-06-19 10:00:00,60.4,63.1
500KV-BYQ-001,2025-06-19 11:00:00,55.7,57.1
500KV-BYQ-002,2025-06-19 11:00:00,51.4,53.7
500KV-BYQ-003,2025-06-19 11:00:00,64.9,67.4
500KV-BYQ-001,2025-06-19 12:00:00,47.5,49.1
500KV-BYQ-002,2025-06-19 12:00:00,48.7,50.2
500KV-BYQ-003,2025-06-19 12:00:00,71.7,73
500KV-BYQ-001,2025-06-19 13:00:00,62.7,64.9
500KV-BYQ-002,2025-06-19 13:00:00,67.2,69.3
500KV-BYQ-003,2025-06-19 13:00:00,61.3,64.2
500KV-BYQ-001,2025-06-19 14:00:00,49.4,51.3
500KV-BYQ-002,2025-06-19 14:00:00,66.0,67.0
500KV-BYQ-003,2025-06-19 14:00:00,66.6,68.5
500KV-BYQ-001,2025-06-19 15:00:00,66.3,68.3
500KV-BYQ-002,2025-06-19 15:00:00,67.5,69.8
500KV-BYQ-003,2025-06-19 15:00:00,60.4,63.2
500KV-BYQ-001,2025-06-19 16:00:00,49.2,50.6
500KV-BYQ-002,2025-06-19 16:00:00,68.5,69.8
500KV-BYQ-003,2025-06-19 16:00:00,62.2,63.3
500KV-BYQ-001,2025-06-19 17:00:00,58.9,60.3
500KV-BYQ-002,2025-06-19 17:00:00,69.6,72.3
500KV-BYQ-003,2025-06-19 17:00:00,61.6,62.9
500KV-BYQ-001,2025-06-19 18:00:00,50.6,52.7
500KV-BYQ-002,2025-06-19 18:00:00,62.7,64.4
500KV-BYQ-003,2025-06-19 18:00:00,59.0,61.5
500KV-BYQ-001,2025-06-19 19:00:00,53.2,55.2
500KV-BYQ-002,2025-06-19 19:00:00,68.1,70.0
500KV-BYQ-003,2025-06-19 19:00:00,52.4,54.8
500KV-BYQ-001,2025-06-19 20:00:00,61.4,62.6
500KV-BYQ-002,2025-06-19 20:00:00,49.0,50.2
500KV-BYQ-003,2025-06-19 20:00:00,59.4,60.6
500KV-BYQ-001,2025-06-19 21:00:00,68.4,71.0
500KV-BYQ-002,2025-06-19 21:00:00,58.5,61.4
500KV-BYQ-003,2025-06-19 21:00:00,65.5,67.5
500KV-BYQ-001,2025-06-19 22:00:00,46.7,49.3
500KV-BYQ-002,2025-06-19 22:00:00,51.5,53.7
500KV-BYQ-003,2025-06-19 22:00:00,52.9,54.1
500KV-BYQ-001,2025-06-19 23:00:00,42.3,43.3
500KV-BYQ-002,2025-06-19 23:00:00,49.9,51.6
500KV-BYQ-003,2025-06-19 23:00:00,64.0,66.5
500KV-BYQ-001,2025-06-20 00:00:00,50.8,51.9
500KV-BYQ-002,2025-06-20 00:00:00,47.3,48.6
500KV-BYQ-003,2025-06-20 00:00:00,45.2,46.4
500KV-BYQ-001,2025-06-20 01:00:00,64.4,67.1
500KV-BYQ-002,2025-06-20 01:00:00,59.6,61.9
500KV-BYQ-003,2025-06-20 01:00:00,48.2,50.7
500KV-BYQ-001,2025-06-20 02:00:00,63.0,65.9
500KV-BYQ-002,2025-06-20 02:00:00,44.9,46.9
500KV-BYQ-003,2025-06-20 02:00:00,45.7,48.5
500KV-BYQ-001,2025-06-20 03:00:00,60.4,62.0
500KV-BYQ-002,2025-06-20 03:00:00,55.6,56.8
500KV-BYQ-003,2025-06-20 03:00:00,44.7,47.2
500KV-BYQ-001,2025-06-20 04:00:00,65.2,67.9
500KV-BYQ-002,2025-06-20 04:00:00,50.0,51.4
500KV-BYQ-003,2025-06-20 04:00:00,61.5,63.1
500KV-BYQ-001,2025-06-20 05:00:00,56.7,57.9
500KV-BYQ-002,2025-06-20 05:00:00,60.3,63.0
500KV-BYQ-003,2025-06-20 05:00:00,61.0,63.4
500KV-BYQ-001,2025-06-20 06:00:00,51.0,53.7
500KV-BYQ-002,2025-06-20 06:00:00,46.6,48.6
500KV-BYQ-003,2025-06-20 06:00:00,62.0,64.2
500KV-BYQ-001,2025-06-20 07:00:00,51.1,52.8
500KV-BYQ-002,2025-06-20 07:00:00,58.5,60.8
500KV-BYQ-003,2025-06-20 07:00:00,43.8,46.2
500KV-BYQ-001,2025-06-20 08:00:00,60.8,63.0
500KV-BYQ-002,2025-06-20 08:00:00,60.6,61.7
500KV-BYQ-003,2025-06-20 08:00:00,57.3,58.6
500KV-BYQ-001,2025-06-20 09:00:00,51.7,54.4
500KV-BYQ-002,2025-06-20 09:00:00,62.6,64.9
500KV-BYQ-003,2025-06-20 09:00:00,67.8,70.8
500KV-BYQ-001,2025-06-20 10:00:00,54.6,56.6
500KV-BYQ-002,2025-06-20 10:00:00,65.7,67.6
500KV-BYQ-003,2025-06-20 10:00:00,51.5,54.2
500KV-BYQ-001,2025-06-20 11:00:00,47.8,48.8
500KV-BYQ-002,2025-06-20 11:00:00,52.8,55.6
500KV-BYQ-003,2025-06-20 11:00:00,49.9,52.8
500KV-BYQ-001,2025-06-20 12:00:00,60.5,62.8
500KV-BYQ-002,2025-06-20 12:00:00,59.2,60.5
500KV-BYQ-003,2025-06-20 12:00:00,68.5,69.6
500KV-BYQ-001,2025-06-20 13:00:00,60.1,61.6
500KV-BYQ-002,2025-06-20 13:00:00,57.6,59.7
500KV-BYQ-003,2025-06-20 13:00:00,54.7,57.6
500KV-BYQ-001,2025-06-20 14:00:00,48.7,50.3
500KV-BYQ-002,2025-06-20 14:00:00,66.7,69.1
500KV-BYQ-003,2025-06-20 14:00:00,57.0,59.8
500KV-BYQ-001,2025-06-20 15:00:00,65.9,68.6
500KV-BYQ-002,2025-06-20 15:00:00,67.3,68.9
500KV-BYQ-003,2025-06-20 15:00:00,71.0,73
500KV-BYQ-001,2025-06-20 16:00:00,50.4,52.2
500KV-BYQ-002,2025-06-20 16:00:00,48.5,49.9
500KV-BYQ-003,2025-06-20 16:00:00,50.5,52.2
500KV-BYQ-001,2025-06-20 17:00:00,67.0,68.7
500KV-BYQ-002,2025-06-20 17:00:00,59.0,61.4
500KV-BYQ-003,2025-06-20 17:00:00,54.4,56.3
500KV-BYQ-001,2025-06-20 18:00:00,51.9,54.1
500KV-BYQ-002,2025-06-20 18:00:00,55.6,58.3
500KV-BYQ-003,2025-06-20 18:00:00,61.5,62.6
500KV-BYQ-001,2025-06-20 19:00:00,48.8,50.3
500KV-BYQ-002,2025-06-20 19:00:00,51.6,54.5
500KV-BYQ-003,2025-06-20 19:00:00,66.1,68.6
500KV-BYQ-001,2025-06-20 20:00:00,60.1,62.5
500KV-BYQ-002,2025-06-20 20:00:00,47.1,49.9
500KV-BYQ-003,2025-06-20 20:00:00,68.1,71.0
500KV-BYQ-001,2025-06-20 21:00:00,54.1,56.5
500KV-BYQ-002,2025-06-20 21:00:00,57.1,59.5
500KV-BYQ-003,2025-06-20 21:00:00,61.1,63.4
500KV-BYQ-001,2025-06-20 22:00:00,59.0,60.7
500KV-BYQ-002,2025-06-20 22:00:00,47.5,48.8
500KV-BYQ-003,2025-06-20 22:00:00,47.8,49.3
500KV-BYQ-001,2025-06-20 23:00:00,56.0,58.7
500KV-BYQ-002,2025-06-20 23:00:00,52.2,53.7
500KV-BYQ-003,2025-06-20 23:00:00,61.7,63.5
500KV-BYQ-001,2025-06-21 00:00:00,50.1,51.8
500KV-BYQ-002,2025-06-21 00:00:00,47.6,49.8
500KV-BYQ-003,2025-06-21 00:00:00,50.9,53.5
500KV-BYQ-001,2025-06-21 01:00:00,59.4,62.2
500KV-BYQ-002,2025-06-21 01:00:00,49.1,51.4
500KV-BYQ-003,2025-06-21 01:00:00,64.7,66.7
500KV-BYQ-001,2025-06-21 02:00:00,56.4,59.3
500KV-BYQ-002,2025-06-21 02:00:00,59.0,61.8
500KV-BYQ-003,2025-06-21 02:00:00,58.9,60.0
500KV-BYQ-001,2025-06-21 03:00:00,63.2,65.4
500KV-BYQ-002,2025-06-21 03:00:00,45.7,47.6
500KV-BYQ-003,2025-06-21 03:00:00,54.7,57.1
500KV-BYQ-001,2025-06-21 04:00:00,57.5,59.3
500KV-BYQ-002,2025-06-21 04:00:00,56.8,59.6
500KV-BYQ-003,2025-06-21 04:00:00,46.8,48.6
500KV-BYQ-001,2025-06-21 05:00:00,60.0,62.0
500KV-BYQ-002,2025-06-21 05:00:00,64.8,67.3
500KV-BYQ-003,2025-06-21 05:00:00,66.5,68.2
500KV-BYQ-001,2025-06-21 06:00:00,47.2,48.9
500KV-BYQ-002,2025-06-21 06:00:00,64.5,66.0
500KV-BYQ-003,2025-06-21 06:00:00,54.3,56.2
500KV-BYQ-001,2025-06-21 07:00:00,45.9,48.3
500KV-BYQ-002,2025-06-21 07:00:00,60.4,63.3
500KV-BYQ-003,2025-06-21 07:00:00,52.7,54.7
500KV-BYQ-001,2025-06-21 08:00:00,58.5,60.3
500KV-BYQ-002,2025-06-21 08:00:00,62.9,65.6
500KV-BYQ-003,2025-06-21 08:00:00,62.2,64.8
500KV-BYQ-001,2025-06-21 09:00:00,51.6,53.2
500KV-BYQ-002,2025-06-21 09:00:00,70.7,73
500KV-BYQ-003,2025-06-21 09:00:00,52.8,54.8
500KV-BYQ-001,2025-06-21 10:00:00,59.2,62.2
500KV-BYQ-002,2025-06-21 10:00:00,65.0,67.1
500KV-BYQ-003,2025-06-21 10:00:00,50.1,52.2
500KV-BYQ-001,2025-06-21 11:00:00,55.0,56.1
500KV-BYQ-002,2025-06-21 11:00:00,49.9,51.8
500KV-BYQ-003,2025-06-21 11:00:00,57.3,58.5
500KV-BYQ-001,2025-06-21 12:00:00,55.8,57.6
500KV-BYQ-002,2025-06-21 12:00:00,61.4,64.2
500KV-BYQ-003,2025-06-21 12:00:00,70.2,71.3
500KV-BYQ-001,2025-06-21 13:00:00,66.1,68.3
500KV-BYQ-002,2025-06-21 13:00:00,70.4,71.6
500KV-BYQ-003,2025-06-21 13:00:00,55.3,56.4
500KV-BYQ-001,2025-06-21 14:00:00,50.4,51.6
500KV-BYQ-002,2025-06-21 14:00:00,59.5,61.6
500KV-BYQ-003,2025-06-21 14:00:00,72.7,73
500KV-BYQ-001,2025-06-21 15:00:00,65.9,68.6
500KV-BYQ-002,2025-06-21 15:00:00,66.5,69.0
500KV-BYQ-003,2025-06-21 15:00:00,57.2,59.7
500KV-BYQ-001,2025-06-21 16:00:00,61.3,64.0
500KV-BYQ-002,2025-06-21 16:00:00,56.0,58.5
500KV-BYQ-003,2025-06-21 16:00:00,54.9,56.1
500KV-BYQ-001,2025-06-21 17:00:00,51.7,52.9
500KV-BYQ-002,2025-06-21 17:00:00,53.2,54.7
500KV-BYQ-003,2025-06-21 17:00:00,49.2,52.0
500KV-BYQ-001,2025-06-21 18:00:00,57.2,59.5
500KV-BYQ-002,2025-06-21 18:00:00,70.0,72.1
500KV-BYQ-003,2025-06-21 18:00:00,49.5,52.3
500KV-BYQ-001,2025-06-21 19:00:00,50.0,53.0
500KV-BYQ-002,2025-06-21 19:00:00,68.4,69.7
500KV-BYQ-003,2025-06-21 19:00:00,63.8,66.2
500KV-BYQ-001,2025-06-21 20:00:00,52.7,53.8
500KV-BYQ-002,2025-06-21 20:00:00,53.4,55.5
500KV-BYQ-003,2025-06-21 20:00:00,55.2,56.7
500KV-BYQ-001,2025-06-21 21:00:00,54.3,56.1
500KV-BYQ-002,2025-06-21 21:00:00,50.6,52.9
500KV-BYQ-003,2025-06-21 21:00:00,65.1,66.4
500KV-BYQ-001,2025-06-21 22:00:00,54.2,56.8
500KV-BYQ-002,2025-06-21 22:00:00,45.8,48.0
500KV-BYQ-003,2025-06-21 22:00:00,51.7,53.9
500KV-BYQ-001,2025-06-21 23:00:00,58.7,59.8
500KV-BYQ-002,2025-06-21 23:00:00,62.9,65.8
500KV-BYQ-003,2025-06-21 23:00:00,42.9,44.9
500KV-BYQ-001,2025-06-22 00:00:00,61.8,64.7
500KV-BYQ-002,2025-06-22 00:00:00,64.9,66.0
500KV-BYQ-003,2025-06-22 00:00:00,44.1,46.5
500KV-BYQ-001,2025-06-22 01:00:00,50.1,51.1
500KV-BYQ-002,2025-06-22 01:00:00,51.5,54.0
500KV-BYQ-003,2025-06-22 01:00:00,49.7,51.4
500KV-BYQ-001,2025-06-22 02:00:00,54.9,57.7
500KV-BYQ-002,2025-06-22 02:00:00,53.6,54.8
500KV-BYQ-003,2025-06-22 02:00:00,57.8,59.4
500KV-BYQ-001,2025-06-22 03:00:00,51.0,52.9
500KV-BYQ-002,2025-06-22 03:00:00,66.0,67.4
500KV-BYQ-003,2025-06-22 03:00:00,58.6,60.2
500KV-BYQ-001,2025-06-22 04:00:00,45.3,47.7
500KV-BYQ-002,2025-06-22 04:00:00,56.6,58.8
500KV-BYQ-003,2025-06-22 04:00:00,45.2,48.0
500KV-BYQ-001,2025-06-22 05:00:00,67.1,69.3
500KV-BYQ-002,2025-06-22 05:00:00,51.4,53.6
500KV-BYQ-003,2025-06-22 05:00:00,54.7,57.0
500KV-BYQ-001,2025-06-22 06:00:00,63.5,65.5
500KV-BYQ-002,2025-06-22 06:00:00,61.1,63.3
500KV-BYQ-003,2025-06-22 06:00:00,58.9,61.5
500KV-BYQ-001,2025-06-22 07:00:00,54.6,56.9
500KV-BYQ-002,2025-06-22 07:00:00,56.7,57.8
500KV-BYQ-003,2025-06-22 07:00:00,61.0,62.1
500KV-BYQ-001,2025-06-22 08:00:00,71.3,73
500KV-BYQ-002,2025-06-22 08:00:00,54.3,56.1
500KV-BYQ-003,2025-06-22 08:00:00,51.3,53.4
500KV-BYQ-001,2025-06-22 09:00:00,63.4,66.3
500KV-BYQ-002,2025-06-22 09:00:00,47.4,48.7
500KV-BYQ-003,2025-06-22 09:00:00,58.2,59.9
500KV-BYQ-001,2025-06-22 10:00:00,54.3,56.9
500KV-BYQ-002,2025-06-22 10:00:00,51.2,52.3
500KV-BYQ-003,2025-06-22 10:00:00,54.2,56.9
500KV-BYQ-001,2025-06-22 11:00:00,69.2,70.3
500KV-BYQ-002,2025-06-22 11:00:00,56.2,57.9
500KV-BYQ-003,2025-06-22 11:00:00,54.6,56.7
500KV-BYQ-001,2025-06-22 12:00:00,52.9,54.3
500KV-BYQ-002,2025-06-22 12:00:00,72.6,73
500KV-BYQ-003,2025-06-22 12:00:00,61.4,63.6
500KV-BYQ-001,2025-06-22 13:00:00,59.2,61.6
500KV-BYQ-002,2025-06-22 13:00:00,49.7,52.4
500KV-BYQ-003,2025-06-22 13:00:00,65.9,68.5
500KV-BYQ-001,2025-06-22 14:00:00,61.4,64.4
500KV-BYQ-002,2025-06-22 14:00:00,70.2,71.9
500KV-BYQ-003,2025-06-22 14:00:00,54.2,55.4
500KV-BYQ-001,2025-06-22 15:00:00,48.3,50.4
500KV-BYQ-002,2025-06-22 15:00:00,61.8,62.9
500KV-BYQ-003,2025-06-22 15:00:00,68.2,70.9
500KV-BYQ-001,2025-06-22 16:00:00,54.7,55.9
500KV-BYQ-002,2025-06-22 16:00:00,66.1,67.7
500KV-BYQ-003,2025-06-22 16:00:00,56.6,57.9
500KV-BYQ-001,2025-06-22 17:00:00,68.2,69.8
500KV-BYQ-002,2025-06-22 17:00:00,56.0,57.1
500KV-BYQ-003,2025-06-22 17:00:00,64.0,66.0
500KV-BYQ-001,2025-06-22 18:00:00,47.5,49.6
500KV-BYQ-002,2025-06-22 18:00:00,53.7,54.8
500KV-BYQ-003,2025-06-22 18:00:00,52.1,54.6
500KV-BYQ-001,2025-06-22 19:00:00,47.9,49.6
500KV-BYQ-002,2025-06-22 19:00:00,47.5,50.1
500KV-BYQ-003,2025-06-22 19:00:00,58.4,59.8
500KV-BYQ-001,2025-06-22 20:00:00,52.9,55.7
500KV-BYQ-002,2025-06-22 20:00:00,49.2,52.0
500KV-BYQ-003,2025-06-22 20:00:00,67.2,68.4
500KV-BYQ-001,2025-06-22 21:00:00,61.6,64.4
500KV-BYQ-002,2025-06-22 21:00:00,56.5,59.0
500KV-BYQ-003,2025-06-22 21:00:00,57.2,58.9
500KV-BYQ-001,2025-06-22 22:00:00,51.0,53.5
500KV-BYQ-002,2025-06-22 22:00:00,62.6,65.2
500KV-BYQ-003,2025-06-22 22:00:00,69.7,72.6
500KV-BYQ-001,2025-06-22 23:00:00,64.8,66.2
500KV-BYQ-002,2025-06-22 23:00:00,46.9,49.2
500KV-BYQ-003,2025-06-22 23:00:00,58.1,59.1
500KV-BYQ-001,2025-06-23 00:00:00,63.4,64.8
500KV-BYQ-002,2025-06-23 00:00:00,49.1,50.8
500KV-BYQ-003,2025-06-23 00:00:00,49.7,52.0
500KV-BYQ-001,2025-06-23 01:00:00,56.6,58.2
500KV-BYQ-002,2025-06-23 01:00:00,51.0,52.2
500KV-BYQ-003,2025-06-23 01:00:00,47.3,48.3
500KV-BYQ-001,2025-06-23 02:00:00,54.2,56.2
500KV-BYQ-002,2025-06-23 02:00:00,55.7,57.3
500KV-BYQ-003,2025-06-23 02:00:00,57.1,59.8
500KV-BYQ-001,2025-06-23 03:00:00,51.3,53.0
500KV-BYQ-002,2025-06-23 03:00:00,52.4,54.0
500KV-BYQ-003,2025-06-23 03:00:00,62.3,64.0
500KV-BYQ-001,2025-06-23 04:00:00,63.2,65.9
500KV-BYQ-002,2025-06-23 04:00:00,63.6,64.7
500KV-BYQ-003,2025-06-23 04:00:00,47.0,49.5
500KV-BYQ-001,2025-06-23 05:00:00,65.2,67.2
500KV-BYQ-002,2025-06-23 05:00:00,54.9,56.0
500KV-BYQ-003,2025-06-23 05:00:00,48.7,50.0
500KV-BYQ-001,2025-06-23 06:00:00,52.8,55.5
500KV-BYQ-002,2025-06-23 06:00:00,50.3,52.1
500KV-BYQ-003,2025-06-23 06:00:00,44.7,46.0
500KV-BYQ-001,2025-06-23 07:00:00,51.7,53.5
500KV-BYQ-002,2025-06-23 07:00:00,51.6,52.6
500KV-BYQ-003,2025-06-23 07:00:00,60.4,61.9
500KV-BYQ-001,2025-06-23 08:00:00,66.7,68.6
500KV-BYQ-002,2025-06-23 08:00:00,60.1,61.2
500KV-BYQ-003,2025-06-23 08:00:00,48.9,50.1
500KV-BYQ-001,2025-06-23 09:00:00,49.0,51.4
500KV-BYQ-002,2025-06-23 09:00:00,61.4,63.8
500KV-BYQ-003,2025-06-23 09:00:00,68.8,70.8
500KV-BYQ-001,2025-06-23 10:00:00,54.6,56.5
500KV-BYQ-002,2025-06-23 10:00:00,70.8,72.2
500KV-BYQ-003,2025-06-23 10:00:00,59.8,61.6
500KV-BYQ-001,2025-06-23 11:00:00,54.1,56.8
500KV-BYQ-002,2025-06-23 11:00:00,59.5,60.5
500KV-BYQ-003,2025-06-23 11:00:00,62.6,64.4
500KV-BYQ-001,2025-06-23 12:00:00,57.3,60.0
500KV-BYQ-002,2025-06-23 12:00:00,51.1,53.5
500KV-BYQ-003,2025-06-23 12:00:00,56.0,57.5
500KV-BYQ-001,2025-06-23 13:00:00,53.3,55.2
500KV-BYQ-002,2025-06-23 13:00:00,69.2,71.9
500KV-BYQ-003,2025-06-23 13:00:00,57.7,60.1
500KV-BYQ-001,2025-06-23 14:00:00,47.8,50.0
500KV-BYQ-002,2025-06-23 14:00:00,48.4,50.2
500KV-BYQ-003,2025-06-23 14:00:00,70.4,71.9
500KV-BYQ-001,2025-06-23 15:00:00,69.8,72.5
500KV-BYQ-002,2025-06-23 15:00:00,67.7,69.5
500KV-BYQ-003,2025-06-23 15:00:00,69.2,70.8
500KV-BYQ-001,2025-06-23 16:00:00,65.9,67.8
500KV-BYQ-002,2025-06-23 16:00:00,48.3,49.5
500KV-BYQ-003,2025-06-23 16:00:00,58.9,60.0
500KV-BYQ-001,2025-06-23 17:00:00,58.6,61.2
500KV-BYQ-002,2025-06-23 17:00:00,47.8,49.9
500KV-BYQ-003,2025-06-23 17:00:00,65.2,67.3
500KV-BYQ-001,2025-06-23 18:00:00,57.0,58.4
500KV-BYQ-002,2025-06-23 18:00:00,64.0,66.1
500KV-BYQ-003,2025-06-23 18:00:00,55.5,57.3
500KV-BYQ-001,2025-06-23 19:00:00,50.1,52.1
500KV-BYQ-002,2025-06-23 19:00:00,53.2,55.1
500KV-BYQ-003,2025-06-23 19:00:00,53.0,56.0
500KV-BYQ-001,2025-06-23 20:00:00,46.5,48.2
500KV-BYQ-002,2025-06-23 20:00:00,54.7,57.5
500KV-BYQ-003,2025-06-23 20:00:00,50.0,52.8
500KV-BYQ-001,2025-06-23 21:00:00,65.6,66.7
500KV-BYQ-002,2025-06-23 21:00:00,62.7,65.2
500KV-BYQ-003,2025-06-23 21:00:00,66.2,67.5
500KV-BYQ-001,2025-06-23 22:00:00,53.2,55.7
500KV-BYQ-002,2025-06-23 22:00:00,57.6,59.1
500KV-BYQ-003,2025-06-23 22:00:00,65.8,68.1
500KV-BYQ-001,2025-06-23 23:00:00,54.5,56.6
500KV-BYQ-002,2025-06-23 23:00:00,50.4,51.7
500KV-BYQ-003,2025-06-23 23:00:00,55.9,58.7
500KV-BYQ-001,2025-06-24 00:00:00,50.5,52.5
500KV-BYQ-002,2025-06-24 00:00:00,54.3,57.1
500KV-BYQ-003,2025-06-24 00:00:00,45.4,47.0
500KV-BYQ-001,2025-06-24 01:00:00,58.1,59.2
500KV-BYQ-002,2025-06-24 01:00:00,60.0,61.6
500KV-BYQ-003,2025-06-24 01:00:00,48.0,50.1
500KV-BYQ-001,2025-06-24 02:00:00,57.6,59.2
500KV-BYQ-002,2025-06-24 02:00:00,50.2,52.5
500KV-BYQ-003,2025-06-24 02:00:00,45.9,48.6
500KV-BYQ-001,2025-06-24 03:00:00,51.0,53.5
500KV-BYQ-002,2025-06-24 03:00:00,64.8,66.4
500KV-BYQ-003,2025-06-24 03:00:00,65.1,67.9
500KV-BYQ-001,2025-06-24 04:00:00,48.2,49.5
500KV-BYQ-002,2025-06-24 04:00:00,55.1,57.4
500KV-BYQ-003,2025-06-24 04:00:00,64.1,66.1
500KV-BYQ-001,2025-06-24 05:00:00,46.9,49.3
500KV-BYQ-002,2025-06-24 05:00:00,45.5,47.0
500KV-BYQ-003,2025-06-24 05:00:00,50.9,52.5
500KV-BYQ-001,2025-06-24 06:00:00,60.2,61.4
500KV-BYQ-002,2025-06-24 06:00:00,54.4,55.5
500KV-BYQ-003,2025-06-24 06:00:00,55.2,56.8
500KV-BYQ-001,2025-06-24 07:00:00,64.8,67.3
500KV-BYQ-002,2025-06-24 07:00:00,63.2,65.4
500KV-BYQ-003,2025-06-24 07:00:00,50.0,52.9
500KV-BYQ-001,2025-06-24 08:00:00,54.0,55.0
500KV-BYQ-002,2025-06-24 08:00:00,72.6,73
500KV-BYQ-003,2025-06-24 08:00:00,54.4,56.3
500KV-BYQ-001,2025-06-24 09:00:00,71.1,72.7
500KV-BYQ-002,2025-06-24 09:00:00,58.0,60.9
500KV-BYQ-003,2025-06-24 09:00:00,49.7,51.0
500KV-BYQ-001,2025-06-24 10:00:00,73,73
500KV-BYQ-002,2025-06-24 10:00:00,65.0,67.5
500KV-BYQ-003,2025-06-24 10:00:00,65.0,66.9
500KV-BYQ-001,2025-06-24 11:00:00,66.8,69.6
500KV-BYQ-002,2025-06-24 11:00:00,53.3,54.3
500KV-BYQ-003,2025-06-24 11:00:00,58.9,61.9
500KV-BYQ-001,2025-06-24 12:00:00,51.4,53.8
500KV-BYQ-002,2025-06-24 12:00:00,70.9,72.9
500KV-BYQ-003,2025-06-24 12:00:00,53.5,55.2
500KV-BYQ-001,2025-06-24 13:00:00,62.4,65.1
500KV-BYQ-002,2025-06-24 13:00:00,52.0,54.1
500KV-BYQ-003,2025-06-24 13:00:00,71.1,73
500KV-BYQ-001,2025-06-24 14:00:00,46.7,48.9
500KV-BYQ-002,2025-06-24 14:00:00,66.2,68.2
500KV-BYQ-003,2025-06-24 14:00:00,54.3,56.7
500KV-BYQ-001,2025-06-24 15:00:00,64.4,67.0
500KV-BYQ-002,2025-06-24 15:00:00,47.9,48.9
500KV-BYQ-003,2025-06-24 15:00:00,60.2,61.4
500KV-BYQ-001,2025-06-24 16:00:00,69.7,71.2
500KV-BYQ-002,2025-06-24 16:00:00,61.0,63.4
500KV-BYQ-003,2025-06-24 16:00:00,61.4,63.5
500KV-BYQ-001,2025-06-24 17:00:00,71.2,73
500KV-BYQ-002,2025-06-24 17:00:00,55.0,56.8
500KV-BYQ-003,2025-06-24 17:00:00,52.2,54.3
500KV-BYQ-001,2025-06-24 18:00:00,67.7,69.7
500KV-BYQ-002,2025-06-24 18:00:00,53.7,56.3
500KV-BYQ-003,2025-06-24 18:00:00,60.5,62.5
500KV-BYQ-001,2025-06-24 19:00:00,67.6,68.6
500KV-BYQ-002,2025-06-24 19:00:00,69.1,71.1
500KV-BYQ-003,2025-06-24 19:00:00,58.8,61.7
500KV-BYQ-001,2025-06-24 20:00:00,48.1,50.7
500KV-BYQ-002,2025-06-24 20:00:00,56.3,58.1
500KV-BYQ-003,2025-06-24 20:00:00,65.0,66.5
500KV-BYQ-001,2025-06-24 21:00:00,60.7,62.2
500KV-BYQ-002,2025-06-24 21:00:00,64.6,65.8
500KV-BYQ-003,2025-06-24 21:00:00,66.4,68.9
500KV-BYQ-001,2025-06-24 22:00:00,53.3,55.5
500KV-BYQ-002,2025-06-24 22:00:00,64.7,66.4
500KV-BYQ-003,2025-06-24 22:00:00,67.5,69.0
500KV-BYQ-001,2025-06-24 23:00:00,48.7,50.5
500KV-BYQ-002,2025-06-24 23:00:00,46.9,49.5
500KV-BYQ-003,2025-06-24 23:00:00,66.9,68.0
500KV-BYQ-001,2025-06-25 00:00:00,58.0,60.6
500KV-BYQ-002,2025-06-25 00:00:00,63.5,65.4
500KV-BYQ-003,2025-06-25 00:00:00,63.0,64.5
500KV-BYQ-001,2025-06-25 01:00:00,47.3,50.1
500KV-BYQ-002,2025-06-25 01:00:00,62.0,63.3
500KV-BYQ-003,2025-06-25 01:00:00,46.8,49.7
500KV-BYQ-001,2025-06-25 02:00:00,65.8,67.1
500KV-BYQ-002,2025-06-25 02:00:00,51.6,53.8
500KV-BYQ-003,2025-06-25 02:00:00,54.4,57.0
500KV-BYQ-001,2025-06-25 03:00:00,53.6,56.4
500KV-BYQ-002,2025-06-25 03:00:00,60.4,61.6
500KV-BYQ-003,2025-06-25 03:00:00,55.2,58.2
500KV-BYQ-001,2025-06-25 04:00:00,51.1,53.0
500KV-BYQ-002,2025-06-25 04:00:00,54.2,55.6
500KV-BYQ-003,2025-06-25 04:00:00,48.5,50.8
500KV-BYQ-001,2025-06-25 05:00:00,48.0,51.0
500KV-BYQ-002,2025-06-25 05:00:00,64.4,65.8
500KV-BYQ-003,2025-06-25 05:00:00,49.3,52.1
500KV-BYQ-001,2025-06-25 06:00:00,49.9,51.9
500KV-BYQ-002,2025-06-25 06:00:00,64.1,65.6
500KV-BYQ-003,2025-06-25 06:00:00,59.0,61.0
500KV-BYQ-001,2025-06-25 07:00:00,66.5,67.7
500KV-BYQ-002,2025-06-25 07:00:00,59.6,60.7
500KV-BYQ-003,2025-06-25 07:00:00,49.9,51.9
500KV-BYQ-001,2025-06-25 08:00:00,61.6,62.7
500KV-BYQ-002,2025-06-25 08:00:00,52.8,55.0
500KV-BYQ-003,2025-06-25 08:00:00,57.8,60.3
500KV-BYQ-001,2025-06-25 09:00:00,68.6,70.9
500KV-BYQ-002,2025-06-25 09:00:00,50.0,51.5
500KV-BYQ-003,2025-06-25 09:00:00,65.8,68.2
500KV-BYQ-001,2025-06-25 10:00:00,55.4,57.6
500KV-BYQ-002,2025-06-25 10:00:00,56.0,58.3
500KV-BYQ-003,2025-06-25 10:00:00,47.9,50.5
500KV-BYQ-001,2025-06-25 11:00:00,65.4,66.8
500KV-BYQ-002,2025-06-25 11:00:00,51.6,53.5
500KV-BYQ-003,2025-06-25 11:00:00,66.0,67.8
500KV-BYQ-001,2025-06-25 12:00:00,52.2,54.2
500KV-BYQ-002,2025-06-25 12:00:00,50.9,53.3
500KV-BYQ-003,2025-06-25 12:00:00,65.8,67.4
500KV-BYQ-001,2025-06-25 13:00:00,68.8,70.6
500KV-BYQ-002,2025-06-25 13:00:00,53.7,55.8
500KV-BYQ-003,2025-06-25 13:00:00,51.4,54.0
500KV-BYQ-001,2025-06-25 14:00:00,53.0,54.3
500KV-BYQ-002,2025-06-25 14:00:00,64.8,67.5
500KV-BYQ-003,2025-06-25 14:00:00,71.6,72.8
500KV-BYQ-001,2025-06-25 15:00:00,54.8,57.4
500KV-BYQ-002,2025-06-25 15:00:00,70.2,73.0
500KV-BYQ-003,2025-06-25 15:00:00,66.7,68.9
500KV-BYQ-001,2025-06-25 16:00:00,64.7,67.5
500KV-BYQ-002,2025-06-25 16:00:00,53.1,55.4
500KV-BYQ-003,2025-06-25 16:00:00,57.3,58.4
500KV-BYQ-001,2025-06-25 17:00:00,58.5,60.1
500KV-BYQ-002,2025-06-25 17:00:00,50.2,53.0
500KV-BYQ-003,2025-06-25 17:00:00,69.1,70.8
500KV-BYQ-001,2025-06-25 18:00:00,65.3,67.9
500KV-BYQ-002,2025-06-25 18:00:00,70.3,72.7
500KV-BYQ-003,2025-06-25 18:00:00,49.2,50.5
500KV-BYQ-001,2025-06-25 19:00:00,50.7,52.2
500KV-BYQ-002,2025-06-25 19:00:00,46.6,48.1
500KV-BYQ-003,2025-06-25 19:00:00,62.2,64.1
500KV-BYQ-001,2025-06-25 20:00:00,68.8,70.9
500KV-BYQ-002,2025-06-25 20:00:00,69.6,70.8
500KV-BYQ-003,2025-06-25 20:00:00,44.8,46.7
500KV-BYQ-001,2025-06-25 21:00:00,63.0,64.5
500KV-BYQ-002,2025-06-25 21:00:00,48.4,49.6
500KV-BYQ-003,2025-06-25 21:00:00,61.6,64.2
500KV-BYQ-001,2025-06-25 22:00:00,50.4,52.1
500KV-BYQ-002,2025-06-25 22:00:00,54.6,56.9
500KV-BYQ-003,2025-06-25 22:00:00,60.1,62.3
500KV-BYQ-001,2025-06-25 23:00:00,65.2,67.7
500KV-BYQ-002,2025-06-25 23:00:00,56.3,58.2
500KV-BYQ-003,2025-06-25 23:00:00,63.8,65.0
500KV-BYQ-001,2025-06-26 00:00:00,44.2,45.5
500KV-BYQ-002,2025-06-26 00:00:00,63.2,64.6
500KV-BYQ-003,2025-06-26 00:00:00,48.4,50.2
500KV-BYQ-001,2025-06-26 01:00:00,44.0,45.9
500KV-BYQ-002,2025-06-26 01:00:00,46.3,49.2
500KV-BYQ-003,2025-06-26 01:00:00,45.5,47.3
500KV-BYQ-001,2025-06-26 02:00:00,49.6,51.0
500KV-BYQ-002,2025-06-26 02:00:00,58.5,60.8
500KV-BYQ-003,2025-06-26 02:00:00,60.8,63.5
500KV-BYQ-001,2025-06-26 03:00:00,53.1,55.1
500KV-BYQ-002,2025-06-26 03:00:00,53.6,55.7
500KV-BYQ-003,2025-06-26 03:00:00,61.2,62.5
500KV-BYQ-001,2025-06-26 04:00:00,60.3,63.0
500KV-BYQ-002,2025-06-26 04:00:00,61.4,63.1
500KV-BYQ-003,2025-06-26 04:00:00,53.7,55.6
500KV-BYQ-001,2025-06-26 05:00:00,54.2,55.9
500KV-BYQ-002,2025-06-26 05:00:00,66.3,68.9
500KV-BYQ-003,2025-06-26 05:00:00,51.7,53.0
500KV-BYQ-001,2025-06-26 06:00:00,61.6,63.5
500KV-BYQ-002,2025-06-26 06:00:00,50.4,52.2
500KV-BYQ-003,2025-06-26 06:00:00,51.3,54.2
500KV-BYQ-001,2025-06-26 07:00:00,59.3,61.1
500KV-BYQ-002,2025-06-26 07:00:00,44.1,46.6
500KV-BYQ-003,2025-06-26 07:00:00,58.6,60.5
500KV-BYQ-001,2025-06-26 08:00:00,57.1,59.8
500KV-BYQ-002,2025-06-26 08:00:00,55.3,56.9
500KV-BYQ-003,2025-06-26 08:00:00,61.9,64.5
500KV-BYQ-001,2025-06-26 09:00:00,63.1,64.1
500KV-BYQ-002,2025-06-26 09:00:00,53.1,55.4
500KV-BYQ-003,2025-06-26 09:00:00,55.7,58.3
500KV-BYQ-001,2025-06-26 10:00:00,47.6,49.2
500KV-BYQ-002,2025-06-26 10:00:00,66.5,69.4
500KV-BYQ-003,2025-06-26 10:00:00,62.1,64.6
500KV-BYQ-001,2025-06-26 11:00:00,58.4,59.5
500KV-BYQ-002,2025-06-26 11:00:00,63.0,65.3
500KV-BYQ-003,2025-06-26 11:00:00,55.3,56.6
500KV-BYQ-001,2025-06-26 12:00:00,66.5,67.6
500KV-BYQ-002,2025-06-26 12:00:00,63.4,66.1
500KV-BYQ-003,2025-06-26 12:00:00,71.0,73
500KV-BYQ-001,2025-06-26 13:00:00,70.1,72.1
500KV-BYQ-002,2025-06-26 13:00:00,56.2,58.9
500KV-BYQ-003,2025-06-26 13:00:00,72.6,73
500KV-BYQ-001,2025-06-26 14:00:00,49.7,51.5
500KV-BYQ-002,2025-06-26 14:00:00,51.0,53.9
500KV-BYQ-003,2025-06-26 14:00:00,64.7,65.9
500KV-BYQ-001,2025-06-26 15:00:00,50.4,52.0
500KV-BYQ-002,2025-06-26 15:00:00,47.4,49.5
500KV-BYQ-003,2025-06-26 15:00:00,63.2,66.1
500KV-BYQ-001,2025-06-26 16:00:00,53.5,55.6
500KV-BYQ-002,2025-06-26 16:00:00,66.2,67.4
500KV-BYQ-003,2025-06-26 16:00:00,56.1,57.5
500KV-BYQ-001,2025-06-26 17:00:00,62.0,63.7
500KV-BYQ-002,2025-06-26 17:00:00,63.3,65.8
500KV-BYQ-003,2025-06-26 17:00:00,52.9,54.7
500KV-BYQ-001,2025-06-26 18:00:00,47.2,48.7
500KV-BYQ-002,2025-06-26 18:00:00,49.5,50.7
500KV-BYQ-003,2025-06-26 18:00:00,64.9,66.1
500KV-BYQ-001,2025-06-26 19:00:00,58.3,60.2
500KV-BYQ-002,2025-06-26 19:00:00,67.7,69.2
500KV-BYQ-003,2025-06-26 19:00:00,64.9,67.5
500KV-BYQ-001,2025-06-26 20:00:00,70.1,71.9
500KV-BYQ-002,2025-06-26 20:00:00,65.1,68.0
500KV-BYQ-003,2025-06-26 20:00:00,49.0,50.1
500KV-BYQ-001,2025-06-26 21:00:00,63.0,65.7
500KV-BYQ-002,2025-06-26 21:00:00,52.1,53.9
500KV-BYQ-003,2025-06-26 21:00:00,47.4,49.0
500KV-BYQ-001,2025-06-26 22:00:00,59.9,62.2
500KV-BYQ-002,2025-06-26 22:00:00,56.7,58.6
500KV-BYQ-003,2025-06-26 22:00:00,60.7,61.9
500KV-BYQ-001,2025-06-26 23:00:00,45.8,48.0
500KV-BYQ-002,2025-06-26 23:00:00,62.5,65.3
500KV-BYQ-003,2025-06-26 23:00:00,54.7,57.4
500KV-BYQ-001,2025-06-27 00:00:00,54.7,57.1
500KV-BYQ-002,2025-06-27 00:00:00,60.4,62.9
500KV-BYQ-003,2025-06-27 00:00:00,64.4,66.1
500KV-BYQ-001,2025-06-27 01:00:00,45.6,47.4
500KV-BYQ-002,2025-06-27 01:00:00,60.3,62.6
500KV-BYQ-003,2025-06-27 01:00:00,55.0,57.8
500KV-BYQ-001,2025-06-27 02:00:00,64.4,66.0
500KV-BYQ-002,2025-06-27 02:00:00,56.0,58.6
500KV-BYQ-003,2025-06-27 02:00:00,45.7,46.8
500KV-BYQ-001,2025-06-27 03:00:00,55.4,57.1
500KV-BYQ-002,2025-06-27 03:00:00,54.8,56.1
500KV-BYQ-003,2025-06-27 03:00:00,56.3,58.1
500KV-BYQ-001,2025-06-27 04:00:00,65.6,68.1
500KV-BYQ-002,2025-06-27 04:00:00,58.8,60.6
500KV-BYQ-003,2025-06-27 04:00:00,55.3,58.1
500KV-BYQ-001,2025-06-27 05:00:00,56.0,58.4
500KV-BYQ-002,2025-06-27 05:00:00,55.6,56.6
500KV-BYQ-003,2025-06-27 05:00:00,54.3,56.5
500KV-BYQ-001,2025-06-27 06:00:00,63.8,65.9
500KV-BYQ-002,2025-06-27 06:00:00,58.8,60.2
500KV-BYQ-003,2025-06-27 06:00:00,44.4,46.4
500KV-BYQ-001,2025-06-27 07:00:00,62.7,64.5
500KV-BYQ-002,2025-06-27 07:00:00,44.9,47.7
500KV-BYQ-003,2025-06-27 07:00:00,50.7,53.4
500KV-BYQ-001,2025-06-27 08:00:00,62.1,63.1
500KV-BYQ-002,2025-06-27 08:00:00,70.2,73.0
500KV-BYQ-003,2025-06-27 08:00:00,52.1,54.0
500KV-BYQ-001,2025-06-27 09:00:00,56.3,57.8
500KV-BYQ-002,2025-06-27 09:00:00,67.0,69.8
500KV-BYQ-003,2025-06-27 09:00:00,54.5,55.9
500KV-BYQ-001,2025-06-27 10:00:00,52.6,54.1
500KV-BYQ-002,2025-06-27 10:00:00,53.0,55.0
500KV-BYQ-003,2025-06-27 10:00:00,61.5,63.1
500KV-BYQ-001,2025-06-27 11:00:00,51.5,53.9
500KV-BYQ-002,2025-06-27 11:00:00,58.3,60.6
500KV-BYQ-003,2025-06-27 11:00:00,66.2,69.1
500KV-BYQ-001,2025-06-27 12:00:00,67.9,70.2
500KV-BYQ-002,2025-06-27 12:00:00,65.8,68.7
500KV-BYQ-003,2025-06-27 12:00:00,61.1,63.6
500KV-BYQ-001,2025-06-27 13:00:00,59.7,60.9
500KV-BYQ-002,2025-06-27 13:00:00,53.6,56.5
500KV-BYQ-003,2025-06-27 13:00:00,70.5,71.6
500KV-BYQ-001,2025-06-27 14:00:00,57.4,58.5
500KV-BYQ-002,2025-06-27 14:00:00,57.1,58.7
500KV-BYQ-003,2025-06-27 14:00:00,62.1,65.0
500KV-BYQ-001,2025-06-27 15:00:00,63.5,65.8
500KV-BYQ-002,2025-06-27 15:00:00,56.4,57.5
500KV-BYQ-003,2025-06-27 15:00:00,66.2,67.9
500KV-BYQ-001,2025-06-27 16:00:00,65.4,66.7
500KV-BYQ-002,2025-06-27 16:00:00,66.0,67.7
500KV-BYQ-003,2025-06-27 16:00:00,53.4,54.5
500KV-BYQ-001,2025-06-27 17:00:00,57.2,58.4
500KV-BYQ-002,2025-06-27 17:00:00,55.2,56.4
500KV-BYQ-003,2025-06-27 17:00:00,67.9,69.1
500KV-BYQ-001,2025-06-27 18:00:00,62.3,64.8
500KV-BYQ-002,2025-06-27 18:00:00,62.0,64.2
500KV-BYQ-003,2025-06-27 18:00:00,49.8,52.4
500KV-BYQ-001,2025-06-27 19:00:00,52.9,54.2
500KV-BYQ-002,2025-06-27 19:00:00,65.4,66.4
500KV-BYQ-003,2025-06-27 19:00:00,60.2,62.4
500KV-BYQ-001,2025-06-27 20:00:00,56.8,59.2
500KV-BYQ-002,2025-06-27 20:00:00,55.7,58.5
500KV-BYQ-003,2025-06-27 20:00:00,59.8,61.0
500KV-BYQ-001,2025-06-27 21:00:00,51.8,54.6
500KV-BYQ-002,2025-06-27 21:00:00,59.0,60.4
500KV-BYQ-003,2025-06-27 21:00:00,61.3,62.4
500KV-BYQ-001,2025-06-27 22:00:00,60.3,62.3
500KV-BYQ-002,2025-06-27 22:00:00,68.1,69.8
500KV-BYQ-003,2025-06-27 22:00:00,58.9,61.7
500KV-BYQ-001,2025-06-27 23:00:00,56.9,59.8
500KV-BYQ-002,2025-06-27 23:00:00,51.2,53.6
500KV-BYQ-003,2025-06-27 23:00:00,61.9,63.6
500KV-BYQ-001,2025-06-28 00:00:00,63.1,64.5
500KV-BYQ-002,2025-06-28 00:00:00,62.2,63.4
500KV-BYQ-003,2025-06-28 00:00:00,66.0,68.1
500KV-BYQ-001,2025-06-28 01:00:00,50.1,51.4
500KV-BYQ-002,2025-06-28 01:00:00,46.9,49.8
500KV-BYQ-003,2025-06-28 01:00:00,55.2,56.9
500KV-BYQ-001,2025-06-28 02:00:00,63.1,64.9
500KV-BYQ-002,2025-06-28 02:00:00,61.6,64.2
500KV-BYQ-003,2025-06-28 02:00:00,47.3,50.2
500KV-BYQ-001,2025-06-28 03:00:00,49.6,51.2
500KV-BYQ-002,2025-06-28 03:00:00,55.1,56.5
500KV-BYQ-003,2025-06-28 03:00:00,54.1,57.1
500KV-BYQ-001,2025-06-28 04:00:00,46.2,48.6
500KV-BYQ-002,2025-06-28 04:00:00,64.9,67.2
500KV-BYQ-003,2025-06-28 04:00:00,55.3,58.0
500KV-BYQ-001,2025-06-28 05:00:00,50.0,52.8
500KV-BYQ-002,2025-06-28 05:00:00,51.9,54.8
500KV-BYQ-003,2025-06-28 05:00:00,55.5,58.5
500KV-BYQ-001,2025-06-28 06:00:00,61.7,62.8
500KV-BYQ-002,2025-06-28 06:00:00,56.2,58.7
500KV-BYQ-003,2025-06-28 06:00:00,58.2,60.9
500KV-BYQ-001,2025-06-28 07:00:00,61.1,62.1
500KV-BYQ-002,2025-06-28 07:00:00,50.6,52.3
500KV-BYQ-003,2025-06-28 07:00:00,43.7,46.2
500KV-BYQ-001,2025-06-28 08:00:00,59.9,62.0
500KV-BYQ-002,2025-06-28 08:00:00,47.8,50.7
500KV-BYQ-003,2025-06-28 08:00:00,50.9,53.1
500KV-BYQ-001,2025-06-28 09:00:00,55.3,58.2
500KV-BYQ-002,2025-06-28 09:00:00,51.8,54.6
500KV-BYQ-003,2025-06-28 09:00:00,68.0,70.8
500KV-BYQ-001,2025-06-28 10:00:00,68.2,70.4
500KV-BYQ-002,2025-06-28 10:00:00,72.3,73
500KV-BYQ-003,2025-06-28 10:00:00,70.4,71.7
500KV-BYQ-001,2025-06-28 11:00:00,55.2,56.3
500KV-BYQ-002,2025-06-28 11:00:00,48.5,50.5
500KV-BYQ-003,2025-06-28 11:00:00,50.6,53.0
500KV-BYQ-001,2025-06-28 12:00:00,54.9,57.7
500KV-BYQ-002,2025-06-28 12:00:00,65.9,68.6
500KV-BYQ-003,2025-06-28 12:00:00,61.8,63.7
500KV-BYQ-001,2025-06-28 13:00:00,56.6,58.4
500KV-BYQ-002,2025-06-28 13:00:00,69.6,71.5
500KV-BYQ-003,2025-06-28 13:00:00,60.4,63.3
500KV-BYQ-001,2025-06-28 14:00:00,64.9,67.0
500KV-BYQ-002,2025-06-28 14:00:00,53.5,55.9
500KV-BYQ-003,2025-06-28 14:00:00,67.2,69.0
500KV-BYQ-001,2025-06-28 15:00:00,58.5,61.1
500KV-BYQ-002,2025-06-28 15:00:00,48.8,50.7
500KV-BYQ-003,2025-06-28 15:00:00,56.4,58.2
500KV-BYQ-001,2025-06-28 16:00:00,68.8,71.1
500KV-BYQ-002,2025-06-28 16:00:00,54.0,56.0
500KV-BYQ-003,2025-06-28 16:00:00,50.1,52.3
500KV-BYQ-001,2025-06-28 17:00:00,62.4,65.0
500KV-BYQ-002,2025-06-28 17:00:00,69.3,71.5
500KV-BYQ-003,2025-06-28 17:00:00,62.3,63.5
500KV-BYQ-001,2025-06-28 18:00:00,50.5,51.5
500KV-BYQ-002,2025-06-28 18:00:00,56.7,58.9
500KV-BYQ-003,2025-06-28 18:00:00,49.6,51.7
500KV-BYQ-001,2025-06-28 19:00:00,55.5,57.6
500KV-BYQ-002,2025-06-28 19:00:00,66.1,68.1
500KV-BYQ-003,2025-06-28 19:00:00,60.0,61.5
500KV-BYQ-001,2025-06-28 20:00:00,56.5,59.0
500KV-BYQ-002,2025-06-28 20:00:00,67.0,69.3
500KV-BYQ-003,2025-06-28 20:00:00,61.0,63.5
500KV-BYQ-001,2025-06-28 21:00:00,61.6,63.2
500KV-BYQ-002,2025-06-28 21:00:00,68.2,69.4
500KV-BYQ-003,2025-06-28 21:00:00,56.9,59.8
500KV-BYQ-001,2025-06-28 22:00:00,68.8,70.4
500KV-BYQ-002,2025-06-28 22:00:00,45.6,47.3
500KV-BYQ-003,2025-06-28 22:00:00,61.1,63.9
500KV-BYQ-001,2025-06-28 23:00:00,57.3,59.7
500KV-BYQ-002,2025-06-28 23:00:00,59.1,60.4
500KV-BYQ-003,2025-06-28 23:00:00,65.1,68.1
500KV-BYQ-001,2025-06-29 00:00:00,65.1,66.7
500KV-BYQ-002,2025-06-29 00:00:00,63.4,64.8
500KV-BYQ-003,2025-06-29 00:00:00,56.4,59.3
500KV-BYQ-001,2025-06-29 01:00:00,59.6,62.5
500KV-BYQ-002,2025-06-29 01:00:00,51.6,53.7
500KV-BYQ-003,2025-06-29 01:00:00,50.7,51.8
500KV-BYQ-001,2025-06-29 02:00:00,63.4,65.9
500KV-BYQ-002,2025-06-29 02:00:00,49.5,50.6
500KV-BYQ-003,2025-06-29 02:00:00,53.7,56.1
500KV-BYQ-001,2025-06-29 03:00:00,57.4,59.9
500KV-BYQ-002,2025-06-29 03:00:00,47.6,49.3
500KV-BYQ-003,2025-06-29 03:00:00,53.1,54.3
500KV-BYQ-001,2025-06-29 04:00:00,47.3,48.9
500KV-BYQ-002,2025-06-29 04:00:00,58.9,59.9
500KV-BYQ-003,2025-06-29 04:00:00,58.5,59.9
500KV-BYQ-001,2025-06-29 05:00:00,59.0,60.8
500KV-BYQ-002,2025-06-29 05:00:00,65.6,67.6
500KV-BYQ-003,2025-06-29 05:00:00,61.0,62.6
500KV-BYQ-001,2025-06-29 06:00:00,64.2,66.9
500KV-BYQ-002,2025-06-29 06:00:00,49.4,51.4
500KV-BYQ-003,2025-06-29 06:00:00,62.1,63.6
500KV-BYQ-001,2025-06-29 07:00:00,58.4,59.7
500KV-BYQ-002,2025-06-29 07:00:00,54.8,57.1
500KV-BYQ-003,2025-06-29 07:00:00,60.6,62.1
500KV-BYQ-001,2025-06-29 08:00:00,69.7,72.5
500KV-BYQ-002,2025-06-29 08:00:00,50.2,51.7
500KV-BYQ-003,2025-06-29 08:00:00,50.3,51.5
500KV-BYQ-001,2025-06-29 09:00:00,59.8,61.3
500KV-BYQ-002,2025-06-29 09:00:00,68.4,69.6
500KV-BYQ-003,2025-06-29 09:00:00,71.0,72.4
500KV-BYQ-001,2025-06-29 10:00:00,50.5,53.3
500KV-BYQ-002,2025-06-29 10:00:00,60.7,61.8
500KV-BYQ-003,2025-06-29 10:00:00,69.4,71.9
500KV-BYQ-001,2025-06-29 11:00:00,67.0,68.4
500KV-BYQ-002,2025-06-29 11:00:00,54.2,56.4
500KV-BYQ-003,2025-06-29 11:00:00,56.2,57.6
500KV-BYQ-001,2025-06-29 12:00:00,64.0,65.6
500KV-BYQ-002,2025-06-29 12:00:00,51.8,54.1
500KV-BYQ-003,2025-06-29 12:00:00,59.8,62.5
500KV-BYQ-001,2025-06-29 13:00:00,59.0,60.7
500KV-BYQ-002,2025-06-29 13:00:00,50.5,52.4
500KV-BYQ-003,2025-06-29 13:00:00,60.9,63.5
500KV-BYQ-001,2025-06-29 14:00:00,51.0,52.1
500KV-BYQ-002,2025-06-29 14:00:00,59.1,60.2
500KV-BYQ-003,2025-06-29 14:00:00,71.1,73
500KV-BYQ-001,2025-06-29 15:00:00,62.9,64.7
500KV-BYQ-002,2025-06-29 15:00:00,47.8,49.9
500KV-BYQ-003,2025-06-29 15:00:00,67.0,68.2
500KV-BYQ-001,2025-06-29 16:00:00,70.1,72.6
500KV-BYQ-002,2025-06-29 16:00:00,68.8,71.6
500KV-BYQ-003,2025-06-29 16:00:00,64.5,67.4
500KV-BYQ-001,2025-06-29 17:00:00,58.2,59.4
500KV-BYQ-002,2025-06-29 17:00:00,48.2,50.4
500KV-BYQ-003,2025-06-29 17:00:00,60.3,63.2
500KV-BYQ-001,2025-06-29 18:00:00,60.2,61.7
500KV-BYQ-002,2025-06-29 18:00:00,58.9,60.1
500KV-BYQ-003,2025-06-29 18:00:00,59.8,62.0
500KV-BYQ-001,2025-06-29 19:00:00,53.8,55.3
500KV-BYQ-002,2025-06-29 19:00:00,61.4,62.5
500KV-BYQ-003,2025-06-29 19:00:00,49.1,51.6
500KV-BYQ-001,2025-06-29 20:00:00,55.8,57.9
500KV-BYQ-002,2025-06-29 20:00:00,52.7,55.6
500KV-BYQ-003,2025-06-29 20:00:00,57.3,59.1
500KV-BYQ-001,2025-06-29 21:00:00,53.9,55.0
500KV-BYQ-002,2025-06-29 21:00:00,66.7,69.0
500KV-BYQ-003,2025-06-29 21:00:00,46.2,47.8
500KV-BYQ-001,2025-06-29 22:00:00,67.6,69.4
500KV-BYQ-002,2025-06-29 22:00:00,52.0,53.5
500KV-BYQ-003,2025-06-29 22:00:00,59.8,62.7
500KV-BYQ-001,2025-06-29 23:00:00,51.0,54.0
500KV-BYQ-002,2025-06-29 23:00:00,49.2,51.3
500KV-BYQ-003,2025-06-29 23:00:00,53.0,55.8
500KV-BYQ-001,2025-06-30 00:00:00,52.9,55.5
500KV-BYQ-002,2025-06-30 00:00:00,46.3,47.5
500KV-BYQ-003,2025-06-30 00:00:00,48.8,51.4
500KV-BYQ-001,2025-06-30 01:00:00,60.5,62.7
500KV-BYQ-002,2025-06-30 01:00:00,43.3,44.3
500KV-BYQ-003,2025-06-30 01:00:00,51.8,54.8
500KV-BYQ-001,2025-06-30 02:00:00,61.0,63.0
500KV-BYQ-002,2025-06-30 02:00:00,48.2,50.1
500KV-BYQ-003,2025-06-30 02:00:00,65.6,68.5
500KV-BYQ-001,2025-06-30 03:00:00,63.0,65.6
500KV-BYQ-002,2025-06-30 03:00:00,52.6,54.4
500KV-BYQ-003,2025-06-30 03:00:00,58.1,60.5
500KV-BYQ-001,2025-06-30 04:00:00,64.6,65.8
500KV-BYQ-002,2025-06-30 04:00:00,43.4,45.0
500KV-BYQ-003,2025-06-30 04:00:00,48.9,51.0
500KV-BYQ-001,2025-06-30 05:00:00,53.9,55.6
500KV-BYQ-002,2025-06-30 05:00:00,60.4,61.9
500KV-BYQ-003,2025-06-30 05:00:00,58.4,61.2
500KV-BYQ-001,2025-06-30 06:00:00,60.3,61.3
500KV-BYQ-002,2025-06-30 06:00:00,49.1,50.7
500KV-BYQ-003,2025-06-30 06:00:00,49.1,51.3
500KV-BYQ-001,2025-06-30 07:00:00,64.2,66.3
500KV-BYQ-002,2025-06-30 07:00:00,59.2,61.4
500KV-BYQ-003,2025-06-30 07:00:00,61.4,63.8
500KV-BYQ-001,2025-06-30 08:00:00,68.3,70.4
500KV-BYQ-002,2025-06-30 08:00:00,55.6,58.6
500KV-BYQ-003,2025-06-30 08:00:00,52.9,54.7
500KV-BYQ-001,2025-06-30 09:00:00,56.0,57.0
500KV-BYQ-002,2025-06-30 09:00:00,59.0,60.9
500KV-BYQ-003,2025-06-30 09:00:00,55.4,57.8
500KV-BYQ-001,2025-06-30 10:00:00,60.3,61.7
500KV-BYQ-002,2025-06-30 10:00:00,57.9,59.6
500KV-BYQ-003,2025-06-30 10:00:00,61.6,63.3
500KV-BYQ-001,2025-06-30 11:00:00,59.3,60.5
500KV-BYQ-002,2025-06-30 11:00:00,63.5,65.3
500KV-BYQ-003,2025-06-30 11:00:00,67.8,70.5
500KV-BYQ-001,2025-06-30 12:00:00,57.8,59.2
500KV-BYQ-002,2025-06-30 12:00:00,51.3,54.3
500KV-BYQ-003,2025-06-30 12:00:00,56.2,58.5
500KV-BYQ-001,2025-06-30 13:00:00,65.6,68.6
500KV-BYQ-002,2025-06-30 13:00:00,51.7,53.0
500KV-BYQ-003,2025-06-30 13:00:00,54.2,56.7
500KV-BYQ-001,2025-06-30 14:00:00,63.2,64.9
500KV-BYQ-002,2025-06-30 14:00:00,65.4,68.4
500KV-BYQ-003,2025-06-30 14:00:00,68.3,69.6
500KV-BYQ-001,2025-06-30 15:00:00,72.3,73
500KV-BYQ-002,2025-06-30 15:00:00,61.6,63.4
500KV-BYQ-003,2025-06-30 15:00:00,68.5,70.3
500KV-BYQ-001,2025-06-30 16:00:00,58.0,59.9
500KV-BYQ-002,2025-06-30 16:00:00,69.2,72.2
500KV-BYQ-003,2025-06-30 16:00:00,56.9,58.2
500KV-BYQ-001,2025-06-30 17:00:00,69.2,72.0
500KV-BYQ-002,2025-06-30 17:00:00,65.8,68.6
500KV-BYQ-003,2025-06-30 17:00:00,63.0,65.2
500KV-BYQ-001,2025-06-30 18:00:00,59.4,61.6
500KV-BYQ-002,2025-06-30 18:00:00,66.4,69.0
500KV-BYQ-003,2025-06-30 18:00:00,58.0,59.9
500KV-BYQ-001,2025-06-30 19:00:00,58.8,61.6
500KV-BYQ-002,2025-06-30 19:00:00,49.4,52.2
500KV-BYQ-003,2025-06-30 19:00:00,60.6,62.9
500KV-BYQ-001,2025-06-30 20:00:00,60.0,62.8
500KV-BYQ-002,2025-06-30 20:00:00,57.6,59.9
500KV-BYQ-003,2025-06-30 20:00:00,62.6,64.7
500KV-BYQ-001,2025-06-30 21:00:00,56.2,57.3
500KV-BYQ-002,2025-06-30 21:00:00,63.8,65.5
500KV-BYQ-003,2025-06-30 21:00:00,62.3,65.1
500KV-BYQ-001,2025-06-30 22:00:00,68.4,70.2
500KV-BYQ-002,2025-06-30 22:00:00,51.8,54.0
500KV-BYQ-003,2025-06-30 22:00:00,67.1,68.5
500KV-BYQ-001,2025-06-30 23:00:00,61.5,62.7
500KV-BYQ-002,2025-06-30 23:00:00,52.3,54.8
500KV-BYQ-003,2025-06-30 23:00:00,58.5,61.0
500KV-BYQ-001,2025-07-01 00:00:00,58.3,60.5
500KV-BYQ-002,2025-07-01 00:00:00,57.9,60.1
500KV-BYQ-003,2025-07-01 00:00:00,50.0,52.9
500KV-BYQ-001,2025-07-01 01:00:00,64.4,65.5
500KV-BYQ-002,2025-07-01 01:00:00,49.6,52.6
500KV-BYQ-003,2025-07-01 01:00:00,52.1,54.2
500KV-BYQ-001,2025-07-01 02:00:00,50.4,51.6
500KV-BYQ-002,2025-07-01 02:00:00,56.5,58.6
500KV-BYQ-003,2025-07-01 02:00:00,49.0,50.6
500KV-BYQ-001,2025-07-01 03:00:00,52.0,53.6
500KV-BYQ-002,2025-07-01 03:00:00,52.0,53.1
500KV-BYQ-003,2025-07-01 03:00:00,42.7,44.0
500KV-BYQ-001,2025-07-01 04:00:00,61.9,64.6
500KV-BYQ-002,2025-07-01 04:00:00,53.3,55.6
500KV-BYQ-003,2025-07-01 04:00:00,53.1,55.2
500KV-BYQ-001,2025-07-01 05:00:00,62.2,64.3
500KV-BYQ-002,2025-07-01 05:00:00,51.0,52.8
500KV-BYQ-003,2025-07-01 05:00:00,50.4,52.1
500KV-BYQ-001,2025-07-01 06:00:00,64.6,67.1
500KV-BYQ-002,2025-07-01 06:00:00,64.3,66.7
500KV-BYQ-003,2025-07-01 06:00:00,64.1,65.1
500KV-BYQ-001,2025-07-01 07:00:00,55.7,58.0
500KV-BYQ-002,2025-07-01 07:00:00,60.4,62.0
500KV-BYQ-003,2025-07-01 07:00:00,59.2,60.4
500KV-BYQ-001,2025-07-01 08:00:00,54.7,56.4
500KV-BYQ-002,2025-07-01 08:00:00,50.5,53.0
500KV-BYQ-003,2025-07-01 08:00:00,56.0,58.5
500KV-BYQ-001,2025-07-01 09:00:00,50.1,53.0
500KV-BYQ-002,2025-07-01 09:00:00,65.8,68.5
500KV-BYQ-003,2025-07-01 09:00:00,62.6,63.8
500KV-BYQ-001,2025-07-01 10:00:00,71.7,73
500KV-BYQ-002,2025-07-01 10:00:00,55.9,58.9
500KV-BYQ-003,2025-07-01 10:00:00,55.8,57.9
500KV-BYQ-001,2025-07-01 11:00:00,50.6,51.9
500KV-BYQ-002,2025-07-01 11:00:00,61.4,62.9
500KV-BYQ-003,2025-07-01 11:00:00,65.1,67.8
500KV-BYQ-001,2025-07-01 12:00:00,71.0,72.2
500KV-BYQ-002,2025-07-01 12:00:00,62.9,64.7
500KV-BYQ-003,2025-07-01 12:00:00,62.6,64.3
500KV-BYQ-001,2025-07-01 13:00:00,54.5,55.6
500KV-BYQ-002,2025-07-01 13:00:00,65.1,66.6
500KV-BYQ-003,2025-07-01 13:00:00,48.2,49.4
500KV-BYQ-001,2025-07-01 14:00:00,63.7,64.9
500KV-BYQ-002,2025-07-01 14:00:00,53.8,55.3
500KV-BYQ-003,2025-07-01 14:00:00,59.1,60.7
500KV-BYQ-001,2025-07-01 15:00:00,65.4,67.5
500KV-BYQ-002,2025-07-01 15:00:00,63.4,65.1
500KV-BYQ-003,2025-07-01 15:00:00,53.8,56.3
500KV-BYQ-001,2025-07-01 16:00:00,62.6,63.8
500KV-BYQ-002,2025-07-01 16:00:00,51.6,52.7
500KV-BYQ-003,2025-07-01 16:00:00,47.2,49.0
500KV-BYQ-001,2025-07-01 17:00:00,67.0,68.1
500KV-BYQ-002,2025-07-01 17:00:00,67.1,69.5
500KV-BYQ-003,2025-07-01 17:00:00,57.2,59.7
500KV-BYQ-001,2025-07-01 18:00:00,53.3,55.9
500KV-BYQ-002,2025-07-01 18:00:00,69.6,70.7
500KV-BYQ-003,2025-07-01 18:00:00,56.2,59.2
500KV-BYQ-001,2025-07-01 19:00:00,63.5,65.3
500KV-BYQ-002,2025-07-01 19:00:00,57.3,59.9
500KV-BYQ-003,2025-07-01 19:00:00,68.9,71.6
500KV-BYQ-001,2025-07-01 20:00:00,55.8,58.2
500KV-BYQ-002,2025-07-01 20:00:00,68.1,71.1
500KV-BYQ-003,2025-07-01 20:00:00,64.1,66.3
500KV-BYQ-001,2025-07-01 21:00:00,54.0,56.9
500KV-BYQ-002,2025-07-01 21:00:00,46.8,49.5
500KV-BYQ-003,2025-07-01 21:00:00,58.6,59.7
500KV-BYQ-001,2025-07-01 22:00:00,64.2,66.2
500KV-BYQ-002,2025-07-01 22:00:00,61.0,63.9
500KV-BYQ-003,2025-07-01 22:00:00,61.0,63.8
500KV-BYQ-001,2025-07-01 23:00:00,52.7,54.6
500KV-BYQ-002,2025-07-01 23:00:00,47.5,48.6
500KV-BYQ-003,2025-07-01 23:00:00,59.9,62.7
500KV-BYQ-001,2025-07-02 00:00:00,56.2,58.4
500KV-BYQ-002,2025-07-02 00:00:00,42.8,44.0
500KV-BYQ-003,2025-07-02 00:00:00,59.5,62.2
500KV-BYQ-001,2025-07-02 01:00:00,49.1,50.4
500KV-BYQ-002,2025-07-02 01:00:00,46.6,48.0
500KV-BYQ-003,2025-07-02 01:00:00,65.7,67.5
500KV-BYQ-001,2025-07-02 02:00:00,46.5,48.4
500KV-BYQ-002,2025-07-02 02:00:00,47.9,49.7
500KV-BYQ-003,2025-07-02 02:00:00,66.3,68.4
500KV-BYQ-001,2025-07-02 03:00:00,46.9,48.2
500KV-BYQ-002,2025-07-02 03:00:00,55.1,56.8
500KV-BYQ-003,2025-07-02 03:00:00,53.0,54.8
500KV-BYQ-001,2025-07-02 04:00:00,48.1,50.5
500KV-BYQ-002,2025-07-02 04:00:00,59.0,60.2
500KV-BYQ-003,2025-07-02 04:00:00,64.1,66.7
500KV-BYQ-001,2025-07-02 05:00:00,55.9,58.9
500KV-BYQ-002,2025-07-02 05:00:00,63.3,65.6
500KV-BYQ-003,2025-07-02 05:00:00,49.9,50.9
500KV-BYQ-001,2025-07-02 06:00:00,55.4,56.5
500KV-BYQ-002,2025-07-02 06:00:00,47.9,50.8
500KV-BYQ-003,2025-07-02 06:00:00,59.3,60.6
500KV-BYQ-001,2025-07-02 07:00:00,46.8,47.8
500KV-BYQ-002,2025-07-02 07:00:00,46.4,48.4
500KV-BYQ-003,2025-07-02 07:00:00,48.6,51.4
500KV-BYQ-001,2025-07-02 08:00:00,66.8,68.4
500KV-BYQ-002,2025-07-02 08:00:00,71.1,72.8
500KV-BYQ-003,2025-07-02 08:00:00,52.5,54.4
500KV-BYQ-001,2025-07-02 09:00:00,56.4,58.5
500KV-BYQ-002,2025-07-02 09:00:00,49.0,51.1
500KV-BYQ-003,2025-07-02 09:00:00,47.3,49.8
500KV-BYQ-001,2025-07-02 10:00:00,49.3,51.8
500KV-BYQ-002,2025-07-02 10:00:00,65.0,66.5
500KV-BYQ-003,2025-07-02 10:00:00,69.6,71.3
500KV-BYQ-001,2025-07-02 11:00:00,61.0,63.7
500KV-BYQ-002,2025-07-02 11:00:00,52.7,55.5
500KV-BYQ-003,2025-07-02 11:00:00,53.2,55.6
500KV-BYQ-001,2025-07-02 12:00:00,69.4,71.8
500KV-BYQ-002,2025-07-02 12:00:00,64.6,67.4
500KV-BYQ-003,2025-07-02 12:00:00,46.8,49.7
500KV-BYQ-001,2025-07-02 13:00:00,50.9,52.0
500KV-BYQ-002,2025-07-02 13:00:00,56.2,57.9
500KV-BYQ-003,2025-07-02 13:00:00,64.4,65.9
500KV-BYQ-001,2025-07-02 14:00:00,65.1,67.3
500KV-BYQ-002,2025-07-02 14:00:00,57.7,59.5
500KV-BYQ-003,2025-07-02 14:00:00,52.5,54.1
500KV-BYQ-001,2025-07-02 15:00:00,65.5,67.1
500KV-BYQ-002,2025-07-02 15:00:00,70.6,72.3
500KV-BYQ-003,2025-07-02 15:00:00,62.0,64.0
500KV-BYQ-001,2025-07-02 16:00:00,70.2,72.0
500KV-BYQ-002,2025-07-02 16:00:00,63.7,65.0
500KV-BYQ-003,2025-07-02 16:00:00,55.4,58.0
500KV-BYQ-001,2025-07-02 17:00:00,60.2,61.7
500KV-BYQ-002,2025-07-02 17:00:00,58.4,59.9
500KV-BYQ-003,2025-07-02 17:00:00,71.1,73
500KV-BYQ-001,2025-07-02 18:00:00,61.8,63.2
500KV-BYQ-002,2025-07-02 18:00:00,60.0,62.7
500KV-BYQ-003,2025-07-02 18:00:00,48.0,49.0
500KV-BYQ-001,2025-07-02 19:00:00,56.2,58.2
500KV-BYQ-002,2025-07-02 19:00:00,66.0,68.4
500KV-BYQ-003,2025-07-02 19:00:00,65.6,66.6
500KV-BYQ-001,2025-07-02 20:00:00,67.0,68.0
500KV-BYQ-002,2025-07-02 20:00:00,61.5,64.5
500KV-BYQ-003,2025-07-02 20:00:00,49.6,50.7
500KV-BYQ-001,2025-07-02 21:00:00,50.8,53.7
500KV-BYQ-002,2025-07-02 21:00:00,59.2,61.5
500KV-BYQ-003,2025-07-02 21:00:00,63.2,64.5
500KV-BYQ-001,2025-07-02 22:00:00,52.2,54.3
500KV-BYQ-002,2025-07-02 22:00:00,59.5,62.1
500KV-BYQ-003,2025-07-02 22:00:00,65.8,68.7
500KV-BYQ-001,2025-07-02 23:00:00,60.9,62.5
500KV-BYQ-002,2025-07-02 23:00:00,48.9,51.0
500KV-BYQ-003,2025-07-02 23:00:00,52.1,55.0
500KV-BYQ-001,2025-07-03 00:00:00,63.1,65.7
500KV-BYQ-002,2025-07-03 00:00:00,58.3,59.4
500KV-BYQ-003,2025-07-03 00:00:00,55.8,57.6
500KV-BYQ-001,2025-07-03 01:00:00,67.0,69.4
500KV-BYQ-002,2025-07-03 01:00:00,57.1,59.5
500KV-BYQ-003,2025-07-03 01:00:00,64.7,66.8
500KV-BYQ-001,2025-07-03 02:00:00,44.0,45.9
500KV-BYQ-002,2025-07-03 02:00:00,60.2,62.2
500KV-BYQ-003,2025-07-03 02:00:00,50.4,52.8
500KV-BYQ-001,2025-07-03 03:00:00,55.4,56.9
500KV-BYQ-002,2025-07-03 03:00:00,66.1,67.7
500KV-BYQ-003,2025-07-03 03:00:00,50.1,53.1
500KV-BYQ-001,2025-07-03 04:00:00,49.4,52.4
500KV-BYQ-002,2025-07-03 04:00:00,63.0,65.8
500KV-BYQ-003,2025-07-03 04:00:00,50.9,52.6
500KV-BYQ-001,2025-07-03 05:00:00,63.1,64.5
500KV-BYQ-002,2025-07-03 05:00:00,62.4,65.2
500KV-BYQ-003,2025-07-03 05:00:00,54.6,56.4
500KV-BYQ-001,2025-07-03 06:00:00,53.0,55.4
500KV-BYQ-002,2025-07-03 06:00:00,49.5,52.2
500KV-BYQ-003,2025-07-03 06:00:00,49.8,51.6
500KV-BYQ-001,2025-07-03 07:00:00,52.1,54.3
500KV-BYQ-002,2025-07-03 07:00:00,58.6,61.6
500KV-BYQ-003,2025-07-03 07:00:00,50.3,52.7
500KV-BYQ-001,2025-07-03 08:00:00,49.5,50.8
500KV-BYQ-002,2025-07-03 08:00:00,68.4,70.5
500KV-BYQ-003,2025-07-03 08:00:00,55.2,56.9
500KV-BYQ-001,2025-07-03 09:00:00,65.4,68.0
500KV-BYQ-002,2025-07-03 09:00:00,67.9,69.6
500KV-BYQ-003,2025-07-03 09:00:00,55.1,57.5
500KV-BYQ-001,2025-07-03 10:00:00,61.6,63.0
500KV-BYQ-002,2025-07-03 10:00:00,46.7,49.3
500KV-BYQ-003,2025-07-03 10:00:00,53.1,56.0
500KV-BYQ-001,2025-07-03 11:00:00,57.5,60.0
500KV-BYQ-002,2025-07-03 11:00:00,65.6,67.7
500KV-BYQ-003,2025-07-03 11:00:00,49.1,50.1
500KV-BYQ-001,2025-07-03 12:00:00,54.7,57.0
500KV-BYQ-002,2025-07-03 12:00:00,67.3,68.4
500KV-BYQ-003,2025-07-03 12:00:00,71.0,73
500KV-BYQ-001,2025-07-03 13:00:00,48.1,50.0
500KV-BYQ-002,2025-07-03 13:00:00,67.1,69.4
500KV-BYQ-003,2025-07-03 13:00:00,65.0,66.0
500KV-BYQ-001,2025-07-03 14:00:00,53.3,55.6
500KV-BYQ-002,2025-07-03 14:00:00,53.6,54.7
500KV-BYQ-003,2025-07-03 14:00:00,69.8,72.4
500KV-BYQ-001,2025-07-03 15:00:00,60.7,61.8
500KV-BYQ-002,2025-07-03 15:00:00,70.5,72.0
500KV-BYQ-003,2025-07-03 15:00:00,54.2,55.7
500KV-BYQ-001,2025-07-03 16:00:00,58.9,61.1
500KV-BYQ-002,2025-07-03 16:00:00,56.0,57.4
500KV-BYQ-003,2025-07-03 16:00:00,72.6,73
500KV-BYQ-001,2025-07-03 17:00:00,58.0,59.7
500KV-BYQ-002,2025-07-03 17:00:00,63.2,64.8
500KV-BYQ-003,2025-07-03 17:00:00,71.2,72.7
500KV-BYQ-001,2025-07-03 18:00:00,51.8,54.7
500KV-BYQ-002,2025-07-03 18:00:00,63.4,65.2
500KV-BYQ-003,2025-07-03 18:00:00,58.2,59.2
500KV-BYQ-001,2025-07-03 19:00:00,53.0,54.5
500KV-BYQ-002,2025-07-03 19:00:00,56.8,58.9
500KV-BYQ-003,2025-07-03 19:00:00,55.0,56.3
500KV-BYQ-001,2025-07-03 20:00:00,50.0,52.2
500KV-BYQ-002,2025-07-03 20:00:00,56.5,58.7
500KV-BYQ-003,2025-07-03 20:00:00,56.3,57.4
500KV-BYQ-001,2025-07-03 21:00:00,48.7,50.7
500KV-BYQ-002,2025-07-03 21:00:00,63.3,64.5
500KV-BYQ-003,2025-07-03 21:00:00,67.6,69.5
500KV-BYQ-001,2025-07-03 22:00:00,48.4,50.8
500KV-BYQ-002,2025-07-03 22:00:00,66.1,67.2
500KV-BYQ-003,2025-07-03 22:00:00,60.0,62.5
500KV-BYQ-001,2025-07-03 23:00:00,65.1,66.5
500KV-BYQ-002,2025-07-03 23:00:00,45.8,48.5
500KV-BYQ-003,2025-07-03 23:00:00,52.5,54.3
500KV-BYQ-001,2025-07-04 00:00:00,50.4,52.1
500KV-BYQ-002,2025-07-04 00:00:00,54.6,56.9
500KV-BYQ-003,2025-07-04 00:00:00,62.6,64.4
500KV-BYQ-001,2025-07-04 01:00:00,59.4,61.5
500KV-BYQ-002,2025-07-04 01:00:00,52.2,53.7
500KV-BYQ-003,2025-07-04 01:00:00,51.5,53.7
500KV-BYQ-001,2025-07-04 02:00:00,58.6,59.8
500KV-BYQ-002,2025-07-04 02:00:00,44.5,47.3
500KV-BYQ-003,2025-07-04 02:00:00,50.4,51.4
500KV-BYQ-001,2025-07-04 03:00:00,64.1,65.4
500KV-BYQ-002,2025-07-04 03:00:00,65.4,66.8
500KV-BYQ-003,2025-07-04 03:00:00,56.1,57.8
500KV-BYQ-001,2025-07-04 04:00:00,60.6,62.2
500KV-BYQ-002,2025-07-04 04:00:00,55.9,57.0
500KV-BYQ-003,2025-07-04 04:00:00,46.5,48.5
500KV-BYQ-001,2025-07-04 05:00:00,51.4,53.4
500KV-BYQ-002,2025-07-04 05:00:00,47.0,49.1
500KV-BYQ-003,2025-07-04 05:00:00,45.5,48.4
500KV-BYQ-001,2025-07-04 06:00:00,59.6,60.6
500KV-BYQ-002,2025-07-04 06:00:00,64.5,66.3
500KV-BYQ-003,2025-07-04 06:00:00,52.4,54.5
500KV-BYQ-001,2025-07-04 07:00:00,44.1,46.5
500KV-BYQ-002,2025-07-04 07:00:00,64.2,65.2
500KV-BYQ-003,2025-07-04 07:00:00,58.5,60.7
500KV-BYQ-001,2025-07-04 08:00:00,69.7,72.0
500KV-BYQ-002,2025-07-04 08:00:00,59.6,62.3
500KV-BYQ-003,2025-07-04 08:00:00,61.0,62.3
500KV-BYQ-001,2025-07-04 09:00:00,62.8,64.8
500KV-BYQ-002,2025-07-04 09:00:00,57.0,58.6
500KV-BYQ-003,2025-07-04 09:00:00,51.4,53.6
500KV-BYQ-001,2025-07-04 10:00:00,49.7,52.3
500KV-BYQ-002,2025-07-04 10:00:00,52.8,55.0
500KV-BYQ-003,2025-07-04 10:00:00,66.3,68.2
500KV-BYQ-001,2025-07-04 11:00:00,58.6,59.9
500KV-BYQ-002,2025-07-04 11:00:00,59.3,60.6
500KV-BYQ-003,2025-07-04 11:00:00,68.7,70.7
500KV-BYQ-001,2025-07-04 12:00:00,63.7,65.0
500KV-BYQ-002,2025-07-04 12:00:00,54.3,55.9
500KV-BYQ-003,2025-07-04 12:00:00,62.9,64.8
500KV-BYQ-001,2025-07-04 13:00:00,63.5,65.1
500KV-BYQ-002,2025-07-04 13:00:00,59.6,61.8
500KV-BYQ-003,2025-07-04 13:00:00,68.1,69.9
500KV-BYQ-001,2025-07-04 14:00:00,68.5,70.9
500KV-BYQ-002,2025-07-04 14:00:00,68.2,71.0
500KV-BYQ-003,2025-07-04 14:00:00,56.9,59.1
500KV-BYQ-001,2025-07-04 15:00:00,65.8,68.3
500KV-BYQ-002,2025-07-04 15:00:00,68.0,69.4
500KV-BYQ-003,2025-07-04 15:00:00,47.6,49.4
500KV-BYQ-001,2025-07-04 16:00:00,55.2,57.9
500KV-BYQ-002,2025-07-04 16:00:00,52.0,53.5
500KV-BYQ-003,2025-07-04 16:00:00,64.6,66.7
500KV-BYQ-001,2025-07-04 17:00:00,64.2,66.1
500KV-BYQ-002,2025-07-04 17:00:00,55.4,56.6
500KV-BYQ-003,2025-07-04 17:00:00,46.9,48.3
500KV-BYQ-001,2025-07-04 18:00:00,52.2,53.5
500KV-BYQ-002,2025-07-04 18:00:00,62.9,64.3
500KV-BYQ-003,2025-07-04 18:00:00,60.2,62.9
500KV-BYQ-001,2025-07-04 19:00:00,69.3,70.5
500KV-BYQ-002,2025-07-04 19:00:00,60.2,62.1
500KV-BYQ-003,2025-07-04 19:00:00,64.1,65.5
500KV-BYQ-001,2025-07-04 20:00:00,53.2,56.0
500KV-BYQ-002,2025-07-04 20:00:00,52.1,53.8
500KV-BYQ-003,2025-07-04 20:00:00,52.2,54.5
500KV-BYQ-001,2025-07-04 21:00:00,63.6,65.3
500KV-BYQ-002,2025-07-04 21:00:00,53.3,54.9
500KV-BYQ-003,2025-07-04 21:00:00,59.5,60.8
500KV-BYQ-001,2025-07-04 22:00:00,63.4,65.3
500KV-BYQ-002,2025-07-04 22:00:00,63.7,64.9
500KV-BYQ-003,2025-07-04 22:00:00,50.8,52.2
500KV-BYQ-001,2025-07-04 23:00:00,63.4,66.1
500KV-BYQ-002,2025-07-04 23:00:00,47.4,49.8
500KV-BYQ-003,2025-07-04 23:00:00,46.5,47.9
500KV-BYQ-001,2025-07-05 00:00:00,49.9,52.8
500KV-BYQ-002,2025-07-05 00:00:00,58.8,61.4
500KV-BYQ-003,2025-07-05 00:00:00,50.2,52.1
500KV-BYQ-001,2025-07-05 01:00:00,66.0,67.0
500KV-BYQ-002,2025-07-05 01:00:00,61.9,64.4
500KV-BYQ-003,2025-07-05 01:00:00,50.6,53.1
500KV-BYQ-001,2025-07-05 02:00:00,60.0,61.7
500KV-BYQ-002,2025-07-05 02:00:00,53.4,55.2
500KV-BYQ-003,2025-07-05 02:00:00,62.9,65.7
500KV-BYQ-001,2025-07-05 03:00:00,46.1,47.6
500KV-BYQ-002,2025-07-05 03:00:00,67.2,69.2
500KV-BYQ-003,2025-07-05 03:00:00,60.9,62.7
500KV-BYQ-001,2025-07-05 04:00:00,55.8,58.1
500KV-BYQ-002,2025-07-05 04:00:00,51.1,53.3
500KV-BYQ-003,2025-07-05 04:00:00,65.4,66.5
500KV-BYQ-001,2025-07-05 05:00:00,52.7,54.3
500KV-BYQ-002,2025-07-05 05:00:00,59.6,61.5
500KV-BYQ-003,2025-07-05 05:00:00,61.5,64.0
500KV-BYQ-001,2025-07-05 06:00:00,57.5,60.3
500KV-BYQ-002,2025-07-05 06:00:00,51.9,53.3
500KV-BYQ-003,2025-07-05 06:00:00,58.8,60.6
500KV-BYQ-001,2025-07-05 07:00:00,51.8,53.2
500KV-BYQ-002,2025-07-05 07:00:00,55.5,57.4
500KV-BYQ-003,2025-07-05 07:00:00,60.0,62.4
500KV-BYQ-001,2025-07-05 08:00:00,55.1,56.3
500KV-BYQ-002,2025-07-05 08:00:00,55.8,58.8
500KV-BYQ-003,2025-07-05 08:00:00,47.4,50.3
500KV-BYQ-001,2025-07-05 09:00:00,60.5,62.2
500KV-BYQ-002,2025-07-05 09:00:00,68.4,71.3
500KV-BYQ-003,2025-07-05 09:00:00,59.5,61.6
500KV-BYQ-001,2025-07-05 10:00:00,50.0,51.5
500KV-BYQ-002,2025-07-05 10:00:00,50.6,52.1
500KV-BYQ-003,2025-07-05 10:00:00,63.3,64.5
500KV-BYQ-001,2025-07-05 11:00:00,49.3,52.2
500KV-BYQ-002,2025-07-05 11:00:00,64.9,66.7
500KV-BYQ-003,2025-07-05 11:00:00,53.2,55.8
500KV-BYQ-001,2025-07-05 12:00:00,56.2,58.2
500KV-BYQ-002,2025-07-05 12:00:00,52.0,54.2
500KV-BYQ-003,2025-07-05 12:00:00,71.7,72.9
500KV-BYQ-001,2025-07-05 13:00:00,51.0,52.1
500KV-BYQ-002,2025-07-05 13:00:00,71.2,73
500KV-BYQ-003,2025-07-05 13:00:00,69.0,70.4
500KV-BYQ-001,2025-07-05 14:00:00,59.7,62.4
500KV-BYQ-002,2025-07-05 14:00:00,62.5,63.7
500KV-BYQ-003,2025-07-05 14:00:00,63.6,64.9
500KV-BYQ-001,2025-07-05 15:00:00,57.2,58.6
500KV-BYQ-002,2025-07-05 15:00:00,53.7,54.9
500KV-BYQ-003,2025-07-05 15:00:00,60.5,63.0
500KV-BYQ-001,2025-07-05 16:00:00,64.2,66.8
500KV-BYQ-002,2025-07-05 16:00:00,50.6,52.6
500KV-BYQ-003,2025-07-05 16:00:00,67.8,70.1
500KV-BYQ-001,2025-07-05 17:00:00,61.5,62.7
500KV-BYQ-002,2025-07-05 17:00:00,65.3,67.4
500KV-BYQ-003,2025-07-05 17:00:00,54.1,56.5
500KV-BYQ-001,2025-07-05 18:00:00,57.3,58.7
500KV-BYQ-002,2025-07-05 18:00:00,56.5,57.8
500KV-BYQ-003,2025-07-05 18:00:00,65.7,68.6
500KV-BYQ-001,2025-07-05 19:00:00,65.9,68.4
500KV-BYQ-002,2025-07-05 19:00:00,67.4,69.7
500KV-BYQ-003,2025-07-05 19:00:00,69.0,71.3
500KV-BYQ-001,2025-07-05 20:00:00,57.1,58.9
500KV-BYQ-002,2025-07-05 20:00:00,47.8,49.6
500KV-BYQ-003,2025-07-05 20:00:00,49.7,51.6
500KV-BYQ-001,2025-07-05 21:00:00,48.9,50.0
500KV-BYQ-002,2025-07-05 21:00:00,48.7,50.6
500KV-BYQ-003,2025-07-05 21:00:00,62.1,63.6
500KV-BYQ-001,2025-07-05 22:00:00,48.5,51.0
500KV-BYQ-002,2025-07-05 22:00:00,46.8,47.9
500KV-BYQ-003,2025-07-05 22:00:00,68.9,71.3
500KV-BYQ-001,2025-07-05 23:00:00,46.0,48.5
500KV-BYQ-002,2025-07-05 23:00:00,45.0,47.4
500KV-BYQ-003,2025-07-05 23:00:00,57.1,60.0
500KV-BYQ-001,2025-07-06 00:00:00,64.7,66.4
500KV-BYQ-002,2025-07-06 00:00:00,60.7,62.5
500KV-BYQ-003,2025-07-06 00:00:00,61.4,62.5
500KV-BYQ-001,2025-07-06 01:00:00,44.2,46.4
500KV-BYQ-002,2025-07-06 01:00:00,47.7,49.7
500KV-BYQ-003,2025-07-06 01:00:00,50.3,53.2
500KV-BYQ-001,2025-07-06 02:00:00,54.7,56.9
500KV-BYQ-002,2025-07-06 02:00:00,55.8,57.3
500KV-BYQ-003,2025-07-06 02:00:00,45.8,48.6
500KV-BYQ-001,2025-07-06 03:00:00,54.1,57.1
500KV-BYQ-002,2025-07-06 03:00:00,47.7,49.1
500KV-BYQ-003,2025-07-06 03:00:00,44.9,46.6
500KV-BYQ-001,2025-07-06 04:00:00,65.8,67.4
500KV-BYQ-002,2025-07-06 04:00:00,53.2,54.5
500KV-BYQ-003,2025-07-06 04:00:00,63.2,66.1
500KV-BYQ-001,2025-07-06 05:00:00,62.8,64.9
500KV-BYQ-002,2025-07-06 05:00:00,50.2,51.3
500KV-BYQ-003,2025-07-06 05:00:00,46.4,48.0
500KV-BYQ-001,2025-07-06 06:00:00,53.8,55.4
500KV-BYQ-002,2025-07-06 06:00:00,52.0,54.7
500KV-BYQ-003,2025-07-06 06:00:00,48.9,50.3
500KV-BYQ-001,2025-07-06 07:00:00,45.2,46.9
500KV-BYQ-002,2025-07-06 07:00:00,53.1,55.1
500KV-BYQ-003,2025-07-06 07:00:00,53.2,54.7
500KV-BYQ-001,2025-07-06 08:00:00,47.1,48.3
500KV-BYQ-002,2025-07-06 08:00:00,55.2,57.1
500KV-BYQ-003,2025-07-06 08:00:00,51.0,52.5
500KV-BYQ-001,2025-07-06 09:00:00,53.9,56.8
500KV-BYQ-002,2025-07-06 09:00:00,65.4,68.0
500KV-BYQ-003,2025-07-06 09:00:00,47.1,50.0
500KV-BYQ-001,2025-07-06 10:00:00,67.1,68.4
500KV-BYQ-002,2025-07-06 10:00:00,64.3,66.4
500KV-BYQ-003,2025-07-06 10:00:00,51.6,54.3
500KV-BYQ-001,2025-07-06 11:00:00,68.3,70.1
500KV-BYQ-002,2025-07-06 11:00:00,60.6,62.1
500KV-BYQ-003,2025-07-06 11:00:00,63.3,66.2
500KV-BYQ-001,2025-07-06 12:00:00,46.9,49.0
500KV-BYQ-002,2025-07-06 12:00:00,70.5,73
500KV-BYQ-003,2025-07-06 12:00:00,68.8,71.7
500KV-BYQ-001,2025-07-06 13:00:00,53.7,55.8
500KV-BYQ-002,2025-07-06 13:00:00,62.0,64.8
500KV-BYQ-003,2025-07-06 13:00:00,47.7,49.2
500KV-BYQ-001,2025-07-06 14:00:00,62.7,65.5
500KV-BYQ-002,2025-07-06 14:00:00,60.8,62.5
500KV-BYQ-003,2025-07-06 14:00:00,66.1,68.0
500KV-BYQ-001,2025-07-06 15:00:00,70.2,71.4
500KV-BYQ-002,2025-07-06 15:00:00,64.3,67.2
500KV-BYQ-003,2025-07-06 15:00:00,52.6,55.5
500KV-BYQ-001,2025-07-06 16:00:00,52.0,54.8
500KV-BYQ-002,2025-07-06 16:00:00,49.0,52.0
500KV-BYQ-003,2025-07-06 16:00:00,62.1,64.4
500KV-BYQ-001,2025-07-06 17:00:00,61.1,62.2
500KV-BYQ-002,2025-07-06 17:00:00,63.3,65.3
500KV-BYQ-003,2025-07-06 17:00:00,60.8,63.4
500KV-BYQ-001,2025-07-06 18:00:00,55.9,58.7
500KV-BYQ-002,2025-07-06 18:00:00,65.8,66.9
500KV-BYQ-003,2025-07-06 18:00:00,50.3,51.5
500KV-BYQ-001,2025-07-06 19:00:00,49.3,51.9
500KV-BYQ-002,2025-07-06 19:00:00,54.0,56.1
500KV-BYQ-003,2025-07-06 19:00:00,47.0,49.0
500KV-BYQ-001,2025-07-06 20:00:00,56.7,59.4
500KV-BYQ-002,2025-07-06 20:00:00,50.6,52.2
500KV-BYQ-003,2025-07-06 20:00:00,48.1,50.8
500KV-BYQ-001,2025-07-06 21:00:00,54.0,56.3
500KV-BYQ-002,2025-07-06 21:00:00,65.0,67.5
500KV-BYQ-003,2025-07-06 21:00:00,69.0,70.8
500KV-BYQ-001,2025-07-06 22:00:00,63.7,65.7
500KV-BYQ-002,2025-07-06 22:00:00,62.2,64.6
500KV-BYQ-003,2025-07-06 22:00:00,47.1,49.8
500KV-BYQ-001,2025-07-06 23:00:00,62.9,64.2
500KV-BYQ-002,2025-07-06 23:00:00,62.2,64.2
500KV-BYQ-003,2025-07-06 23:00:00,54.7,56.0
500KV-BYQ-001,2025-07-07 00:00:00,56.9,58.0
500KV-BYQ-002,2025-07-07 00:00:00,47.3,48.7
500KV-BYQ-003,2025-07-07 00:00:00,57.3,60.2
500KV-BYQ-001,2025-07-07 01:00:00,52.9,54.9
500KV-BYQ-002,2025-07-07 01:00:00,63.0,65.5
500KV-BYQ-003,2025-07-07 01:00:00,46.2,49.1
500KV-BYQ-001,2025-07-07 02:00:00,47.2,49.1
500KV-BYQ-002,2025-07-07 02:00:00,61.6,63.3
500KV-BYQ-003,2025-07-07 02:00:00,54.4,56.4
500KV-BYQ-001,2025-07-07 03:00:00,60.2,63.0
500KV-BYQ-002,2025-07-07 03:00:00,60.1,62.1
500KV-BYQ-003,2025-07-07 03:00:00,55.4,56.9
500KV-BYQ-001,2025-07-07 04:00:00,51.5,53.1
500KV-BYQ-002,2025-07-07 04:00:00,58.3,59.9
500KV-BYQ-003,2025-07-07 04:00:00,57.5,59.9
500KV-BYQ-001,2025-07-07 05:00:00,59.9,62.0
500KV-BYQ-002,2025-07-07 05:00:00,52.9,55.7
500KV-BYQ-003,2025-07-07 05:00:00,58.2,60.6
500KV-BYQ-001,2025-07-07 06:00:00,48.3,50.1
500KV-BYQ-002,2025-07-07 06:00:00,61.1,63.4
500KV-BYQ-003,2025-07-07 06:00:00,47.9,48.9
500KV-BYQ-001,2025-07-07 07:00:00,61.2,63.4
500KV-BYQ-002,2025-07-07 07:00:00,46.0,48.6
500KV-BYQ-003,2025-07-07 07:00:00,54.3,55.9
500KV-BYQ-001,2025-07-07 08:00:00,57.4,58.5
500KV-BYQ-002,2025-07-07 08:00:00,47.3,48.7
500KV-BYQ-003,2025-07-07 08:00:00,61.0,63.3
500KV-BYQ-001,2025-07-07 09:00:00,49.0,51.9
500KV-BYQ-002,2025-07-07 09:00:00,60.9,62.4
500KV-BYQ-003,2025-07-07 09:00:00,68.8,69.9
500KV-BYQ-001,2025-07-07 10:00:00,61.6,63.2
500KV-BYQ-002,2025-07-07 10:00:00,53.8,55.9
500KV-BYQ-003,2025-07-07 10:00:00,66.3,69.2
500KV-BYQ-001,2025-07-07 11:00:00,65.8,67.7
500KV-BYQ-002,2025-07-07 11:00:00,48.9,51.0
500KV-BYQ-003,2025-07-07 11:00:00,56.0,57.3
500KV-BYQ-001,2025-07-07 12:00:00,70.6,71.6
500KV-BYQ-002,2025-07-07 12:00:00,68.7,69.9
500KV-BYQ-003,2025-07-07 12:00:00,59.2,60.7
500KV-BYQ-001,2025-07-07 13:00:00,62.7,65.5
500KV-BYQ-002,2025-07-07 13:00:00,66.9,69.0
500KV-BYQ-003,2025-07-07 13:00:00,54.3,55.6
500KV-BYQ-001,2025-07-07 14:00:00,66.4,69.0
500KV-BYQ-002,2025-07-07 14:00:00,62.1,64.8
500KV-BYQ-003,2025-07-07 14:00:00,67.7,70.1
500KV-BYQ-001,2025-07-07 15:00:00,67.6,68.8
500KV-BYQ-002,2025-07-07 15:00:00,52.6,54.4
500KV-BYQ-003,2025-07-07 15:00:00,47.3,48.7
500KV-BYQ-001,2025-07-07 16:00:00,59.5,62.4
500KV-BYQ-002,2025-07-07 16:00:00,68.4,69.8
500KV-BYQ-003,2025-07-07 16:00:00,66.8,69.4
500KV-BYQ-001,2025-07-07 17:00:00,61.0,63.5
500KV-BYQ-002,2025-07-07 17:00:00,48.0,49.6
500KV-BYQ-003,2025-07-07 17:00:00,67.3,69.6
500KV-BYQ-001,2025-07-07 18:00:00,61.0,63.2
500KV-BYQ-002,2025-07-07 18:00:00,52.1,54.3
500KV-BYQ-003,2025-07-07 18:00:00,64.7,67.3
500KV-BYQ-001,2025-07-07 19:00:00,54.5,56.9
500KV-BYQ-002,2025-07-07 19:00:00,59.2,61.7
500KV-BYQ-003,2025-07-07 19:00:00,62.0,64.3
500KV-BYQ-001,2025-07-07 20:00:00,54.0,55.2
500KV-BYQ-002,2025-07-07 20:00:00,48.9,50.2
500KV-BYQ-003,2025-07-07 20:00:00,62.8,64.7
500KV-BYQ-001,2025-07-07 21:00:00,55.3,58.0
500KV-BYQ-002,2025-07-07 21:00:00,48.9,50.1
500KV-BYQ-003,2025-07-07 21:00:00,64.3,65.4
500KV-BYQ-001,2025-07-07 22:00:00,64.9,67.7
500KV-BYQ-002,2025-07-07 22:00:00,57.6,59.5
500KV-BYQ-003,2025-07-07 22:00:00,54.1,55.5
500KV-BYQ-001,2025-07-07 23:00:00,59.3,60.9
500KV-BYQ-002,2025-07-07 23:00:00,42.9,44.0
500KV-BYQ-003,2025-07-07 23:00:00,53.1,54.4
500KV-BYQ-001,2025-07-08 00:00:00,57.3,60.0
500KV-BYQ-002,2025-07-08 00:00:00,58.9,61.0
500KV-BYQ-003,2025-07-08 00:00:00,48.3,50.8
500KV-BYQ-001,2025-07-08 01:00:00,55.9,58.6
500KV-BYQ-002,2025-07-08 01:00:00,48.7,50.5
500KV-BYQ-003,2025-07-08 01:00:00,55.1,56.2
500KV-BYQ-001,2025-07-08 02:00:00,61.8,63.7
500KV-BYQ-002,2025-07-08 02:00:00,65.9,68.7
500KV-BYQ-003,2025-07-08 02:00:00,46.3,48.7
500KV-BYQ-001,2025-07-08 03:00:00,58.0,60.3
500KV-BYQ-002,2025-07-08 03:00:00,63.4,66.0
500KV-BYQ-003,2025-07-08 03:00:00,64.6,66.0
500KV-BYQ-001,2025-07-08 04:00:00,58.6,60.4
500KV-BYQ-002,2025-07-08 04:00:00,56.4,58.7
500KV-BYQ-003,2025-07-08 04:00:00,55.6,58.4
500KV-BYQ-001,2025-07-08 05:00:00,43.8,46.6
500KV-BYQ-002,2025-07-08 05:00:00,47.3,48.4
500KV-BYQ-003,2025-07-08 05:00:00,49.7,52.1
500KV-BYQ-001,2025-07-08 06:00:00,62.5,65.4
500KV-BYQ-002,2025-07-08 06:00:00,59.9,61.9
500KV-BYQ-003,2025-07-08 06:00:00,53.4,56.0
500KV-BYQ-001,2025-07-08 07:00:00,61.8,64.0
500KV-BYQ-002,2025-07-08 07:00:00,63.3,65.5
500KV-BYQ-003,2025-07-08 07:00:00,44.3,45.9
500KV-BYQ-001,2025-07-08 08:00:00,66.9,69.7
500KV-BYQ-002,2025-07-08 08:00:00,60.2,62.6
500KV-BYQ-003,2025-07-08 08:00:00,59.0,62.0
500KV-BYQ-001,2025-07-08 09:00:00,69.3,70.9
500KV-BYQ-002,2025-07-08 09:00:00,60.2,62.9
500KV-BYQ-003,2025-07-08 09:00:00,66.6,67.7
500KV-BYQ-001,2025-07-08 10:00:00,63.6,64.9
500KV-BYQ-002,2025-07-08 10:00:00,55.6,58.0
500KV-BYQ-003,2025-07-08 10:00:00,67.8,69.4
500KV-BYQ-001,2025-07-08 11:00:00,51.1,52.4
500KV-BYQ-002,2025-07-08 11:00:00,72.0,73
500KV-BYQ-003,2025-07-08 11:00:00,55.1,56.6
500KV-BYQ-001,2025-07-08 12:00:00,65.8,68.4
500KV-BYQ-002,2025-07-08 12:00:00,63.9,65.8
500KV-BYQ-003,2025-07-08 12:00:00,70.6,72.8
500KV-BYQ-001,2025-07-08 13:00:00,63.0,65.0
500KV-BYQ-002,2025-07-08 13:00:00,49.3,50.9
500KV-BYQ-003,2025-07-08 13:00:00,63.1,64.7
500KV-BYQ-001,2025-07-08 14:00:00,50.2,52.2
500KV-BYQ-002,2025-07-08 14:00:00,52.6,55.2
500KV-BYQ-003,2025-07-08 14:00:00,65.5,67.6
500KV-BYQ-001,2025-07-08 15:00:00,49.2,50.4
500KV-BYQ-002,2025-07-08 15:00:00,53.6,55.8
500KV-BYQ-003,2025-07-08 15:00:00,58.0,61.0
500KV-BYQ-001,2025-07-08 16:00:00,56.6,59.2
500KV-BYQ-002,2025-07-08 16:00:00,60.9,63.3
500KV-BYQ-003,2025-07-08 16:00:00,70.7,71.7
500KV-BYQ-001,2025-07-08 17:00:00,53.7,56.5
500KV-BYQ-002,2025-07-08 17:00:00,55.7,58.0
500KV-BYQ-003,2025-07-08 17:00:00,56.0,57.0
500KV-BYQ-001,2025-07-08 18:00:00,48.3,49.6
500KV-BYQ-002,2025-07-08 18:00:00,48.3,51.3
500KV-BYQ-003,2025-07-08 18:00:00,59.1,60.6
500KV-BYQ-001,2025-07-08 19:00:00,51.8,54.3
500KV-BYQ-002,2025-07-08 19:00:00,54.2,56.1
500KV-BYQ-003,2025-07-08 19:00:00,56.7,58.4
500KV-BYQ-001,2025-07-08 20:00:00,68.2,70.3
500KV-BYQ-002,2025-07-08 20:00:00,62.0,64.5
500KV-BYQ-003,2025-07-08 20:00:00,51.5,53.4
500KV-BYQ-001,2025-07-08 21:00:00,47.8,50.5
500KV-BYQ-002,2025-07-08 21:00:00,66.1,68.4
500KV-BYQ-003,2025-07-08 21:00:00,60.2,61.9
500KV-BYQ-001,2025-07-08 22:00:00,55.1,57.4
500KV-BYQ-002,2025-07-08 22:00:00,53.7,55.4
500KV-BYQ-003,2025-07-08 22:00:00,61.6,63.6
500KV-BYQ-001,2025-07-08 23:00:00,61.8,63.9
500KV-BYQ-002,2025-07-08 23:00:00,66.1,68.9
500KV-BYQ-003,2025-07-08 23:00:00,61.6,62.6
500KV-BYQ-001,2025-07-09 00:00:00,58.1,59.3
500KV-BYQ-002,2025-07-09 00:00:00,48.9,50.0
500KV-BYQ-003,2025-07-09 00:00:00,60.1,62.5
500KV-BYQ-001,2025-07-09 01:00:00,46.0,48.3
500KV-BYQ-002,2025-07-09 01:00:00,55.6,57.9
500KV-BYQ-003,2025-07-09 01:00:00,47.9,50.8
500KV-BYQ-001,2025-07-09 02:00:00,46.6,48.6
500KV-BYQ-002,2025-07-09 02:00:00,67.0,69.0
500KV-BYQ-003,2025-07-09 02:00:00,54.1,56.2
500KV-BYQ-001,2025-07-09 03:00:00,47.3,49.2
500KV-BYQ-002,2025-07-09 03:00:00,51.6,52.7
500KV-BYQ-003,2025-07-09 03:00:00,48.5,49.6
500KV-BYQ-001,2025-07-09 04:00:00,50.5,51.8
500KV-BYQ-002,2025-07-09 04:00:00,56.0,58.4
500KV-BYQ-003,2025-07-09 04:00:00,50.5,52.3
500KV-BYQ-001,2025-07-09 05:00:00,63.9,65.8
500KV-BYQ-002,2025-07-09 05:00:00,49.3,51.9
500KV-BYQ-003,2025-07-09 05:00:00,50.8,51.8
500KV-BYQ-001,2025-07-09 06:00:00,43.7,45.2
500KV-BYQ-002,2025-07-09 06:00:00,63.2,66.2
500KV-BYQ-003,2025-07-09 06:00:00,52.3,53.6
500KV-BYQ-001,2025-07-09 07:00:00,52.8,54.2
500KV-BYQ-002,2025-07-09 07:00:00,65.4,67.3
500KV-BYQ-003,2025-07-09 07:00:00,49.1,51.8
500KV-BYQ-001,2025-07-09 08:00:00,56.9,58.8
500KV-BYQ-002,2025-07-09 08:00:00,67.9,70.7
500KV-BYQ-003,2025-07-09 08:00:00,56.7,59.6
500KV-BYQ-001,2025-07-09 09:00:00,60.6,63.0
500KV-BYQ-002,2025-07-09 09:00:00,65.4,68.0
500KV-BYQ-003,2025-07-09 09:00:00,68.2,71.1
500KV-BYQ-001,2025-07-09 10:00:00,65.7,68.4
500KV-BYQ-002,2025-07-09 10:00:00,72.4,73
500KV-BYQ-003,2025-07-09 10:00:00,69.7,71.5
500KV-BYQ-001,2025-07-09 11:00:00,49.2,51.0
500KV-BYQ-002,2025-07-09 11:00:00,55.4,57.2
500KV-BYQ-003,2025-07-09 11:00:00,58.0,59.7
500KV-BYQ-001,2025-07-09 12:00:00,66.4,67.5
500KV-BYQ-002,2025-07-09 12:00:00,69.1,70.6
500KV-BYQ-003,2025-07-09 12:00:00,69.4,71.6
500KV-BYQ-001,2025-07-09 13:00:00,59.5,62.3
500KV-BYQ-002,2025-07-09 13:00:00,65.0,67.1
500KV-BYQ-003,2025-07-09 13:00:00,61.3,63.5
500KV-BYQ-001,2025-07-09 14:00:00,48.5,49.8
500KV-BYQ-002,2025-07-09 14:00:00,54.3,57.1
500KV-BYQ-003,2025-07-09 14:00:00,47.4,50.1
500KV-BYQ-001,2025-07-09 15:00:00,69.0,71.1
500KV-BYQ-002,2025-07-09 15:00:00,57.8,60.5
500KV-BYQ-003,2025-07-09 15:00:00,60.6,63.3
500KV-BYQ-001,2025-07-09 16:00:00,58.3,60.4
500KV-BYQ-002,2025-07-09 16:00:00,51.9,53.0
500KV-BYQ-003,2025-07-09 16:00:00,71.1,73
500KV-BYQ-001,2025-07-09 17:00:00,66.0,68.9
500KV-BYQ-002,2025-07-09 17:00:00,58.7,60.5
500KV-BYQ-003,2025-07-09 17:00:00,70.0,71.5
500KV-BYQ-001,2025-07-09 18:00:00,62.1,64.3
500KV-BYQ-002,2025-07-09 18:00:00,60.5,63.1
500KV-BYQ-003,2025-07-09 18:00:00,67.3,69.0
500KV-BYQ-001,2025-07-09 19:00:00,57.2,59.9
500KV-BYQ-002,2025-07-09 19:00:00,47.0,48.8
500KV-BYQ-003,2025-07-09 19:00:00,50.2,51.5
500KV-BYQ-001,2025-07-09 20:00:00,68.7,69.7
500KV-BYQ-002,2025-07-09 20:00:00,65.7,67.3
500KV-BYQ-003,2025-07-09 20:00:00,55.3,56.4
500KV-BYQ-001,2025-07-09 21:00:00,64.1,66.6
500KV-BYQ-002,2025-07-09 21:00:00,63.1,64.3
500KV-BYQ-003,2025-07-09 21:00:00,51.9,54.9
500KV-BYQ-001,2025-07-09 22:00:00,58.0,59.8
500KV-BYQ-002,2025-07-09 22:00:00,66.7,68.1
500KV-BYQ-003,2025-07-09 22:00:00,50.1,51.5
500KV-BYQ-001,2025-07-09 23:00:00,61.8,64.6
500KV-BYQ-002,2025-07-09 23:00:00,43.7,46.0
500KV-BYQ-003,2025-07-09 23:00:00,61.0,63.6
500KV-BYQ-001,2025-07-10 00:00:00,46.2,48.7
500KV-BYQ-002,2025-07-10 00:00:00,63.9,66.0
500KV-BYQ-003,2025-07-10 00:00:00,51.1,52.6
500KV-BYQ-001,2025-07-10 01:00:00,52.3,55.3
500KV-BYQ-002,2025-07-10 01:00:00,47.6,50.1
500KV-BYQ-003,2025-07-10 01:00:00,48.4,50.0
500KV-BYQ-001,2025-07-10 02:00:00,44.2,46.2
500KV-BYQ-002,2025-07-10 02:00:00,65.2,67.2
500KV-BYQ-003,2025-07-10 02:00:00,48.8,51.6
500KV-BYQ-001,2025-07-10 03:00:00,49.3,50.8
500KV-BYQ-002,2025-07-10 03:00:00,54.4,55.8
500KV-BYQ-003,2025-07-10 03:00:00,58.4,60.0
500KV-BYQ-001,2025-07-10 04:00:00,43.5,45.3
500KV-BYQ-002,2025-07-10 04:00:00,47.0,48.3
500KV-BYQ-003,2025-07-10 04:00:00,62.4,64.3
500KV-BYQ-001,2025-07-10 05:00:00,66.6,67.9
500KV-BYQ-002,2025-07-10 05:00:00,46.7,49.5
500KV-BYQ-003,2025-07-10 05:00:00,51.4,53.2
500KV-BYQ-001,2025-07-10 06:00:00,57.9,60.4
500KV-BYQ-002,2025-07-10 06:00:00,57.3,59.9
500KV-BYQ-003,2025-07-10 06:00:00,59.4,62.2
500KV-BYQ-001,2025-07-10 07:00:00,51.9,54.1
500KV-BYQ-002,2025-07-10 07:00:00,47.4,49.1
500KV-BYQ-003,2025-07-10 07:00:00,63.4,66.0
500KV-BYQ-001,2025-07-10 08:00:00,49.2,51.4
500KV-BYQ-002,2025-07-10 08:00:00,52.7,55.2
500KV-BYQ-003,2025-07-10 08:00:00,65.0,67.4
500KV-BYQ-001,2025-07-10 09:00:00,52.0,54.7
500KV-BYQ-002,2025-07-10 09:00:00,58.1,60.6
500KV-BYQ-003,2025-07-10 09:00:00,53.7,54.7
500KV-BYQ-001,2025-07-10 10:00:00,56.4,58.6
500KV-BYQ-002,2025-07-10 10:00:00,65.2,67.6
500KV-BYQ-003,2025-07-10 10:00:00,65.0,66.0
500KV-BYQ-001,2025-07-10 11:00:00,52.5,54.0
500KV-BYQ-002,2025-07-10 11:00:00,67.1,68.3
500KV-BYQ-003,2025-07-10 11:00:00,60.9,63.4
500KV-BYQ-001,2025-07-10 12:00:00,68.5,71.3
500KV-BYQ-002,2025-07-10 12:00:00,49.4,51.7
500KV-BYQ-003,2025-07-10 12:00:00,68.4,70.9
500KV-BYQ-001,2025-07-10 13:00:00,56.9,58.7
500KV-BYQ-002,2025-07-10 13:00:00,66.5,68.8
500KV-BYQ-003,2025-07-10 13:00:00,52.7,54.5
500KV-BYQ-001,2025-07-10 14:00:00,69.9,71.7
500KV-BYQ-002,2025-07-10 14:00:00,50.5,52.5
500KV-BYQ-003,2025-07-10 14:00:00,53.8,55.1
500KV-BYQ-001,2025-07-10 15:00:00,56.8,58.1
500KV-BYQ-002,2025-07-10 15:00:00,64.3,66.7
500KV-BYQ-003,2025-07-10 15:00:00,69.4,70.4
500KV-BYQ-001,2025-07-10 16:00:00,61.0,63.4
500KV-BYQ-002,2025-07-10 16:00:00,54.0,55.8
500KV-BYQ-003,2025-07-10 16:00:00,61.9,63.8
500KV-BYQ-001,2025-07-10 17:00:00,57.6,59.5
500KV-BYQ-002,2025-07-10 17:00:00,58.4,61.3
500KV-BYQ-003,2025-07-10 17:00:00,65.6,66.7
500KV-BYQ-001,2025-07-10 18:00:00,46.0,47.8
500KV-BYQ-002,2025-07-10 18:00:00,51.2,53.0
500KV-BYQ-003,2025-07-10 18:00:00,55.8,57.7
500KV-BYQ-001,2025-07-10 19:00:00,47.3,48.8
500KV-BYQ-002,2025-07-10 19:00:00,65.6,67.2
500KV-BYQ-003,2025-07-10 19:00:00,61.2,63.4
500KV-BYQ-001,2025-07-10 20:00:00,69.5,71.3
500KV-BYQ-002,2025-07-10 20:00:00,58.4,60.7
500KV-BYQ-003,2025-07-10 20:00:00,52.9,54.9
500KV-BYQ-001,2025-07-10 21:00:00,47.7,49.4
500KV-BYQ-002,2025-07-10 21:00:00,53.2,55.9
500KV-BYQ-003,2025-07-10 21:00:00,67.5,69.0
500KV-BYQ-001,2025-07-10 22:00:00,63.3,65.9
500KV-BYQ-002,2025-07-10 22:00:00,45.9,48.6
500KV-BYQ-003,2025-07-10 22:00:00,68.4,70.9
500KV-BYQ-001,2025-07-10 23:00:00,61.3,63.3
500KV-BYQ-002,2025-07-10 23:00:00,51.2,54.0
500KV-BYQ-003,2025-07-10 23:00:00,62.3,63.7
500KV-BYQ-001,2025-07-11 00:00:00,47.2,49.6
500KV-BYQ-002,2025-07-11 00:00:00,58.0,59.0
500KV-BYQ-003,2025-07-11 00:00:00,51.5,53.4
500KV-BYQ-001,2025-07-11 01:00:00,54.3,55.8
500KV-BYQ-002,2025-07-11 01:00:00,64.7,66.4
500KV-BYQ-003,2025-07-11 01:00:00,63.5,66.3
500KV-BYQ-001,2025-07-11 02:00:00,45.1,48.1
500KV-BYQ-002,2025-07-11 02:00:00,56.0,57.9
500KV-BYQ-003,2025-07-11 02:00:00,59.1,61.5
500KV-BYQ-001,2025-07-11 03:00:00,53.8,55.4
500KV-BYQ-002,2025-07-11 03:00:00,54.6,55.8
500KV-BYQ-003,2025-07-11 03:00:00,48.6,50.9
500KV-BYQ-001,2025-07-11 04:00:00,53.5,56.2
500KV-BYQ-002,2025-07-11 04:00:00,59.6,62.2
500KV-BYQ-003,2025-07-11 04:00:00,63.9,66.6
500KV-BYQ-001,2025-07-11 05:00:00,49.3,52.1
500KV-BYQ-002,2025-07-11 05:00:00,57.3,59.5
500KV-BYQ-003,2025-07-11 05:00:00,57.8,60.2
500KV-BYQ-001,2025-07-11 06:00:00,45.8,48.4
500KV-BYQ-002,2025-07-11 06:00:00,61.0,63.7
500KV-BYQ-003,2025-07-11 06:00:00,46.1,47.8
500KV-BYQ-001,2025-07-11 07:00:00,49.3,51.4
500KV-BYQ-002,2025-07-11 07:00:00,47.5,50.3
500KV-BYQ-003,2025-07-11 07:00:00,59.6,61.2
500KV-BYQ-001,2025-07-11 08:00:00,53.1,56.1
500KV-BYQ-002,2025-07-11 08:00:00,67.0,69.5
500KV-BYQ-003,2025-07-11 08:00:00,55.7,57.4
500KV-BYQ-001,2025-07-11 09:00:00,47.9,49.3
500KV-BYQ-002,2025-07-11 09:00:00,62.3,64.6
500KV-BYQ-003,2025-07-11 09:00:00,70.3,72.6
500KV-BYQ-001,2025-07-11 10:00:00,65.4,66.6
500KV-BYQ-002,2025-07-11 10:00:00,63.1,65.8
500KV-BYQ-003,2025-07-11 10:00:00,52.3,54.5
500KV-BYQ-001,2025-07-11 11:00:00,67.3,68.6
500KV-BYQ-002,2025-07-11 11:00:00,67.7,69.4
500KV-BYQ-003,2025-07-11 11:00:00,50.5,52.1
500KV-BYQ-001,2025-07-11 12:00:00,60.7,62.1
500KV-BYQ-002,2025-07-11 12:00:00,49.6,51.6
500KV-BYQ-003,2025-07-11 12:00:00,48.9,50.3
500KV-BYQ-001,2025-07-11 13:00:00,64.0,66.4
500KV-BYQ-002,2025-07-11 13:00:00,48.5,50.3
500KV-BYQ-003,2025-07-11 13:00:00,57.6,60.2
500KV-BYQ-001,2025-07-11 14:00:00,65.2,67.1
500KV-BYQ-002,2025-07-11 14:00:00,59.3,61.4
500KV-BYQ-003,2025-07-11 14:00:00,58.9,60.6
500KV-BYQ-001,2025-07-11 15:00:00,62.8,63.9
500KV-BYQ-002,2025-07-11 15:00:00,61.4,62.8
500KV-BYQ-003,2025-07-11 15:00:00,48.3,49.4
500KV-BYQ-001,2025-07-11 16:00:00,67.8,68.8
500KV-BYQ-002,2025-07-11 16:00:00,50.3,52.1
500KV-BYQ-003,2025-07-11 16:00:00,72.3,73
500KV-BYQ-001,2025-07-11 17:00:00,58.8,61.4
500KV-BYQ-002,2025-07-11 17:00:00,52.0,54.5
500KV-BYQ-003,2025-07-11 17:00:00,72.5,73
500KV-BYQ-001,2025-07-11 18:00:00,57.2,58.6
500KV-BYQ-002,2025-07-11 18:00:00,62.1,64.5
500KV-BYQ-003,2025-07-11 18:00:00,61.3,63.3
500KV-BYQ-001,2025-07-11 19:00:00,61.3,62.8
500KV-BYQ-002,2025-07-11 19:00:00,66.8,69.0
500KV-BYQ-003,2025-07-11 19:00:00,47.4,50.0
500KV-BYQ-001,2025-07-11 20:00:00,68.6,71.6
500KV-BYQ-002,2025-07-11 20:00:00,64.4,67.1
500KV-BYQ-003,2025-07-11 20:00:00,51.9,53.4
500KV-BYQ-001,2025-07-11 21:00:00,57.2,59.3
500KV-BYQ-002,2025-07-11 21:00:00,52.2,53.4
500KV-BYQ-003,2025-07-11 21:00:00,61.5,63.4
500KV-BYQ-001,2025-07-11 22:00:00,56.5,58.1
500KV-BYQ-002,2025-07-11 22:00:00,62.5,64.4
500KV-BYQ-003,2025-07-11 22:00:00,56.2,57.3
500KV-BYQ-001,2025-07-11 23:00:00,43.5,46.3
500KV-BYQ-002,2025-07-11 23:00:00,61.8,63.2
500KV-BYQ-003,2025-07-11 23:00:00,61.4,62.5
500KV-BYQ-001,2025-07-12 00:00:00,57.6,60.2
500KV-BYQ-002,2025-07-12 00:00:00,45.5,47.3
500KV-BYQ-003,2025-07-12 00:00:00,52.3,53.9
500KV-BYQ-001,2025-07-12 01:00:00,54.0,56.0
500KV-BYQ-002,2025-07-12 01:00:00,56.9,58.1
500KV-BYQ-003,2025-07-12 01:00:00,49.4,50.9
500KV-BYQ-001,2025-07-12 02:00:00,45.6,48.0
500KV-BYQ-002,2025-07-12 02:00:00,47.4,48.6
500KV-BYQ-003,2025-07-12 02:00:00,55.5,56.6
500KV-BYQ-001,2025-07-12 03:00:00,63.5,64.9
500KV-BYQ-002,2025-07-12 03:00:00,54.5,56.4
500KV-BYQ-003,2025-07-12 03:00:00,62.2,64.2
500KV-BYQ-001,2025-07-12 04:00:00,64.2,66.3
500KV-BYQ-002,2025-07-12 04:00:00,67.0,69.5
500KV-BYQ-003,2025-07-12 04:00:00,67.7,70.6
500KV-BYQ-001,2025-07-12 05:00:00,46.2,47.6
500KV-BYQ-002,2025-07-12 05:00:00,45.0,47.5
500KV-BYQ-003,2025-07-12 05:00:00,48.6,50.1
500KV-BYQ-001,2025-07-12 06:00:00,56.1,58.0
500KV-BYQ-002,2025-07-12 06:00:00,63.3,65.0
500KV-BYQ-003,2025-07-12 06:00:00,53.7,55.1
500KV-BYQ-001,2025-07-12 07:00:00,46.4,48.4
500KV-BYQ-002,2025-07-12 07:00:00,67.0,68.3
500KV-BYQ-003,2025-07-12 07:00:00,54.7,57.7
500KV-BYQ-001,2025-07-12 08:00:00,64.1,66.8
500KV-BYQ-002,2025-07-12 08:00:00,48.8,50.5
500KV-BYQ-003,2025-07-12 08:00:00,57.4,59.8
500KV-BYQ-001,2025-07-12 09:00:00,70.0,72.3
500KV-BYQ-002,2025-07-12 09:00:00,63.9,65.4
500KV-BYQ-003,2025-07-12 09:00:00,51.2,53.7
500KV-BYQ-001,2025-07-12 10:00:00,70.6,73
500KV-BYQ-002,2025-07-12 10:00:00,67.8,69.6
500KV-BYQ-003,2025-07-12 10:00:00,67.1,69.5
500KV-BYQ-001,2025-07-12 11:00:00,52.1,53.5
500KV-BYQ-002,2025-07-12 11:00:00,65.2,67.3
500KV-BYQ-003,2025-07-12 11:00:00,72.5,73
500KV-BYQ-001,2025-07-12 12:00:00,67.8,69.4
500KV-BYQ-002,2025-07-12 12:00:00,46.7,47.8
500KV-BYQ-003,2025-07-12 12:00:00,69.4,71.2
500KV-BYQ-001,2025-07-12 13:00:00,69.2,71.9
500KV-BYQ-002,2025-07-12 13:00:00,70.4,71.7
500KV-BYQ-003,2025-07-12 13:00:00,67.8,69.4
500KV-BYQ-001,2025-07-12 14:00:00,50.0,52.9
500KV-BYQ-002,2025-07-12 14:00:00,61.8,62.8
500KV-BYQ-003,2025-07-12 14:00:00,48.7,50.0
500KV-BYQ-001,2025-07-12 15:00:00,61.1,63.8
500KV-BYQ-002,2025-07-12 15:00:00,48.3,50.7
500KV-BYQ-003,2025-07-12 15:00:00,61.4,62.7
500KV-BYQ-001,2025-07-12 16:00:00,63.6,66.1
500KV-BYQ-002,2025-07-12 16:00:00,71.1,72.9
500KV-BYQ-003,2025-07-12 16:00:00,46.0,48.4
500KV-BYQ-001,2025-07-12 17:00:00,71.4,73
500KV-BYQ-002,2025-07-12 17:00:00,52.0,53.3
500KV-BYQ-003,2025-07-12 17:00:00,49.9,51.3
500KV-BYQ-001,2025-07-12 18:00:00,51.6,53.4
500KV-BYQ-002,2025-07-12 18:00:00,66.3,68.5
500KV-BYQ-003,2025-07-12 18:00:00,67.2,69.2
500KV-BYQ-001,2025-07-12 19:00:00,44.5,46.5
500KV-BYQ-002,2025-07-12 19:00:00,53.8,56.2
500KV-BYQ-003,2025-07-12 19:00:00,61.4,63.5
500KV-BYQ-001,2025-07-12 20:00:00,65.3,67.7
500KV-BYQ-002,2025-07-12 20:00:00,69.5,70.9
500KV-BYQ-003,2025-07-12 20:00:00,66.5,68.4
500KV-BYQ-001,2025-07-12 21:00:00,53.9,56.0
500KV-BYQ-002,2025-07-12 21:00:00,56.8,58.0
500KV-BYQ-003,2025-07-12 21:00:00,54.4,57.1
500KV-BYQ-001,2025-07-12 22:00:00,61.5,63.7
500KV-BYQ-002,2025-07-12 22:00:00,65.6,67.8
500KV-BYQ-003,2025-07-12 22:00:00,63.2,65.6
500KV-BYQ-001,2025-07-12 23:00:00,49.0,51.9
500KV-BYQ-002,2025-07-12 23:00:00,47.1,48.8
500KV-BYQ-003,2025-07-12 23:00:00,55.3,57.5
500KV-BYQ-001,2025-07-13 00:00:00,52.5,55.3
500KV-BYQ-002,2025-07-13 00:00:00,63.9,66.1
500KV-BYQ-003,2025-07-13 00:00:00,47.1,48.9
500KV-BYQ-001,2025-07-13 01:00:00,62.1,64.7
500KV-BYQ-002,2025-07-13 01:00:00,66.1,68.7
500KV-BYQ-003,2025-07-13 01:00:00,54.2,56.8
500KV-BYQ-001,2025-07-13 02:00:00,43.6,46.1
500KV-BYQ-002,2025-07-13 02:00:00,48.1,50.9
500KV-BYQ-003,2025-07-13 02:00:00,53.6,55.9
500KV-BYQ-001,2025-07-13 03:00:00,45.8,48.0
500KV-BYQ-002,2025-07-13 03:00:00,55.1,56.8
500KV-BYQ-003,2025-07-13 03:00:00,42.0,44.9
500KV-BYQ-001,2025-07-13 04:00:00,66.1,68.3
500KV-BYQ-002,2025-07-13 04:00:00,55.8,58.3
500KV-BYQ-003,2025-07-13 04:00:00,50.2,51.6
500KV-BYQ-001,2025-07-13 05:00:00,64.7,66.8
500KV-BYQ-002,2025-07-13 05:00:00,57.8,59.4
500KV-BYQ-003,2025-07-13 05:00:00,56.6,59.1
500KV-BYQ-001,2025-07-13 06:00:00,49.2,51.0
500KV-BYQ-002,2025-07-13 06:00:00,64.4,66.4
500KV-BYQ-003,2025-07-13 06:00:00,60.0,61.5
500KV-BYQ-001,2025-07-13 07:00:00,57.8,59.6
500KV-BYQ-002,2025-07-13 07:00:00,52.7,55.1
500KV-BYQ-003,2025-07-13 07:00:00,54.6,57.5
500KV-BYQ-001,2025-07-13 08:00:00,61.2,62.8
500KV-BYQ-002,2025-07-13 08:00:00,59.2,60.7
500KV-BYQ-003,2025-07-13 08:00:00,51.2,52.8
500KV-BYQ-001,2025-07-13 09:00:00,62.1,64.3
500KV-BYQ-002,2025-07-13 09:00:00,62.2,63.4
500KV-BYQ-003,2025-07-13 09:00:00,54.0,55.0
500KV-BYQ-001,2025-07-13 10:00:00,57.8,60.3
500KV-BYQ-002,2025-07-13 10:00:00,49.7,52.0
500KV-BYQ-003,2025-07-13 10:00:00,50.1,51.6
500KV-BYQ-001,2025-07-13 11:00:00,54.7,57.4
500KV-BYQ-002,2025-07-13 11:00:00,60.0,61.1
500KV-BYQ-003,2025-07-13 11:00:00,56.5,59.4
500KV-BYQ-001,2025-07-13 12:00:00,66.8,69.2
500KV-BYQ-002,2025-07-13 12:00:00,70.3,73.0
500KV-BYQ-003,2025-07-13 12:00:00,60.9,63.2
500KV-BYQ-001,2025-07-13 13:00:00,65.3,66.8
500KV-BYQ-002,2025-07-13 13:00:00,57.7,60.5
500KV-BYQ-003,2025-07-13 13:00:00,69.0,71.2
500KV-BYQ-001,2025-07-13 14:00:00,68.5,69.5
500KV-BYQ-002,2025-07-13 14:00:00,57.6,58.9
500KV-BYQ-003,2025-07-13 14:00:00,59.2,61.6
500KV-BYQ-001,2025-07-13 15:00:00,51.9,54.4
500KV-BYQ-002,2025-07-13 15:00:00,51.5,53.9
500KV-BYQ-003,2025-07-13 15:00:00,48.4,51.2
500KV-BYQ-001,2025-07-13 16:00:00,57.8,60.1
500KV-BYQ-002,2025-07-13 16:00:00,68.0,69.8
500KV-BYQ-003,2025-07-13 16:00:00,65.0,66.7
500KV-BYQ-001,2025-07-13 17:00:00,63.4,66.1
500KV-BYQ-002,2025-07-13 17:00:00,45.8,48.5
500KV-BYQ-003,2025-07-13 17:00:00,63.7,65.7
500KV-BYQ-001,2025-07-13 18:00:00,60.6,62.8
500KV-BYQ-002,2025-07-13 18:00:00,47.8,50.5
500KV-BYQ-003,2025-07-13 18:00:00,48.6,50.2
500KV-BYQ-001,2025-07-13 19:00:00,50.7,53.4
500KV-BYQ-002,2025-07-13 19:00:00,54.9,57.0
500KV-BYQ-003,2025-07-13 19:00:00,69.7,71.1
500KV-BYQ-001,2025-07-13 20:00:00,47.0,48.5
500KV-BYQ-002,2025-07-13 20:00:00,50.4,53.0
500KV-BYQ-003,2025-07-13 20:00:00,60.1,61.3
500KV-BYQ-001,2025-07-13 21:00:00,70.8,71.9
500KV-BYQ-002,2025-07-13 21:00:00,48.6,50.3
500KV-BYQ-003,2025-07-13 21:00:00,65.6,67.4
500KV-BYQ-001,2025-07-13 22:00:00,57.0,59.7
500KV-BYQ-002,2025-07-13 22:00:00,49.7,52.4
500KV-BYQ-003,2025-07-13 22:00:00,57.8,59.0
500KV-BYQ-001,2025-07-13 23:00:00,42.0,44.2
500KV-BYQ-002,2025-07-13 23:00:00,61.7,64.5
500KV-BYQ-003,2025-07-13 23:00:00,62.0,63.7
500KV-BYQ-001,2025-07-14 00:00:00,53.4,55.7
500KV-BYQ-002,2025-07-14 00:00:00,52.9,54.3
500KV-BYQ-003,2025-07-14 00:00:00,64.5,66.0
500KV-BYQ-001,2025-07-14 01:00:00,50.7,51.8
500KV-BYQ-002,2025-07-14 01:00:00,44.5,47.1
500KV-BYQ-003,2025-07-14 01:00:00,47.1,48.9
500KV-BYQ-001,2025-07-14 02:00:00,52.4,54.0
500KV-BYQ-002,2025-07-14 02:00:00,60.9,63.8
500KV-BYQ-003,2025-07-14 02:00:00,59.8,61.1
500KV-BYQ-001,2025-07-14 03:00:00,52.4,54.9
500KV-BYQ-002,2025-07-14 03:00:00,56.4,58.3
500KV-BYQ-003,2025-07-14 03:00:00,52.1,54.2
500KV-BYQ-001,2025-07-14 04:00:00,65.5,67.4
500KV-BYQ-002,2025-07-14 04:00:00,57.2,58.6
500KV-BYQ-003,2025-07-14 04:00:00,54.3,55.8
500KV-BYQ-001,2025-07-14 05:00:00,65.0,66.0
500KV-BYQ-002,2025-07-14 05:00:00,50.1,51.9
500KV-BYQ-003,2025-07-14 05:00:00,48.7,51.7
500KV-BYQ-001,2025-07-14 06:00:00,43.2,44.8
500KV-BYQ-002,2025-07-14 06:00:00,49.4,51.7
500KV-BYQ-003,2025-07-14 06:00:00,49.7,51.2
500KV-BYQ-001,2025-07-14 07:00:00,50.5,52.6
500KV-BYQ-002,2025-07-14 07:00:00,56.0,58.7
500KV-BYQ-003,2025-07-14 07:00:00,63.7,66.2
500KV-BYQ-001,2025-07-14 08:00:00,57.3,59.4
500KV-BYQ-002,2025-07-14 08:00:00,47.5,49.3
500KV-BYQ-003,2025-07-14 08:00:00,56.5,58.9
500KV-BYQ-001,2025-07-14 09:00:00,67.3,69.6
500KV-BYQ-002,2025-07-14 09:00:00,56.7,57.8
500KV-BYQ-003,2025-07-14 09:00:00,64.4,66.2
500KV-BYQ-001,2025-07-14 10:00:00,47.9,50.2
500KV-BYQ-002,2025-07-14 10:00:00,61.9,64.5
500KV-BYQ-003,2025-07-14 10:00:00,57.0,58.4
500KV-BYQ-001,2025-07-14 11:00:00,64.6,65.6
500KV-BYQ-002,2025-07-14 11:00:00,63.0,65.1
500KV-BYQ-003,2025-07-14 11:00:00,61.8,63.9
500KV-BYQ-001,2025-07-14 12:00:00,53.5,55.2
500KV-BYQ-002,2025-07-14 12:00:00,71.4,73
500KV-BYQ-003,2025-07-14 12:00:00,54.5,56.4
500KV-BYQ-001,2025-07-14 13:00:00,67.3,68.6
500KV-BYQ-002,2025-07-14 13:00:00,60.3,62.2
500KV-BYQ-003,2025-07-14 13:00:00,63.1,65.0
500KV-BYQ-001,2025-07-14 14:00:00,66.8,69.7
500KV-BYQ-002,2025-07-14 14:00:00,66.6,68.2
500KV-BYQ-003,2025-07-14 14:00:00,69.1,70.5
500KV-BYQ-001,2025-07-14 15:00:00,61.5,62.8
500KV-BYQ-002,2025-07-14 15:00:00,63.1,65.4
500KV-BYQ-003,2025-07-14 15:00:00,50.6,51.9
500KV-BYQ-001,2025-07-14 16:00:00,61.7,62.9
500KV-BYQ-002,2025-07-14 16:00:00,59.9,62.5
500KV-BYQ-003,2025-07-14 16:00:00,53.5,55.6
500KV-BYQ-001,2025-07-14 17:00:00,62.6,65.3
500KV-BYQ-002,2025-07-14 17:00:00,66.5,67.6
500KV-BYQ-003,2025-07-14 17:00:00,57.8,58.9
500KV-BYQ-001,2025-07-14 18:00:00,56.1,58.3
500KV-BYQ-002,2025-07-14 18:00:00,54.7,57.7
500KV-BYQ-003,2025-07-14 18:00:00,51.1,53.9
500KV-BYQ-001,2025-07-14 19:00:00,62.3,65.0
500KV-BYQ-002,2025-07-14 19:00:00,47.7,49.8
500KV-BYQ-003,2025-07-14 19:00:00,57.7,60.3
500KV-BYQ-001,2025-07-14 20:00:00,67.4,69.9
500KV-BYQ-002,2025-07-14 20:00:00,67.4,70.0
500KV-BYQ-003,2025-07-14 20:00:00,47.6,49.6
500KV-BYQ-001,2025-07-14 21:00:00,68.4,70.2
500KV-BYQ-002,2025-07-14 21:00:00,66.7,68.2
500KV-BYQ-003,2025-07-14 21:00:00,56.2,57.5
500KV-BYQ-001,2025-07-14 22:00:00,59.5,62.0
500KV-BYQ-002,2025-07-14 22:00:00,66.5,68.4
500KV-BYQ-003,2025-07-14 22:00:00,53.9,56.4
500KV-BYQ-001,2025-07-14 23:00:00,55.4,57.0
500KV-BYQ-002,2025-07-14 23:00:00,55.3,56.5
500KV-BYQ-003,2025-07-14 23:00:00,52.7,55.5
500KV-BYQ-001,2025-07-15 00:00:00,64.2,66.7
500KV-BYQ-002,2025-07-15 00:00:00,53.4,56.1
500KV-BYQ-003,2025-07-15 00:00:00,61.6,63.5
500KV-BYQ-001,2025-07-15 01:00:00,44.7,46.8
500KV-BYQ-002,2025-07-15 01:00:00,55.2,56.3
500KV-BYQ-003,2025-07-15 01:00:00,65.8,67.4
500KV-BYQ-001,2025-07-15 02:00:00,64.0,66.5
500KV-BYQ-002,2025-07-15 02:00:00,64.9,67.3
500KV-BYQ-003,2025-07-15 02:00:00,49.4,50.8
500KV-BYQ-001,2025-07-15 03:00:00,48.1,50.5
500KV-BYQ-002,2025-07-15 03:00:00,44.4,46.9
500KV-BYQ-003,2025-07-15 03:00:00,48.1,49.5
500KV-BYQ-001,2025-07-15 04:00:00,58.7,60.4
500KV-BYQ-002,2025-07-15 04:00:00,49.6,52.4
500KV-BYQ-003,2025-07-15 04:00:00,48.6,51.4
500KV-BYQ-001,2025-07-15 05:00:00,61.3,63.6
500KV-BYQ-002,2025-07-15 05:00:00,47.4,49.9
500KV-BYQ-003,2025-07-15 05:00:00,50.9,52.7
500KV-BYQ-001,2025-07-15 06:00:00,48.4,49.7
500KV-BYQ-002,2025-07-15 06:00:00,45.1,47.5
500KV-BYQ-003,2025-07-15 06:00:00,55.0,56.2
500KV-BYQ-001,2025-07-15 07:00:00,61.6,63.7
500KV-BYQ-002,2025-07-15 07:00:00,63.7,65.0
500KV-BYQ-003,2025-07-15 07:00:00,59.7,61.6
500KV-BYQ-001,2025-07-15 08:00:00,60.9,63.0
500KV-BYQ-002,2025-07-15 08:00:00,58.9,61.2
500KV-BYQ-003,2025-07-15 08:00:00,48.8,51.1
500KV-BYQ-001,2025-07-15 09:00:00,61.4,63.5
500KV-BYQ-002,2025-07-15 09:00:00,72.3,73
500KV-BYQ-003,2025-07-15 09:00:00,47.3,49.9
500KV-BYQ-001,2025-07-15 10:00:00,51.7,53.9
500KV-BYQ-002,2025-07-15 10:00:00,48.5,50.0
500KV-BYQ-003,2025-07-15 10:00:00,62.1,63.6
500KV-BYQ-001,2025-07-15 11:00:00,57.8,59.0
500KV-BYQ-002,2025-07-15 11:00:00,51.4,53.1
500KV-BYQ-003,2025-07-15 11:00:00,61.3,63.5
500KV-BYQ-001,2025-07-15 12:00:00,68.5,70.2
500KV-BYQ-002,2025-07-15 12:00:00,63.2,65.8
500KV-BYQ-003,2025-07-15 12:00:00,52.0,55.0
500KV-BYQ-001,2025-07-15 13:00:00,48.0,50.5
500KV-BYQ-002,2025-07-15 13:00:00,56.5,59.4
500KV-BYQ-003,2025-07-15 13:00:00,65.9,67.4
500KV-BYQ-001,2025-07-15 14:00:00,67.8,69.9
500KV-BYQ-002,2025-07-15 14:00:00,64.8,67.6
500KV-BYQ-003,2025-07-15 14:00:00,54.4,57.4
500KV-BYQ-001,2025-07-15 15:00:00,57.9,59.3
500KV-BYQ-002,2025-07-15 15:00:00,65.8,67.3
500KV-BYQ-003,2025-07-15 15:00:00,57.2,59.3
500KV-BYQ-001,2025-07-15 16:00:00,57.1,58.9
500KV-BYQ-002,2025-07-15 16:00:00,47.1,49.5
500KV-BYQ-003,2025-07-15 16:00:00,66.3,67.6
500KV-BYQ-001,2025-07-15 17:00:00,64.0,65.4
500KV-BYQ-002,2025-07-15 17:00:00,54.3,56.9
500KV-BYQ-003,2025-07-15 17:00:00,56.0,58.8
500KV-BYQ-001,2025-07-15 18:00:00,50.8,53.6
500KV-BYQ-002,2025-07-15 18:00:00,67.0,68.8
500KV-BYQ-003,2025-07-15 18:00:00,48.9,51.7
500KV-BYQ-001,2025-07-15 19:00:00,57.8,59.5
500KV-BYQ-002,2025-07-15 19:00:00,66.0,67.1
500KV-BYQ-003,2025-07-15 19:00:00,54.4,56.1
500KV-BYQ-001,2025-07-15 20:00:00,64.5,66.6
500KV-BYQ-002,2025-07-15 20:00:00,67.3,68.5
500KV-BYQ-003,2025-07-15 20:00:00,66.3,68.5
500KV-BYQ-001,2025-07-15 21:00:00,55.8,57.1
500KV-BYQ-002,2025-07-15 21:00:00,53.9,55.5
500KV-BYQ-003,2025-07-15 21:00:00,61.0,63.5
500KV-BYQ-001,2025-07-15 22:00:00,63.9,65.1
500KV-BYQ-002,2025-07-15 22:00:00,61.8,63.4
500KV-BYQ-003,2025-07-15 22:00:00,68.8,70.0
500KV-BYQ-001,2025-07-15 23:00:00,58.6,61.5
500KV-BYQ-002,2025-07-15 23:00:00,49.9,51.7
500KV-BYQ-003,2025-07-15 23:00:00,43.8,45.0
500KV-BYQ-001,2025-07-16 00:00:00,51.9,53.7
500KV-BYQ-002,2025-07-16 00:00:00,60.6,63.2
500KV-BYQ-003,2025-07-16 00:00:00,63.1,64.8
500KV-BYQ-001,2025-07-16 01:00:00,50.0,52.1
500KV-BYQ-002,2025-07-16 01:00:00,45.1,46.2
500KV-BYQ-003,2025-07-16 01:00:00,58.1,61.1
500KV-BYQ-001,2025-07-16 02:00:00,52.6,53.7
500KV-BYQ-002,2025-07-16 02:00:00,47.6,50.1
500KV-BYQ-003,2025-07-16 02:00:00,57.6,59.0
500KV-BYQ-001,2025-07-16 03:00:00,53.7,55.9
500KV-BYQ-002,2025-07-16 03:00:00,55.5,57.8
500KV-BYQ-003,2025-07-16 03:00:00,57.1,60.0
500KV-BYQ-001,2025-07-16 04:00:00,61.3,63.0
500KV-BYQ-002,2025-07-16 04:00:00,50.0,52.1
500KV-BYQ-003,2025-07-16 04:00:00,60.8,63.7
500KV-BYQ-001,2025-07-16 05:00:00,55.2,57.0
500KV-BYQ-002,2025-07-16 05:00:00,47.1,50.1
500KV-BYQ-003,2025-07-16 05:00:00,52.3,54.1
500KV-BYQ-001,2025-07-16 06:00:00,49.8,51.5
500KV-BYQ-002,2025-07-16 06:00:00,56.6,58.8
500KV-BYQ-003,2025-07-16 06:00:00,63.9,65.8
500KV-BYQ-001,2025-07-16 07:00:00,58.1,60.9
500KV-BYQ-002,2025-07-16 07:00:00,56.0,58.0
500KV-BYQ-003,2025-07-16 07:00:00,58.7,61.1
500KV-BYQ-001,2025-07-16 08:00:00,66.6,67.8
500KV-BYQ-002,2025-07-16 08:00:00,68.4,69.9
500KV-BYQ-003,2025-07-16 08:00:00,49.8,50.9
500KV-BYQ-001,2025-07-16 09:00:00,69.5,71.1
500KV-BYQ-002,2025-07-16 09:00:00,62.0,64.4
500KV-BYQ-003,2025-07-16 09:00:00,62.9,63.9
500KV-BYQ-001,2025-07-16 10:00:00,70.4,71.6
500KV-BYQ-002,2025-07-16 10:00:00,64.9,66.8
500KV-BYQ-003,2025-07-16 10:00:00,48.7,51.2
500KV-BYQ-001,2025-07-16 11:00:00,62.8,63.9
500KV-BYQ-002,2025-07-16 11:00:00,63.5,66.0
500KV-BYQ-003,2025-07-16 11:00:00,56.5,59.3
500KV-BYQ-001,2025-07-16 12:00:00,46.2,48.6
500KV-BYQ-002,2025-07-16 12:00:00,68.8,69.9
500KV-BYQ-003,2025-07-16 12:00:00,59.7,60.9
500KV-BYQ-001,2025-07-16 13:00:00,68.8,70.8
500KV-BYQ-002,2025-07-16 13:00:00,58.2,59.6
500KV-BYQ-003,2025-07-16 13:00:00,62.2,63.9
500KV-BYQ-001,2025-07-16 14:00:00,56.8,59.7
500KV-BYQ-002,2025-07-16 14:00:00,68.3,70.6
500KV-BYQ-003,2025-07-16 14:00:00,50.5,51.5
500KV-BYQ-001,2025-07-16 15:00:00,58.7,61.7
500KV-BYQ-002,2025-07-16 15:00:00,54.2,56.6
500KV-BYQ-003,2025-07-16 15:00:00,56.6,58.5
500KV-BYQ-001,2025-07-16 16:00:00,50.9,51.9
500KV-BYQ-002,2025-07-16 16:00:00,50.5,52.6
500KV-BYQ-003,2025-07-16 16:00:00,49.3,50.9
500KV-BYQ-001,2025-07-16 17:00:00,66.5,68.4
500KV-BYQ-002,2025-07-16 17:00:00,68.7,71.0
500KV-BYQ-003,2025-07-16 17:00:00,70.1,73.0
500KV-BYQ-001,2025-07-16 18:00:00,54.8,56.9
500KV-BYQ-002,2025-07-16 18:00:00,61.1,63.9
500KV-BYQ-003,2025-07-16 18:00:00,58.1,59.4
500KV-BYQ-001,2025-07-16 19:00:00,49.0,51.9
500KV-BYQ-002,2025-07-16 19:00:00,66.5,68.7
500KV-BYQ-003,2025-07-16 19:00:00,61.2,62.3
500KV-BYQ-001,2025-07-16 20:00:00,62.4,64.2
500KV-BYQ-002,2025-07-16 20:00:00,53.2,55.6
500KV-BYQ-003,2025-07-16 20:00:00,60.2,61.6
500KV-BYQ-001,2025-07-16 21:00:00,59.2,62.1
500KV-BYQ-002,2025-07-16 21:00:00,57.7,59.9
500KV-BYQ-003,2025-07-16 21:00:00,52.1,54.3
500KV-BYQ-001,2025-07-16 22:00:00,68.1,69.3
500KV-BYQ-002,2025-07-16 22:00:00,62.2,64.0
500KV-BYQ-003,2025-07-16 22:00:00,54.2,56.3
500KV-BYQ-001,2025-07-16 23:00:00,52.4,54.8
500KV-BYQ-002,2025-07-16 23:00:00,47.9,50.0
500KV-BYQ-003,2025-07-16 23:00:00,55.6,57.1
500KV-BYQ-001,2025-07-17 00:00:00,55.7,58.6
500KV-BYQ-002,2025-07-17 00:00:00,48.9,50.7
500KV-BYQ-003,2025-07-17 00:00:00,64.4,66.5
500KV-BYQ-001,2025-07-17 01:00:00,49.3,51.3
500KV-BYQ-002,2025-07-17 01:00:00,47.2,50.0
500KV-BYQ-003,2025-07-17 01:00:00,65.3,67.3
500KV-BYQ-001,2025-07-17 02:00:00,51.0,52.7
500KV-BYQ-002,2025-07-17 02:00:00,56.2,58.8
500KV-BYQ-003,2025-07-17 02:00:00,64.5,66.1
500KV-BYQ-001,2025-07-17 03:00:00,59.2,61.0
500KV-BYQ-002,2025-07-17 03:00:00,61.5,62.5
500KV-BYQ-003,2025-07-17 03:00:00,57.8,60.5
500KV-BYQ-001,2025-07-17 04:00:00,44.5,46.7
500KV-BYQ-002,2025-07-17 04:00:00,46.8,48.2
500KV-BYQ-003,2025-07-17 04:00:00,60.8,62.1
500KV-BYQ-001,2025-07-17 05:00:00,51.8,54.1
500KV-BYQ-002,2025-07-17 05:00:00,49.7,51.6
500KV-BYQ-003,2025-07-17 05:00:00,45.8,48.6
500KV-BYQ-001,2025-07-17 06:00:00,54.7,56.2
500KV-BYQ-002,2025-07-17 06:00:00,44.7,45.7
500KV-BYQ-003,2025-07-17 06:00:00,53.5,56.2
500KV-BYQ-001,2025-07-17 07:00:00,64.9,65.9
500KV-BYQ-002,2025-07-17 07:00:00,43.3,44.9
500KV-BYQ-003,2025-07-17 07:00:00,58.8,59.9
500KV-BYQ-001,2025-07-17 08:00:00,63.2,65.0
500KV-BYQ-002,2025-07-17 08:00:00,49.7,51.2
500KV-BYQ-003,2025-07-17 08:00:00,57.0,58.8
500KV-BYQ-001,2025-07-17 09:00:00,60.5,61.5
500KV-BYQ-002,2025-07-17 09:00:00,69.7,72.0
500KV-BYQ-003,2025-07-17 09:00:00,51.3,53.2
500KV-BYQ-001,2025-07-17 10:00:00,69.7,70.9
500KV-BYQ-002,2025-07-17 10:00:00,51.5,52.7
500KV-BYQ-003,2025-07-17 10:00:00,51.2,52.7
500KV-BYQ-001,2025-07-17 11:00:00,49.4,52.4
500KV-BYQ-002,2025-07-17 11:00:00,60.0,62.6
500KV-BYQ-003,2025-07-17 11:00:00,69.0,71.4
500KV-BYQ-001,2025-07-17 12:00:00,55.8,58.7
500KV-BYQ-002,2025-07-17 12:00:00,54.2,57.1
500KV-BYQ-003,2025-07-17 12:00:00,65.9,67.1
500KV-BYQ-001,2025-07-17 13:00:00,67.7,70.6
500KV-BYQ-002,2025-07-17 13:00:00,55.1,56.3
500KV-BYQ-003,2025-07-17 13:00:00,53.5,54.5
500KV-BYQ-001,2025-07-17 14:00:00,59.3,61.8
500KV-BYQ-002,2025-07-17 14:00:00,51.3,54.3
500KV-BYQ-003,2025-07-17 14:00:00,64.4,65.6
500KV-BYQ-001,2025-07-17 15:00:00,56.6,58.3
500KV-BYQ-002,2025-07-17 15:00:00,66.7,68.7
500KV-BYQ-003,2025-07-17 15:00:00,58.8,61.4
500KV-BYQ-001,2025-07-17 16:00:00,63.7,65.0
500KV-BYQ-002,2025-07-17 16:00:00,63.0,64.5
500KV-BYQ-003,2025-07-17 16:00:00,63.6,65.6
500KV-BYQ-001,2025-07-17 17:00:00,58.3,61.3
500KV-BYQ-002,2025-07-17 17:00:00,50.3,53.1
500KV-BYQ-003,2025-07-17 17:00:00,54.0,56.2
500KV-BYQ-001,2025-07-17 18:00:00,64.5,65.7
500KV-BYQ-002,2025-07-17 18:00:00,48.7,51.6
500KV-BYQ-003,2025-07-17 18:00:00,54.3,57.2
500KV-BYQ-001,2025-07-17 19:00:00,58.3,60.4
500KV-BYQ-002,2025-07-17 19:00:00,62.3,64.4
500KV-BYQ-003,2025-07-17 19:00:00,58.4,60.9
500KV-BYQ-001,2025-07-17 20:00:00,55.7,56.8
500KV-BYQ-002,2025-07-17 20:00:00,61.9,64.4
500KV-BYQ-003,2025-07-17 20:00:00,59.6,61.3
500KV-BYQ-001,2025-07-17 21:00:00,65.1,67.1
500KV-BYQ-002,2025-07-17 21:00:00,63.1,65.9
500KV-BYQ-003,2025-07-17 21:00:00,67.3,68.5
500KV-BYQ-001,2025-07-17 22:00:00,52.6,55.1
500KV-BYQ-002,2025-07-17 22:00:00,62.6,63.7
500KV-BYQ-003,2025-07-17 22:00:00,57.0,59.8
500KV-BYQ-001,2025-07-17 23:00:00,49.4,51.6
500KV-BYQ-002,2025-07-17 23:00:00,51.5,53.0
500KV-BYQ-003,2025-07-17 23:00:00,51.7,53.4
500KV-BYQ-001,2025-07-18 00:00:00,61.3,63.5
500KV-BYQ-002,2025-07-18 00:00:00,49.8,52.8
500KV-BYQ-003,2025-07-18 00:00:00,57.5,59.6
500KV-BYQ-001,2025-07-18 01:00:00,58.5,59.6
500KV-BYQ-002,2025-07-18 01:00:00,45.2,47.3
500KV-BYQ-003,2025-07-18 01:00:00,53.3,55.7
500KV-BYQ-001,2025-07-18 02:00:00,51.0,52.4
500KV-BYQ-002,2025-07-18 02:00:00,42.1,43.8
500KV-BYQ-003,2025-07-18 02:00:00,49.4,51.2
500KV-BYQ-001,2025-07-18 03:00:00,50.9,52.7
500KV-BYQ-002,2025-07-18 03:00:00,53.8,55.6
500KV-BYQ-003,2025-07-18 03:00:00,53.9,55.6
500KV-BYQ-001,2025-07-18 04:00:00,56.6,58.1
500KV-BYQ-002,2025-07-18 04:00:00,56.9,59.5
500KV-BYQ-003,2025-07-18 04:00:00,53.1,54.5
500KV-BYQ-001,2025-07-18 05:00:00,59.4,61.7
500KV-BYQ-002,2025-07-18 05:00:00,63.4,65.8
500KV-BYQ-003,2025-07-18 05:00:00,58.1,60.2
500KV-BYQ-001,2025-07-18 06:00:00,48.3,51.2
500KV-BYQ-002,2025-07-18 06:00:00,44.2,45.8
500KV-BYQ-003,2025-07-18 06:00:00,63.2,66.0
500KV-BYQ-001,2025-07-18 07:00:00,44.4,45.7
500KV-BYQ-002,2025-07-18 07:00:00,65.9,68.9
500KV-BYQ-003,2025-07-18 07:00:00,42.5,44.0
500KV-BYQ-001,2025-07-18 08:00:00,65.9,68.9
500KV-BYQ-002,2025-07-18 08:00:00,64.5,66.4
500KV-BYQ-003,2025-07-18 08:00:00,62.9,64.4
500KV-BYQ-001,2025-07-18 09:00:00,49.8,52.2
500KV-BYQ-002,2025-07-18 09:00:00,62.2,63.7
500KV-BYQ-003,2025-07-18 09:00:00,47.5,49.0
500KV-BYQ-001,2025-07-18 10:00:00,58.6,59.9
500KV-BYQ-002,2025-07-18 10:00:00,62.4,65.0
500KV-BYQ-003,2025-07-18 10:00:00,52.0,53.8
500KV-BYQ-001,2025-07-18 11:00:00,54.9,56.0
500KV-BYQ-002,2025-07-18 11:00:00,68.5,71.0
500KV-BYQ-003,2025-07-18 11:00:00,51.4,52.7
500KV-BYQ-001,2025-07-18 12:00:00,57.7,59.7
500KV-BYQ-002,2025-07-18 12:00:00,62.9,64.5
500KV-BYQ-003,2025-07-18 12:00:00,51.8,54.7
500KV-BYQ-001,2025-07-18 13:00:00,49.2,50.4
500KV-BYQ-002,2025-07-18 13:00:00,67.1,69.8
500KV-BYQ-003,2025-07-18 13:00:00,67.7,69.4
500KV-BYQ-001,2025-07-18 14:00:00,65.2,68.1
500KV-BYQ-002,2025-07-18 14:00:00,71.9,73.0
500KV-BYQ-003,2025-07-18 14:00:00,50.1,51.4
500KV-BYQ-001,2025-07-18 15:00:00,69.5,70.9
500KV-BYQ-002,2025-07-18 15:00:00,69.7,72.6
500KV-BYQ-003,2025-07-18 15:00:00,57.4,60.1
500KV-BYQ-001,2025-07-18 16:00:00,63.8,65.5
500KV-BYQ-002,2025-07-18 16:00:00,56.1,57.5
500KV-BYQ-003,2025-07-18 16:00:00,57.6,59.4
500KV-BYQ-001,2025-07-18 17:00:00,60.0,62.2
500KV-BYQ-002,2025-07-18 17:00:00,59.1,61.8
500KV-BYQ-003,2025-07-18 17:00:00,71.1,73
500KV-BYQ-001,2025-07-18 18:00:00,59.8,61.2
500KV-BYQ-002,2025-07-18 18:00:00,50.6,52.0
500KV-BYQ-003,2025-07-18 18:00:00,58.2,60.6
500KV-BYQ-001,2025-07-18 19:00:00,62.1,64.4
500KV-BYQ-002,2025-07-18 19:00:00,59.4,62.2
500KV-BYQ-003,2025-07-18 19:00:00,64.0,65.8
500KV-BYQ-001,2025-07-18 20:00:00,61.7,64.3
500KV-BYQ-002,2025-07-18 20:00:00,60.3,62.0
500KV-BYQ-003,2025-07-18 20:00:00,55.4,56.9
500KV-BYQ-001,2025-07-18 21:00:00,65.7,67.4
500KV-BYQ-002,2025-07-18 21:00:00,67.4,69.4
500KV-BYQ-003,2025-07-18 21:00:00,54.7,56.2
500KV-BYQ-001,2025-07-18 22:00:00,51.4,53.6
500KV-BYQ-002,2025-07-18 22:00:00,49.0,50.7
500KV-BYQ-003,2025-07-18 22:00:00,44.6,45.6
500KV-BYQ-001,2025-07-18 23:00:00,65.0,67.7
500KV-BYQ-002,2025-07-18 23:00:00,54.0,55.4
500KV-BYQ-003,2025-07-18 23:00:00,61.3,64.2
500KV-BYQ-001,2025-07-19 00:00:00,57.0,59.5
500KV-BYQ-002,2025-07-19 00:00:00,50.4,52.7
500KV-BYQ-003,2025-07-19 00:00:00,56.5,59.0
500KV-BYQ-001,2025-07-19 01:00:00,48.4,50.9
500KV-BYQ-002,2025-07-19 01:00:00,45.8,47.7
500KV-BYQ-003,2025-07-19 01:00:00,60.0,62.7
500KV-BYQ-001,2025-07-19 02:00:00,62.5,63.8
500KV-BYQ-002,2025-07-19 02:00:00,44.4,45.5
500KV-BYQ-003,2025-07-19 02:00:00,58.3,60.9
500KV-BYQ-001,2025-07-19 03:00:00,45.9,47.4
500KV-BYQ-002,2025-07-19 03:00:00,55.6,57.5
500KV-BYQ-003,2025-07-19 03:00:00,63.2,64.4
500KV-BYQ-001,2025-07-19 04:00:00,54.4,55.9
500KV-BYQ-002,2025-07-19 04:00:00,53.6,54.7
500KV-BYQ-003,2025-07-19 04:00:00,55.6,58.0
500KV-BYQ-001,2025-07-19 05:00:00,49.6,52.5
500KV-BYQ-002,2025-07-19 05:00:00,53.3,54.4
500KV-BYQ-003,2025-07-19 05:00:00,48.7,50.2
500KV-BYQ-001,2025-07-19 06:00:00,56.2,59.0
500KV-BYQ-002,2025-07-19 06:00:00,63.1,65.4
500KV-BYQ-003,2025-07-19 06:00:00,44.4,45.9
500KV-BYQ-001,2025-07-19 07:00:00,64.2,66.7
500KV-BYQ-002,2025-07-19 07:00:00,54.9,56.9
500KV-BYQ-003,2025-07-19 07:00:00,65.2,66.7
500KV-BYQ-001,2025-07-19 08:00:00,50.3,53.2
500KV-BYQ-002,2025-07-19 08:00:00,62.5,64.6
500KV-BYQ-003,2025-07-19 08:00:00,62.2,64.9
500KV-BYQ-001,2025-07-19 09:00:00,51.7,52.9
500KV-BYQ-002,2025-07-19 09:00:00,68.4,69.9
500KV-BYQ-003,2025-07-19 09:00:00,71.0,73
500KV-BYQ-001,2025-07-19 10:00:00,69.5,71.4
500KV-BYQ-002,2025-07-19 10:00:00,49.1,51.7
500KV-BYQ-003,2025-07-19 10:00:00,50.2,51.4
500KV-BYQ-001,2025-07-19 11:00:00,57.1,59.6
500KV-BYQ-002,2025-07-19 11:00:00,63.8,65.7
500KV-BYQ-003,2025-07-19 11:00:00,48.4,51.3
500KV-BYQ-001,2025-07-19 12:00:00,55.4,57.6
500KV-BYQ-002,2025-07-19 12:00:00,53.2,55.5
500KV-BYQ-003,2025-07-19 12:00:00,56.0,58.4
500KV-BYQ-001,2025-07-19 13:00:00,52.4,54.3
500KV-BYQ-002,2025-07-19 13:00:00,49.7,51.9
500KV-BYQ-003,2025-07-19 13:00:00,50.7,53.5
500KV-BYQ-001,2025-07-19 14:00:00,54.3,57.1
500KV-BYQ-002,2025-07-19 14:00:00,62.3,65.0
500KV-BYQ-003,2025-07-19 14:00:00,53.1,55.9
500KV-BYQ-001,2025-07-19 15:00:00,69.3,70.8
500KV-BYQ-002,2025-07-19 15:00:00,63.1,64.4
500KV-BYQ-003,2025-07-19 15:00:00,64.7,66.9
500KV-BYQ-001,2025-07-19 16:00:00,70.8,73
500KV-BYQ-002,2025-07-19 16:00:00,64.6,66.8
500KV-BYQ-003,2025-07-19 16:00:00,62.4,65.3
500KV-BYQ-001,2025-07-19 17:00:00,64.7,66.0
500KV-BYQ-002,2025-07-19 17:00:00,54.4,55.5
500KV-BYQ-003,2025-07-19 17:00:00,52.3,53.4
500KV-BYQ-001,2025-07-19 18:00:00,59.0,60.8
500KV-BYQ-002,2025-07-19 18:00:00,56.7,58.4
500KV-BYQ-003,2025-07-19 18:00:00,48.7,50.1
500KV-BYQ-001,2025-07-19 19:00:00,67.4,69.6
500KV-BYQ-002,2025-07-19 19:00:00,50.4,51.9
500KV-BYQ-003,2025-07-19 19:00:00,61.1,64.0
500KV-BYQ-001,2025-07-19 20:00:00,57.9,59.2
500KV-BYQ-002,2025-07-19 20:00:00,50.7,52.8
500KV-BYQ-003,2025-07-19 20:00:00,51.8,54.5
500KV-BYQ-001,2025-07-19 21:00:00,53.2,56.1
500KV-BYQ-002,2025-07-19 21:00:00,46.9,49.5
500KV-BYQ-003,2025-07-19 21:00:00,68.3,70.6
500KV-BYQ-001,2025-07-19 22:00:00,58.9,61.2
500KV-BYQ-002,2025-07-19 22:00:00,63.8,65.0
500KV-BYQ-003,2025-07-19 22:00:00,66.6,67.6
500KV-BYQ-001,2025-07-19 23:00:00,53.8,55.0
500KV-BYQ-002,2025-07-19 23:00:00,58.7,61.5
500KV-BYQ-003,2025-07-19 23:00:00,61.9,64.5
500KV-BYQ-001,2025-07-20 00:00:00,55.2,58.1
500KV-BYQ-002,2025-07-20 00:00:00,58.1,60.1
500KV-BYQ-003,2025-07-20 00:00:00,51.1,52.9
500KV-BYQ-001,2025-07-20 01:00:00,61.7,64.2
500KV-BYQ-002,2025-07-20 01:00:00,47.0,49.5
500KV-BYQ-003,2025-07-20 01:00:00,52.8,54.6
500KV-BYQ-001,2025-07-20 02:00:00,48.2,50.1
500KV-BYQ-002,2025-07-20 02:00:00,56.7,58.5
500KV-BYQ-003,2025-07-20 02:00:00,63.9,66.3
500KV-BYQ-001,2025-07-20 03:00:00,60.9,63.6
500KV-BYQ-002,2025-07-20 03:00:00,61.4,63.7
500KV-BYQ-003,2025-07-20 03:00:00,43.8,45.4
500KV-BYQ-001,2025-07-20 04:00:00,54.6,56.9
500KV-BYQ-002,2025-07-20 04:00:00,57.9,60.0
500KV-BYQ-003,2025-07-20 04:00:00,64.9,67.4
500KV-BYQ-001,2025-07-20 05:00:00,52.9,55.1
500KV-BYQ-002,2025-07-20 05:00:00,54.4,56.6
500KV-BYQ-003,2025-07-20 05:00:00,63.3,65.9
500KV-BYQ-001,2025-07-20 06:00:00,56.4,58.8
500KV-BYQ-002,2025-07-20 06:00:00,55.8,58.0
500KV-BYQ-003,2025-07-20 06:00:00,62.3,64.5
500KV-BYQ-001,2025-07-20 07:00:00,57.5,60.0
500KV-BYQ-002,2025-07-20 07:00:00,55.0,56.2
500KV-BYQ-003,2025-07-20 07:00:00,44.7,47.2
500KV-BYQ-001,2025-07-20 08:00:00,57.7,59.5
500KV-BYQ-002,2025-07-20 08:00:00,66.5,67.8
500KV-BYQ-003,2025-07-20 08:00:00,64.3,65.6
500KV-BYQ-001,2025-07-20 09:00:00,65.8,67.6
500KV-BYQ-002,2025-07-20 09:00:00,53.3,55.5
500KV-BYQ-003,2025-07-20 09:00:00,56.6,59.3
500KV-BYQ-001,2025-07-20 10:00:00,54.0,56.3
500KV-BYQ-002,2025-07-20 10:00:00,63.0,66.0
500KV-BYQ-003,2025-07-20 10:00:00,62.8,64.1
500KV-BYQ-001,2025-07-20 11:00:00,55.2,56.5
500KV-BYQ-002,2025-07-20 11:00:00,58.4,59.7
500KV-BYQ-003,2025-07-20 11:00:00,58.3,59.8
500KV-BYQ-001,2025-07-20 12:00:00,48.6,50.3
500KV-BYQ-002,2025-07-20 12:00:00,56.0,58.2
500KV-BYQ-003,2025-07-20 12:00:00,66.7,68.2
500KV-BYQ-001,2025-07-20 13:00:00,68.1,69.4
500KV-BYQ-002,2025-07-20 13:00:00,55.0,57.5
500KV-BYQ-003,2025-07-20 13:00:00,52.2,54.3
500KV-BYQ-001,2025-07-20 14:00:00,67.9,70.6
500KV-BYQ-002,2025-07-20 14:00:00,47.7,49.9
500KV-BYQ-003,2025-07-20 14:00:00,64.4,66.7
500KV-BYQ-001,2025-07-20 15:00:00,52.4,55.0
500KV-BYQ-002,2025-07-20 15:00:00,51.3,53.7
500KV-BYQ-003,2025-07-20 15:00:00,55.0,56.7
500KV-BYQ-001,2025-07-20 16:00:00,53.6,54.9
500KV-BYQ-002,2025-07-20 16:00:00,54.1,56.5
500KV-BYQ-003,2025-07-20 16:00:00,48.5,50.4
500KV-BYQ-001,2025-07-20 17:00:00,49.6,51.2
500KV-BYQ-002,2025-07-20 17:00:00,50.0,51.9
500KV-BYQ-003,2025-07-20 17:00:00,49.3,51.8
500KV-BYQ-001,2025-07-20 18:00:00,59.0,60.0
500KV-BYQ-002,2025-07-20 18:00:00,66.0,67.3
500KV-BYQ-003,2025-07-20 18:00:00,57.9,59.6
500KV-BYQ-001,2025-07-20 19:00:00,62.0,64.8
500KV-BYQ-002,2025-07-20 19:00:00,59.3,61.1
500KV-BYQ-003,2025-07-20 19:00:00,55.4,58.2
500KV-BYQ-001,2025-07-20 20:00:00,50.9,53.1
500KV-BYQ-002,2025-07-20 20:00:00,63.0,64.1
500KV-BYQ-003,2025-07-20 20:00:00,57.0,58.8
500KV-BYQ-001,2025-07-20 21:00:00,69.6,70.8
500KV-BYQ-002,2025-07-20 21:00:00,68.6,71.1
500KV-BYQ-003,2025-07-20 21:00:00,52.7,53.9
500KV-BYQ-001,2025-07-20 22:00:00,65.4,67.7
500KV-BYQ-002,2025-07-20 22:00:00,49.8,51.3
500KV-BYQ-003,2025-07-20 22:00:00,59.6,62.0
500KV-BYQ-001,2025-07-20 23:00:00,44.3,45.7
500KV-BYQ-002,2025-07-20 23:00:00,45.5,46.6
500KV-BYQ-003,2025-07-20 23:00:00,55.6,57.7
500KV-BYQ-001,2025-07-21 00:00:00,62.0,63.6
500KV-BYQ-002,2025-07-21 00:00:00,60.7,61.9
500KV-BYQ-003,2025-07-21 00:00:00,53.8,56.3
500KV-BYQ-001,2025-07-21 01:00:00,53.1,55.5
500KV-BYQ-002,2025-07-21 01:00:00,64.7,67.5
500KV-BYQ-003,2025-07-21 01:00:00,52.0,54.8
500KV-BYQ-001,2025-07-21 02:00:00,61.6,62.9
500KV-BYQ-002,2025-07-21 02:00:00,67.3,68.4
500KV-BYQ-003,2025-07-21 02:00:00,43.5,45.1
500KV-BYQ-001,2025-07-21 03:00:00,58.1,60.2
500KV-BYQ-002,2025-07-21 03:00:00,49.9,51.4
500KV-BYQ-003,2025-07-21 03:00:00,42.7,45.4
500KV-BYQ-001,2025-07-21 04:00:00,64.3,66.1
500KV-BYQ-002,2025-07-21 04:00:00,59.1,60.6
500KV-BYQ-003,2025-07-21 04:00:00,64.5,67.4
500KV-BYQ-001,2025-07-21 05:00:00,58.1,59.2
500KV-BYQ-002,2025-07-21 05:00:00,53.5,55.5
500KV-BYQ-003,2025-07-21 05:00:00,51.3,53.3
500KV-BYQ-001,2025-07-21 06:00:00,48.2,49.2
500KV-BYQ-002,2025-07-21 06:00:00,64.8,66.6
500KV-BYQ-003,2025-07-21 06:00:00,60.7,62.4
500KV-BYQ-001,2025-07-21 07:00:00,51.8,54.5
500KV-BYQ-002,2025-07-21 07:00:00,55.9,57.4
500KV-BYQ-003,2025-07-21 07:00:00,60.9,62.2
500KV-BYQ-001,2025-07-21 08:00:00,66.7,69.6
500KV-BYQ-002,2025-07-21 08:00:00,69.5,70.9
500KV-BYQ-003,2025-07-21 08:00:00,57.3,59.7
500KV-BYQ-001,2025-07-21 09:00:00,49.5,52.4
500KV-BYQ-002,2025-07-21 09:00:00,54.2,55.9
500KV-BYQ-003,2025-07-21 09:00:00,62.7,64.9
500KV-BYQ-001,2025-07-21 10:00:00,67.2,68.6
500KV-BYQ-002,2025-07-21 10:00:00,64.0,67.0
500KV-BYQ-003,2025-07-21 10:00:00,61.5,64.2
500KV-BYQ-001,2025-07-21 11:00:00,53.4,55.5
500KV-BYQ-002,2025-07-21 11:00:00,49.5,52.0
500KV-BYQ-003,2025-07-21 11:00:00,47.4,48.4
500KV-BYQ-001,2025-07-21 12:00:00,56.5,58.4
500KV-BYQ-002,2025-07-21 12:00:00,49.5,51.1
500KV-BYQ-003,2025-07-21 12:00:00,70.1,71.8
500KV-BYQ-001,2025-07-21 13:00:00,49.1,51.7
500KV-BYQ-002,2025-07-21 13:00:00,56.1,57.2
500KV-BYQ-003,2025-07-21 13:00:00,68.1,70.4
500KV-BYQ-001,2025-07-21 14:00:00,50.9,52.9
500KV-BYQ-002,2025-07-21 14:00:00,48.4,50.2
500KV-BYQ-003,2025-07-21 14:00:00,48.9,50.5
500KV-BYQ-001,2025-07-21 15:00:00,68.2,69.6
500KV-BYQ-002,2025-07-21 15:00:00,58.8,61.1
500KV-BYQ-003,2025-07-21 15:00:00,65.1,66.1
500KV-BYQ-001,2025-07-21 16:00:00,63.2,65.2
500KV-BYQ-002,2025-07-21 16:00:00,52.1,53.4
500KV-BYQ-003,2025-07-21 16:00:00,56.2,58.8
500KV-BYQ-001,2025-07-21 17:00:00,63.7,65.2
500KV-BYQ-002,2025-07-21 17:00:00,68.5,70.8
500KV-BYQ-003,2025-07-21 17:00:00,65.3,68.2
500KV-BYQ-001,2025-07-21 18:00:00,67.2,68.7
500KV-BYQ-002,2025-07-21 18:00:00,48.4,50.6
500KV-BYQ-003,2025-07-21 18:00:00,47.7,49.1
500KV-BYQ-001,2025-07-21 19:00:00,53.7,55.4
500KV-BYQ-002,2025-07-21 19:00:00,64.8,66.3
500KV-BYQ-003,2025-07-21 19:00:00,54.6,56.8
500KV-BYQ-001,2025-07-21 20:00:00,59.8,62.6
500KV-BYQ-002,2025-07-21 20:00:00,61.2,64.2
500KV-BYQ-003,2025-07-21 20:00:00,59.5,61.2
500KV-BYQ-001,2025-07-21 21:00:00,51.1,52.3
500KV-BYQ-002,2025-07-21 21:00:00,51.6,52.9
500KV-BYQ-003,2025-07-21 21:00:00,57.0,58.7
500KV-BYQ-001,2025-07-21 22:00:00,48.0,49.8
500KV-BYQ-002,2025-07-21 22:00:00,47.5,49.6
500KV-BYQ-003,2025-07-21 22:00:00,51.7,54.0
500KV-BYQ-001,2025-07-21 23:00:00,65.7,68.1
500KV-BYQ-002,2025-07-21 23:00:00,46.9,48.4
500KV-BYQ-003,2025-07-21 23:00:00,45.3,47.1
500KV-BYQ-001,2025-07-22 00:00:00,60.4,62.1
500KV-BYQ-002,2025-07-22 00:00:00,61.5,62.5
500KV-BYQ-003,2025-07-22 00:00:00,47.3,49.0
500KV-BYQ-001,2025-07-22 01:00:00,43.6,45.3
500KV-BYQ-002,2025-07-22 01:00:00,59.0,60.6
500KV-BYQ-003,2025-07-22 01:00:00,63.4,64.9
500KV-BYQ-001,2025-07-22 02:00:00,67.7,70.5
500KV-BYQ-002,2025-07-22 02:00:00,64.4,65.5
500KV-BYQ-003,2025-07-22 02:00:00,43.3,45.0
500KV-BYQ-001,2025-07-22 03:00:00,51.4,54.3
500KV-BYQ-002,2025-07-22 03:00:00,58.9,61.4
500KV-BYQ-003,2025-07-22 03:00:00,43.5,46.0
500KV-BYQ-001,2025-07-22 04:00:00,64.6,66.0
500KV-BYQ-002,2025-07-22 04:00:00,58.2,59.2
500KV-BYQ-003,2025-07-22 04:00:00,47.2,49.1
500KV-BYQ-001,2025-07-22 05:00:00,59.4,62.2
500KV-BYQ-002,2025-07-22 05:00:00,61.5,64.4
500KV-BYQ-003,2025-07-22 05:00:00,50.5,52.3
500KV-BYQ-001,2025-07-22 06:00:00,56.0,57.3
500KV-BYQ-002,2025-07-22 06:00:00,52.4,53.6
500KV-BYQ-003,2025-07-22 06:00:00,57.6,58.9
500KV-BYQ-001,2025-07-22 07:00:00,59.6,62.0
500KV-BYQ-002,2025-07-22 07:00:00,63.0,64.7
500KV-BYQ-003,2025-07-22 07:00:00,55.7,57.4
500KV-BYQ-001,2025-07-22 08:00:00,61.9,63.8
500KV-BYQ-002,2025-07-22 08:00:00,58.2,59.9
500KV-BYQ-003,2025-07-22 08:00:00,60.3,61.5
500KV-BYQ-001,2025-07-22 09:00:00,52.5,54.4
500KV-BYQ-002,2025-07-22 09:00:00,50.3,53.1
500KV-BYQ-003,2025-07-22 09:00:00,52.4,53.6
500KV-BYQ-001,2025-07-22 10:00:00,55.3,56.9
500KV-BYQ-002,2025-07-22 10:00:00,50.5,53.1
500KV-BYQ-003,2025-07-22 10:00:00,66.6,68.2
500KV-BYQ-001,2025-07-22 11:00:00,69.5,72.1
500KV-BYQ-002,2025-07-22 11:00:00,62.9,65.5
500KV-BYQ-003,2025-07-22 11:00:00,60.8,63.8
500KV-BYQ-001,2025-07-22 12:00:00,58.6,59.7
500KV-BYQ-002,2025-07-22 12:00:00,50.0,52.5
500KV-BYQ-003,2025-07-22 12:00:00,66.6,67.6
500KV-BYQ-001,2025-07-22 13:00:00,47.9,49.1
500KV-BYQ-002,2025-07-22 13:00:00,53.6,56.4
500KV-BYQ-003,2025-07-22 13:00:00,56.2,59.0
500KV-BYQ-001,2025-07-22 14:00:00,58.9,61.3
500KV-BYQ-002,2025-07-22 14:00:00,58.2,59.9
500KV-BYQ-003,2025-07-22 14:00:00,67.8,70.6
500KV-BYQ-001,2025-07-22 15:00:00,69.2,71.6
500KV-BYQ-002,2025-07-22 15:00:00,61.0,62.4
500KV-BYQ-003,2025-07-22 15:00:00,69.4,72.3
500KV-BYQ-001,2025-07-22 16:00:00,58.4,61.2
500KV-BYQ-002,2025-07-22 16:00:00,50.5,53.1
500KV-BYQ-003,2025-07-22 16:00:00,56.8,58.6
500KV-BYQ-001,2025-07-22 17:00:00,57.7,59.8
500KV-BYQ-002,2025-07-22 17:00:00,63.2,65.5
500KV-BYQ-003,2025-07-22 17:00:00,47.0,48.6
500KV-BYQ-001,2025-07-22 18:00:00,47.8,50.6
500KV-BYQ-002,2025-07-22 18:00:00,52.1,54.2
500KV-BYQ-003,2025-07-22 18:00:00,58.7,61.6
500KV-BYQ-001,2025-07-22 19:00:00,68.2,70.6
500KV-BYQ-002,2025-07-22 19:00:00,67.1,69.6
500KV-BYQ-003,2025-07-22 19:00:00,62.9,65.1
500KV-BYQ-001,2025-07-22 20:00:00,46.3,47.7
500KV-BYQ-002,2025-07-22 20:00:00,66.8,68.2
500KV-BYQ-003,2025-07-22 20:00:00,67.9,70.4
500KV-BYQ-001,2025-07-22 21:00:00,56.8,57.9
500KV-BYQ-002,2025-07-22 21:00:00,64.8,66.2
500KV-BYQ-003,2025-07-22 21:00:00,64.8,66.0
500KV-BYQ-001,2025-07-22 22:00:00,52.4,54.6
500KV-BYQ-002,2025-07-22 22:00:00,57.6,60.2
500KV-BYQ-003,2025-07-22 22:00:00,50.4,51.8
500KV-BYQ-001,2025-07-22 23:00:00,61.0,63.0
500KV-BYQ-002,2025-07-22 23:00:00,53.7,56.1
500KV-BYQ-003,2025-07-22 23:00:00,55.9,58.0
500KV-BYQ-001,2025-07-23 00:00:00,58.1,59.8
500KV-BYQ-002,2025-07-23 00:00:00,65.4,67.0
500KV-BYQ-003,2025-07-23 00:00:00,63.0,64.4
500KV-BYQ-001,2025-07-23 01:00:00,51.0,53.0
500KV-BYQ-002,2025-07-23 01:00:00,44.7,45.9
500KV-BYQ-003,2025-07-23 01:00:00,63.2,65.3
500KV-BYQ-001,2025-07-23 02:00:00,64.2,65.2
500KV-BYQ-002,2025-07-23 02:00:00,65.1,67.4
500KV-BYQ-003,2025-07-23 02:00:00,46.5,49.3
500KV-BYQ-001,2025-07-23 03:00:00,64.0,67.0
500KV-BYQ-002,2025-07-23 03:00:00,64.2,67.1
500KV-BYQ-003,2025-07-23 03:00:00,56.5,59.4
500KV-BYQ-001,2025-07-23 04:00:00,48.8,50.8
500KV-BYQ-002,2025-07-23 04:00:00,56.2,59.0
500KV-BYQ-003,2025-07-23 04:00:00,46.6,48.3
500KV-BYQ-001,2025-07-23 05:00:00,54.5,55.7
500KV-BYQ-002,2025-07-23 05:00:00,67.3,69.8
500KV-BYQ-003,2025-07-23 05:00:00,56.0,58.9
500KV-BYQ-001,2025-07-23 06:00:00,52.7,54.7
500KV-BYQ-002,2025-07-23 06:00:00,53.4,54.6
500KV-BYQ-003,2025-07-23 06:00:00,67.2,69.2
500KV-BYQ-001,2025-07-23 07:00:00,49.4,51.0
500KV-BYQ-002,2025-07-23 07:00:00,63.6,65.1
500KV-BYQ-003,2025-07-23 07:00:00,46.6,48.5
500KV-BYQ-001,2025-07-23 08:00:00,54.8,56.1
500KV-BYQ-002,2025-07-23 08:00:00,55.9,58.0
500KV-BYQ-003,2025-07-23 08:00:00,63.8,66.7
500KV-BYQ-001,2025-07-23 09:00:00,61.5,63.1
500KV-BYQ-002,2025-07-23 09:00:00,69.3,70.6
500KV-BYQ-003,2025-07-23 09:00:00,47.3,49.7
500KV-BYQ-001,2025-07-23 10:00:00,70.0,72.7
500KV-BYQ-002,2025-07-23 10:00:00,67.1,68.6
500KV-BYQ-003,2025-07-23 10:00:00,52.8,54.6
500KV-BYQ-001,2025-07-23 11:00:00,56.2,58.4
500KV-BYQ-002,2025-07-23 11:00:00,58.3,60.9
500KV-BYQ-003,2025-07-23 11:00:00,66.0,68.7
500KV-BYQ-001,2025-07-23 12:00:00,50.5,53.4
500KV-BYQ-002,2025-07-23 12:00:00,51.3,52.4
500KV-BYQ-003,2025-07-23 12:00:00,54.1,55.2
500KV-BYQ-001,2025-07-23 13:00:00,64.5,67.1
500KV-BYQ-002,2025-07-23 13:00:00,64.8,66.8
500KV-BYQ-003,2025-07-23 13:00:00,53.5,55.1
500KV-BYQ-001,2025-07-23 14:00:00,62.1,64.6
500KV-BYQ-002,2025-07-23 14:00:00,64.0,65.4
500KV-BYQ-003,2025-07-23 14:00:00,47.8,49.8
500KV-BYQ-001,2025-07-23 15:00:00,51.1,53.8
500KV-BYQ-002,2025-07-23 15:00:00,57.5,60.3
500KV-BYQ-003,2025-07-23 15:00:00,60.8,62.6
500KV-BYQ-001,2025-07-23 16:00:00,69.0,70.4
500KV-BYQ-002,2025-07-23 16:00:00,51.2,52.5
500KV-BYQ-003,2025-07-23 16:00:00,60.0,61.5
500KV-BYQ-001,2025-07-23 17:00:00,50.3,51.8
500KV-BYQ-002,2025-07-23 17:00:00,68.7,70.5
500KV-BYQ-003,2025-07-23 17:00:00,62.0,64.3
500KV-BYQ-001,2025-07-23 18:00:00,69.5,72.3
500KV-BYQ-002,2025-07-23 18:00:00,63.1,65.2
500KV-BYQ-003,2025-07-23 18:00:00,65.4,66.9
500KV-BYQ-001,2025-07-23 19:00:00,65.6,67.8
500KV-BYQ-002,2025-07-23 19:00:00,58.8,59.8
500KV-BYQ-003,2025-07-23 19:00:00,58.3,59.4
500KV-BYQ-001,2025-07-23 20:00:00,50.1,52.1
500KV-BYQ-002,2025-07-23 20:00:00,58.5,60.2
500KV-BYQ-003,2025-07-23 20:00:00,69.1,71.3
500KV-BYQ-001,2025-07-23 21:00:00,66.0,68.6
500KV-BYQ-002,2025-07-23 21:00:00,58.1,60.9
500KV-BYQ-003,2025-07-23 21:00:00,64.2,67.1
500KV-BYQ-001,2025-07-23 22:00:00,48.5,50.3
500KV-BYQ-002,2025-07-23 22:00:00,51.2,52.4
500KV-BYQ-003,2025-07-23 22:00:00,53.0,55.8
500KV-BYQ-001,2025-07-23 23:00:00,49.1,51.0
500KV-BYQ-002,2025-07-23 23:00:00,59.1,60.8
500KV-BYQ-003,2025-07-23 23:00:00,50.9,52.1
500KV-BYQ-001,2025-07-24 00:00:00,48.3,50.1
500KV-BYQ-002,2025-07-24 00:00:00,50.1,52.0
500KV-BYQ-003,2025-07-24 00:00:00,53.0,55.0
500KV-BYQ-001,2025-07-24 01:00:00,44.0,45.3
500KV-BYQ-002,2025-07-24 01:00:00,54.6,57.1
500KV-BYQ-003,2025-07-24 01:00:00,45.0,47.5
500KV-BYQ-001,2025-07-24 02:00:00,43.3,46.0
500KV-BYQ-002,2025-07-24 02:00:00,46.2,48.7
500KV-BYQ-003,2025-07-24 02:00:00,62.6,65.5
500KV-BYQ-001,2025-07-24 03:00:00,65.4,67.2
500KV-BYQ-002,2025-07-24 03:00:00,50.5,52.7
500KV-BYQ-003,2025-07-24 03:00:00,45.5,47.6
500KV-BYQ-001,2025-07-24 04:00:00,51.3,52.6
500KV-BYQ-002,2025-07-24 04:00:00,62.4,65.2
500KV-BYQ-003,2025-07-24 04:00:00,48.3,50.9
500KV-BYQ-001,2025-07-24 05:00:00,49.3,50.7
500KV-BYQ-002,2025-07-24 05:00:00,53.3,54.7
500KV-BYQ-003,2025-07-24 05:00:00,60.0,62.2
500KV-BYQ-001,2025-07-24 06:00:00,56.4,57.8
500KV-BYQ-002,2025-07-24 06:00:00,49.0,51.7
500KV-BYQ-003,2025-07-24 06:00:00,60.9,63.4
500KV-BYQ-001,2025-07-24 07:00:00,57.6,59.5
500KV-BYQ-002,2025-07-24 07:00:00,44.1,45.9
500KV-BYQ-003,2025-07-24 07:00:00,59.1,61.5
500KV-BYQ-001,2025-07-24 08:00:00,50.4,53.3
500KV-BYQ-002,2025-07-24 08:00:00,54.8,57.7
500KV-BYQ-003,2025-07-24 08:00:00,72.1,73
500KV-BYQ-001,2025-07-24 09:00:00,57.2,59.4
500KV-BYQ-002,2025-07-24 09:00:00,68.2,70.3
500KV-BYQ-003,2025-07-24 09:00:00,63.5,66.1
500KV-BYQ-001,2025-07-24 10:00:00,69.1,71.3
500KV-BYQ-002,2025-07-24 10:00:00,58.0,60.2
500KV-BYQ-003,2025-07-24 10:00:00,67.6,69.2
500KV-BYQ-001,2025-07-24 11:00:00,62.6,63.9
500KV-BYQ-002,2025-07-24 11:00:00,61.8,64.6
500KV-BYQ-003,2025-07-24 11:00:00,47.5,50.5
500KV-BYQ-001,2025-07-24 12:00:00,49.1,52.1
500KV-BYQ-002,2025-07-24 12:00:00,64.1,66.1
500KV-BYQ-003,2025-07-24 12:00:00,50.1,52.9
500KV-BYQ-001,2025-07-24 13:00:00,52.7,54.2
500KV-BYQ-002,2025-07-24 13:00:00,53.5,56.2
500KV-BYQ-003,2025-07-24 13:00:00,58.6,61.5
500KV-BYQ-001,2025-07-24 14:00:00,69.1,71.2
500KV-BYQ-002,2025-07-24 14:00:00,50.8,53.5
500KV-BYQ-003,2025-07-24 14:00:00,63.5,64.7
500KV-BYQ-001,2025-07-24 15:00:00,70.6,72.8
500KV-BYQ-002,2025-07-24 15:00:00,51.6,52.7
500KV-BYQ-003,2025-07-24 15:00:00,69.4,70.7
500KV-BYQ-001,2025-07-24 16:00:00,65.5,67.5
500KV-BYQ-002,2025-07-24 16:00:00,70.0,72.2
500KV-BYQ-003,2025-07-24 16:00:00,71.2,73
500KV-BYQ-001,2025-07-24 17:00:00,58.4,60.8
500KV-BYQ-002,2025-07-24 17:00:00,50.5,52.4
500KV-BYQ-003,2025-07-24 17:00:00,57.3,59.7
500KV-BYQ-001,2025-07-24 18:00:00,46.9,48.4
500KV-BYQ-002,2025-07-24 18:00:00,61.8,63.6
500KV-BYQ-003,2025-07-24 18:00:00,60.8,63.7
500KV-BYQ-001,2025-07-24 19:00:00,63.8,65.2
500KV-BYQ-002,2025-07-24 19:00:00,68.0,69.5
500KV-BYQ-003,2025-07-24 19:00:00,52.9,54.5
500KV-BYQ-001,2025-07-24 20:00:00,59.0,61.3
500KV-BYQ-002,2025-07-24 20:00:00,50.5,52.8
500KV-BYQ-003,2025-07-24 20:00:00,58.7,61.5
500KV-BYQ-001,2025-07-24 21:00:00,62.5,64.2
500KV-BYQ-002,2025-07-24 21:00:00,55.5,58.4
500KV-BYQ-003,2025-07-24 21:00:00,63.8,66.4
500KV-BYQ-001,2025-07-24 22:00:00,66.0,67.1
500KV-BYQ-002,2025-07-24 22:00:00,60.0,62.6
500KV-BYQ-003,2025-07-24 22:00:00,48.6,50.8
500KV-BYQ-001,2025-07-24 23:00:00,49.1,50.9
500KV-BYQ-002,2025-07-24 23:00:00,60.2,61.7
500KV-BYQ-003,2025-07-24 23:00:00,48.7,50.0
500KV-BYQ-001,2025-07-25 00:00:00,49.6,52.5
500KV-BYQ-002,2025-07-25 00:00:00,45.1,46.7
500KV-BYQ-003,2025-07-25 00:00:00,66.4,68.3
500KV-BYQ-001,2025-07-25 01:00:00,43.8,46.5
500KV-BYQ-002,2025-07-25 01:00:00,54.0,55.9
500KV-BYQ-003,2025-07-25 01:00:00,58.8,61.6
500KV-BYQ-001,2025-07-25 02:00:00,46.2,47.4
500KV-BYQ-002,2025-07-25 02:00:00,57.1,58.2
500KV-BYQ-003,2025-07-25 02:00:00,62.7,65.2
500KV-BYQ-001,2025-07-25 03:00:00,55.7,58.1
500KV-BYQ-002,2025-07-25 03:00:00,54.5,57.2
500KV-BYQ-003,2025-07-25 03:00:00,49.2,51.8
500KV-BYQ-001,2025-07-25 04:00:00,62.1,64.3
500KV-BYQ-002,2025-07-25 04:00:00,48.2,49.4
500KV-BYQ-003,2025-07-25 04:00:00,50.3,53.0
500KV-BYQ-001,2025-07-25 05:00:00,62.1,63.1
500KV-BYQ-002,2025-07-25 05:00:00,56.5,58.6
500KV-BYQ-003,2025-07-25 05:00:00,65.1,67.7
500KV-BYQ-001,2025-07-25 06:00:00,62.9,64.7
500KV-BYQ-002,2025-07-25 06:00:00,42.4,45.1
500KV-BYQ-003,2025-07-25 06:00:00,44.4,45.6
500KV-BYQ-001,2025-07-25 07:00:00,50.3,52.1
500KV-BYQ-002,2025-07-25 07:00:00,51.7,53.2
500KV-BYQ-003,2025-07-25 07:00:00,49.4,52.1
500KV-BYQ-001,2025-07-25 08:00:00,65.2,68.2
500KV-BYQ-002,2025-07-25 08:00:00,58.9,61.6
500KV-BYQ-003,2025-07-25 08:00:00,62.3,65.0
500KV-BYQ-001,2025-07-25 09:00:00,53.4,55.6
500KV-BYQ-002,2025-07-25 09:00:00,64.0,66.9
500KV-BYQ-003,2025-07-25 09:00:00,60.7,62.7
500KV-BYQ-001,2025-07-25 10:00:00,72.7,73
500KV-BYQ-002,2025-07-25 10:00:00,54.1,55.2
500KV-BYQ-003,2025-07-25 10:00:00,64.3,65.8
500KV-BYQ-001,2025-07-25 11:00:00,60.9,62.7
500KV-BYQ-002,2025-07-25 11:00:00,48.4,50.0
500KV-BYQ-003,2025-07-25 11:00:00,47.1,48.2
500KV-BYQ-001,2025-07-25 12:00:00,71.4,73
500KV-BYQ-002,2025-07-25 12:00:00,53.1,54.4
500KV-BYQ-003,2025-07-25 12:00:00,61.0,64.0
500KV-BYQ-001,2025-07-25 13:00:00,52.1,53.8
500KV-BYQ-002,2025-07-25 13:00:00,50.3,51.8
500KV-BYQ-003,2025-07-25 13:00:00,65.7,67.3
500KV-BYQ-001,2025-07-25 14:00:00,62.7,65.1
500KV-BYQ-002,2025-07-25 14:00:00,48.1,50.9
500KV-BYQ-003,2025-07-25 14:00:00,52.8,53.9
500KV-BYQ-001,2025-07-25 15:00:00,62.5,64.1
500KV-BYQ-002,2025-07-25 15:00:00,69.9,72.4
500KV-BYQ-003,2025-07-25 15:00:00,61.2,63.8
500KV-BYQ-001,2025-07-25 16:00:00,60.5,62.5
500KV-BYQ-002,2025-07-25 16:00:00,71.3,72.8
500KV-BYQ-003,2025-07-25 16:00:00,58.9,60.2
500KV-BYQ-001,2025-07-25 17:00:00,67.2,69.1
500KV-BYQ-002,2025-07-25 17:00:00,55.2,56.4
500KV-BYQ-003,2025-07-25 17:00:00,57.3,59.8
500KV-BYQ-001,2025-07-25 18:00:00,70.5,72.0
500KV-BYQ-002,2025-07-25 18:00:00,53.3,55.7
500KV-BYQ-003,2025-07-25 18:00:00,48.2,49.7
500KV-BYQ-001,2025-07-25 19:00:00,61.2,62.6
500KV-BYQ-002,2025-07-25 19:00:00,54.9,57.0
500KV-BYQ-003,2025-07-25 19:00:00,48.3,51.0
500KV-BYQ-001,2025-07-25 20:00:00,66.8,69.0
500KV-BYQ-002,2025-07-25 20:00:00,60.6,63.2
500KV-BYQ-003,2025-07-25 20:00:00,46.8,49.4
500KV-BYQ-001,2025-07-25 21:00:00,49.2,50.5
500KV-BYQ-002,2025-07-25 21:00:00,64.3,65.6
500KV-BYQ-003,2025-07-25 21:00:00,57.1,59.6
500KV-BYQ-001,2025-07-25 22:00:00,52.4,54.8
500KV-BYQ-002,2025-07-25 22:00:00,58.6,60.0
500KV-BYQ-003,2025-07-25 22:00:00,64.7,67.5
500KV-BYQ-001,2025-07-25 23:00:00,62.3,63.7
500KV-BYQ-002,2025-07-25 23:00:00,46.6,48.5
500KV-BYQ-003,2025-07-25 23:00:00,48.8,51.8
500KV-BYQ-001,2025-07-26 00:00:00,57.5,59.2
500KV-BYQ-002,2025-07-26 00:00:00,49.6,52.5
500KV-BYQ-003,2025-07-26 00:00:00,56.6,58.0
500KV-BYQ-001,2025-07-26 01:00:00,61.3,63.6
500KV-BYQ-002,2025-07-26 01:00:00,54.7,57.0
500KV-BYQ-003,2025-07-26 01:00:00,53.4,55.8
500KV-BYQ-001,2025-07-26 02:00:00,61.1,63.6
500KV-BYQ-002,2025-07-26 02:00:00,51.6,53.6
500KV-BYQ-003,2025-07-26 02:00:00,63.3,65.4
500KV-BYQ-001,2025-07-26 03:00:00,51.9,53.1
500KV-BYQ-002,2025-07-26 03:00:00,60.2,61.9
500KV-BYQ-003,2025-07-26 03:00:00,63.0,65.8
500KV-BYQ-001,2025-07-26 04:00:00,63.0,64.2
500KV-BYQ-002,2025-07-26 04:00:00,57.7,60.4
500KV-BYQ-003,2025-07-26 04:00:00,52.2,55.0
500KV-BYQ-001,2025-07-26 05:00:00,52.3,54.8
500KV-BYQ-002,2025-07-26 05:00:00,50.5,52.4
500KV-BYQ-003,2025-07-26 05:00:00,50.7,52.6
500KV-BYQ-001,2025-07-26 06:00:00,54.9,57.4
500KV-BYQ-002,2025-07-26 06:00:00,51.1,53.3
500KV-BYQ-003,2025-07-26 06:00:00,63.8,65.2
500KV-BYQ-001,2025-07-26 07:00:00,47.0,48.7
500KV-BYQ-002,2025-07-26 07:00:00,48.5,49.8
500KV-BYQ-003,2025-07-26 07:00:00,43.9,46.5
500KV-BYQ-001,2025-07-26 08:00:00,49.9,52.6
500KV-BYQ-002,2025-07-26 08:00:00,68.2,70.2
500KV-BYQ-003,2025-07-26 08:00:00,48.6,51.0
500KV-BYQ-001,2025-07-26 09:00:00,67.4,68.4
500KV-BYQ-002,2025-07-26 09:00:00,70.2,72.4
500KV-BYQ-003,2025-07-26 09:00:00,60.6,61.7
500KV-BYQ-001,2025-07-26 10:00:00,51.3,53.8
500KV-BYQ-002,2025-07-26 10:00:00,48.5,51.5
500KV-BYQ-003,2025-07-26 10:00:00,63.7,65.5
500KV-BYQ-001,2025-07-26 11:00:00,53.3,55.5
500KV-BYQ-002,2025-07-26 11:00:00,53.9,55.4
500KV-BYQ-003,2025-07-26 11:00:00,64.6,65.9
500KV-BYQ-001,2025-07-26 12:00:00,57.2,59.1
500KV-BYQ-002,2025-07-26 12:00:00,50.9,52.6
500KV-BYQ-003,2025-07-26 12:00:00,48.9,50.9
500KV-BYQ-001,2025-07-26 13:00:00,55.8,57.8
500KV-BYQ-002,2025-07-26 13:00:00,60.3,61.7
500KV-BYQ-003,2025-07-26 13:00:00,51.7,54.3
500KV-BYQ-001,2025-07-26 14:00:00,65.7,67.2
500KV-BYQ-002,2025-07-26 14:00:00,58.7,60.5
500KV-BYQ-003,2025-07-26 14:00:00,63.4,65.1
500KV-BYQ-001,2025-07-26 15:00:00,69.6,72.1
500KV-BYQ-002,2025-07-26 15:00:00,55.0,56.7
500KV-BYQ-003,2025-07-26 15:00:00,67.4,68.4
500KV-BYQ-001,2025-07-26 16:00:00,71.0,73
500KV-BYQ-002,2025-07-26 16:00:00,67.5,70.2
500KV-BYQ-003,2025-07-26 16:00:00,49.2,52.0
500KV-BYQ-001,2025-07-26 17:00:00,46.1,49.1
500KV-BYQ-002,2025-07-26 17:00:00,66.5,69.0
500KV-BYQ-003,2025-07-26 17:00:00,64.5,65.7
500KV-BYQ-001,2025-07-26 18:00:00,55.8,57.9
500KV-BYQ-002,2025-07-26 18:00:00,62.8,65.6
500KV-BYQ-003,2025-07-26 18:00:00,54.7,57.0
500KV-BYQ-001,2025-07-26 19:00:00,49.8,51.8
500KV-BYQ-002,2025-07-26 19:00:00,57.0,59.3
500KV-BYQ-003,2025-07-26 19:00:00,63.1,64.5
500KV-BYQ-001,2025-07-26 20:00:00,50.2,53.1
500KV-BYQ-002,2025-07-26 20:00:00,52.6,55.4
500KV-BYQ-003,2025-07-26 20:00:00,63.9,66.7
500KV-BYQ-001,2025-07-26 21:00:00,60.5,62.4
500KV-BYQ-002,2025-07-26 21:00:00,54.4,56.3
500KV-BYQ-003,2025-07-26 21:00:00,58.0,60.1
500KV-BYQ-001,2025-07-26 22:00:00,45.4,46.4
500KV-BYQ-002,2025-07-26 22:00:00,53.0,55.8
500KV-BYQ-003,2025-07-26 22:00:00,51.0,52.1
500KV-BYQ-001,2025-07-26 23:00:00,52.9,54.9
500KV-BYQ-002,2025-07-26 23:00:00,51.4,53.3
500KV-BYQ-003,2025-07-26 23:00:00,56.4,58.3
500KV-BYQ-001,2025-07-27 00:00:00,60.4,61.6
500KV-BYQ-002,2025-07-27 00:00:00,64.1,65.7
500KV-BYQ-003,2025-07-27 00:00:00,58.7,59.8
500KV-BYQ-001,2025-07-27 01:00:00,53.1,55.5
500KV-BYQ-002,2025-07-27 01:00:00,46.5,49.3
500KV-BYQ-003,2025-07-27 01:00:00,57.0,58.9
500KV-BYQ-001,2025-07-27 02:00:00,62.0,63.9
500KV-BYQ-002,2025-07-27 02:00:00,62.6,64.7
500KV-BYQ-003,2025-07-27 02:00:00,51.3,52.9
500KV-BYQ-001,2025-07-27 03:00:00,56.9,59.8
500KV-BYQ-002,2025-07-27 03:00:00,61.3,63.6
500KV-BYQ-003,2025-07-27 03:00:00,55.5,58.5
500KV-BYQ-001,2025-07-27 04:00:00,43.4,46.1
500KV-BYQ-002,2025-07-27 04:00:00,55.7,57.9
500KV-BYQ-003,2025-07-27 04:00:00,55.9,58.3
500KV-BYQ-001,2025-07-27 05:00:00,56.2,57.9
500KV-BYQ-002,2025-07-27 05:00:00,60.9,63.2
500KV-BYQ-003,2025-07-27 05:00:00,46.6,49.2
500KV-BYQ-001,2025-07-27 06:00:00,59.4,61.1
500KV-BYQ-002,2025-07-27 06:00:00,50.5,52.0
500KV-BYQ-003,2025-07-27 06:00:00,54.1,55.8
500KV-BYQ-001,2025-07-27 07:00:00,45.7,47.1
500KV-BYQ-002,2025-07-27 07:00:00,59.7,61.0
500KV-BYQ-003,2025-07-27 07:00:00,63.2,64.6
500KV-BYQ-001,2025-07-27 08:00:00,52.5,53.9
500KV-BYQ-002,2025-07-27 08:00:00,48.5,51.0
500KV-BYQ-003,2025-07-27 08:00:00,53.5,55.2
500KV-BYQ-001,2025-07-27 09:00:00,64.1,66.2
500KV-BYQ-002,2025-07-27 09:00:00,56.8,59.6
500KV-BYQ-003,2025-07-27 09:00:00,55.5,57.6
500KV-BYQ-001,2025-07-27 10:00:00,67.7,70.1
500KV-BYQ-002,2025-07-27 10:00:00,61.2,63.0
500KV-BYQ-003,2025-07-27 10:00:00,71.2,73
500KV-BYQ-001,2025-07-27 11:00:00,67.2,69.8
500KV-BYQ-002,2025-07-27 11:00:00,52.3,53.4
500KV-BYQ-003,2025-07-27 11:00:00,67.7,70.5
500KV-BYQ-001,2025-07-27 12:00:00,50.8,52.6
500KV-BYQ-002,2025-07-27 12:00:00,61.7,64.0
500KV-BYQ-003,2025-07-27 12:00:00,49.3,51.7
500KV-BYQ-001,2025-07-27 13:00:00,70.1,71.6
500KV-BYQ-002,2025-07-27 13:00:00,64.5,67.1
500KV-BYQ-003,2025-07-27 13:00:00,66.1,67.4
500KV-BYQ-001,2025-07-27 14:00:00,67.2,69.7
500KV-BYQ-002,2025-07-27 14:00:00,58.8,61.3
500KV-BYQ-003,2025-07-27 14:00:00,69.7,72.4
500KV-BYQ-001,2025-07-27 15:00:00,54.4,57.2
500KV-BYQ-002,2025-07-27 15:00:00,57.2,58.8
500KV-BYQ-003,2025-07-27 15:00:00,54.9,56.9
500KV-BYQ-001,2025-07-27 16:00:00,46.0,48.3
500KV-BYQ-002,2025-07-27 16:00:00,67.0,70.0
500KV-BYQ-003,2025-07-27 16:00:00,52.7,54.5
500KV-BYQ-001,2025-07-27 17:00:00,65.7,67.1
500KV-BYQ-002,2025-07-27 17:00:00,48.5,49.6
500KV-BYQ-003,2025-07-27 17:00:00,60.4,61.9
500KV-BYQ-001,2025-07-27 18:00:00,55.4,57.8
500KV-BYQ-002,2025-07-27 18:00:00,54.9,56.1
500KV-BYQ-003,2025-07-27 18:00:00,49.5,50.6
500KV-BYQ-001,2025-07-27 19:00:00,58.0,59.1
500KV-BYQ-002,2025-07-27 19:00:00,48.0,49.5
500KV-BYQ-003,2025-07-27 19:00:00,53.5,55.8
500KV-BYQ-001,2025-07-27 20:00:00,49.0,51.1
500KV-BYQ-002,2025-07-27 20:00:00,51.8,54.2
500KV-BYQ-003,2025-07-27 20:00:00,58.2,60.5
500KV-BYQ-001,2025-07-27 21:00:00,53.3,55.1
500KV-BYQ-002,2025-07-27 21:00:00,69.8,71.6
500KV-BYQ-003,2025-07-27 21:00:00,70.0,71.1
500KV-BYQ-001,2025-07-27 22:00:00,54.5,56.9
500KV-BYQ-002,2025-07-27 22:00:00,69.1,70.5
500KV-BYQ-003,2025-07-27 22:00:00,67.7,70.1
500KV-BYQ-001,2025-07-27 23:00:00,60.8,62.9
500KV-BYQ-002,2025-07-27 23:00:00,43.6,45.5
500KV-BYQ-003,2025-07-27 23:00:00,51.5,52.9
500KV-BYQ-001,2025-07-28 00:00:00,44.8,46.8
500KV-BYQ-002,2025-07-28 00:00:00,53.3,54.3
500KV-BYQ-003,2025-07-28 00:00:00,53.2,54.6
500KV-BYQ-001,2025-07-28 01:00:00,62.1,63.9
500KV-BYQ-002,2025-07-28 01:00:00,43.2,45.6
500KV-BYQ-003,2025-07-28 01:00:00,52.3,54.7
500KV-BYQ-001,2025-07-28 02:00:00,52.7,54.0
500KV-BYQ-002,2025-07-28 02:00:00,56.2,58.4
500KV-BYQ-003,2025-07-28 02:00:00,60.2,61.9
500KV-BYQ-001,2025-07-28 03:00:00,58.4,59.8
500KV-BYQ-002,2025-07-28 03:00:00,50.4,51.4
500KV-BYQ-003,2025-07-28 03:00:00,50.8,52.5
500KV-BYQ-001,2025-07-28 04:00:00,65.4,68.3
500KV-BYQ-002,2025-07-28 04:00:00,43.7,45.2
500KV-BYQ-003,2025-07-28 04:00:00,54.4,55.8
500KV-BYQ-001,2025-07-28 05:00:00,66.8,67.8
500KV-BYQ-002,2025-07-28 05:00:00,65.2,66.5
500KV-BYQ-003,2025-07-28 05:00:00,49.8,52.0
500KV-BYQ-001,2025-07-28 06:00:00,50.6,52.3
500KV-BYQ-002,2025-07-28 06:00:00,50.4,53.3
500KV-BYQ-003,2025-07-28 06:00:00,49.6,50.9
500KV-BYQ-001,2025-07-28 07:00:00,55.0,56.1
500KV-BYQ-002,2025-07-28 07:00:00,56.5,58.2
500KV-BYQ-003,2025-07-28 07:00:00,55.2,57.3
500KV-BYQ-001,2025-07-28 08:00:00,58.6,60.1
500KV-BYQ-002,2025-07-28 08:00:00,66.1,67.3
500KV-BYQ-003,2025-07-28 08:00:00,48.9,51.5
500KV-BYQ-001,2025-07-28 09:00:00,68.4,70.4
500KV-BYQ-002,2025-07-28 09:00:00,60.1,62.8
500KV-BYQ-003,2025-07-28 09:00:00,50.3,51.5
500KV-BYQ-001,2025-07-28 10:00:00,51.5,54.2
500KV-BYQ-002,2025-07-28 10:00:00,71.5,73
500KV-BYQ-003,2025-07-28 10:00:00,68.5,71.4
500KV-BYQ-001,2025-07-28 11:00:00,56.0,58.1
500KV-BYQ-002,2025-07-28 11:00:00,49.3,50.5
500KV-BYQ-003,2025-07-28 11:00:00,55.7,58.0
500KV-BYQ-001,2025-07-28 12:00:00,51.9,53.0
500KV-BYQ-002,2025-07-28 12:00:00,58.6,61.2
500KV-BYQ-003,2025-07-28 12:00:00,64.6,66.8
500KV-BYQ-001,2025-07-28 13:00:00,47.1,49.5
500KV-BYQ-002,2025-07-28 13:00:00,51.1,52.6
500KV-BYQ-003,2025-07-28 13:00:00,66.3,67.9
500KV-BYQ-001,2025-07-28 14:00:00,52.1,53.2
500KV-BYQ-002,2025-07-28 14:00:00,51.8,53.0
500KV-BYQ-003,2025-07-28 14:00:00,52.3,54.8
500KV-BYQ-001,2025-07-28 15:00:00,54.4,56.0
500KV-BYQ-002,2025-07-28 15:00:00,61.1,63.3
500KV-BYQ-003,2025-07-28 15:00:00,67.2,69.6
500KV-BYQ-001,2025-07-28 16:00:00,71.2,73.0
500KV-BYQ-002,2025-07-28 16:00:00,65.4,67.7
500KV-BYQ-003,2025-07-28 16:00:00,64.7,66.7
500KV-BYQ-001,2025-07-28 17:00:00,55.2,56.9
500KV-BYQ-002,2025-07-28 17:00:00,53.0,54.1
500KV-BYQ-003,2025-07-28 17:00:00,69.8,71.8
500KV-BYQ-001,2025-07-28 18:00:00,58.1,59.7
500KV-BYQ-002,2025-07-28 18:00:00,66.5,68.3
500KV-BYQ-003,2025-07-28 18:00:00,45.2,46.9
500KV-BYQ-001,2025-07-28 19:00:00,65.1,67.7
500KV-BYQ-002,2025-07-28 19:00:00,67.7,70.0
500KV-BYQ-003,2025-07-28 19:00:00,57.2,59.5
500KV-BYQ-001,2025-07-28 20:00:00,48.4,50.0
500KV-BYQ-002,2025-07-28 20:00:00,57.7,59.3
500KV-BYQ-003,2025-07-28 20:00:00,62.8,65.0
500KV-BYQ-001,2025-07-28 21:00:00,61.5,63.4
500KV-BYQ-002,2025-07-28 21:00:00,56.1,58.1
500KV-BYQ-003,2025-07-28 21:00:00,54.3,56.8
500KV-BYQ-001,2025-07-28 22:00:00,66.5,67.9
500KV-BYQ-002,2025-07-28 22:00:00,57.8,59.8
500KV-BYQ-003,2025-07-28 22:00:00,70.6,72.8
500KV-BYQ-001,2025-07-28 23:00:00,44.5,46.4
500KV-BYQ-002,2025-07-28 23:00:00,52.1,53.5
500KV-BYQ-003,2025-07-28 23:00:00,66.0,67.1
500KV-BYQ-001,2025-07-29 00:00:00,62.1,63.6
500KV-BYQ-002,2025-07-29 00:00:00,53.7,56.1
500KV-BYQ-003,2025-07-29 00:00:00,59.5,61.6
500KV-BYQ-001,2025-07-29 01:00:00,58.7,60.9
500KV-BYQ-002,2025-07-29 01:00:00,63.1,65.4
500KV-BYQ-003,2025-07-29 01:00:00,62.3,64.9
500KV-BYQ-001,2025-07-29 02:00:00,53.3,55.7
500KV-BYQ-002,2025-07-29 02:00:00,56.4,59.1
500KV-BYQ-003,2025-07-29 02:00:00,65.7,68.5
500KV-BYQ-001,2025-07-29 03:00:00,60.2,62.1
500KV-BYQ-002,2025-07-29 03:00:00,57.4,60.1
500KV-BYQ-003,2025-07-29 03:00:00,61.7,63.4
500KV-BYQ-001,2025-07-29 04:00:00,49.8,51.7
500KV-BYQ-002,2025-07-29 04:00:00,51.9,54.0
500KV-BYQ-003,2025-07-29 04:00:00,61.0,62.1
500KV-BYQ-001,2025-07-29 05:00:00,56.3,59.2
500KV-BYQ-002,2025-07-29 05:00:00,56.1,58.8
500KV-BYQ-003,2025-07-29 05:00:00,60.5,62.3
500KV-BYQ-001,2025-07-29 06:00:00,50.6,52.0
500KV-BYQ-002,2025-07-29 06:00:00,59.0,61.2
500KV-BYQ-003,2025-07-29 06:00:00,49.3,52.0
500KV-BYQ-001,2025-07-29 07:00:00,56.5,59.0
500KV-BYQ-002,2025-07-29 07:00:00,57.0,58.1
500KV-BYQ-003,2025-07-29 07:00:00,61.8,63.0
500KV-BYQ-001,2025-07-29 08:00:00,53.9,55.5
500KV-BYQ-002,2025-07-29 08:00:00,68.4,71.2
500KV-BYQ-003,2025-07-29 08:00:00,68.3,69.3
500KV-BYQ-001,2025-07-29 09:00:00,68.2,71.1
500KV-BYQ-002,2025-07-29 09:00:00,62.8,65.3
500KV-BYQ-003,2025-07-29 09:00:00,50.0,53.0
500KV-BYQ-001,2025-07-29 10:00:00,52.4,53.7
500KV-BYQ-002,2025-07-29 10:00:00,49.6,51.9
500KV-BYQ-003,2025-07-29 10:00:00,58.0,59.4
500KV-BYQ-001,2025-07-29 11:00:00,67.0,68.6
500KV-BYQ-002,2025-07-29 11:00:00,56.3,58.7
500KV-BYQ-003,2025-07-29 11:00:00,64.3,66.7
500KV-BYQ-001,2025-07-29 12:00:00,59.1,60.5
500KV-BYQ-002,2025-07-29 12:00:00,50.3,52.2
500KV-BYQ-003,2025-07-29 12:00:00,51.9,54.2
500KV-BYQ-001,2025-07-29 13:00:00,63.7,66.4
500KV-BYQ-002,2025-07-29 13:00:00,67.8,69.7
500KV-BYQ-003,2025-07-29 13:00:00,66.4,68.9
500KV-BYQ-001,2025-07-29 14:00:00,59.0,60.3
500KV-BYQ-002,2025-07-29 14:00:00,59.6,60.8
500KV-BYQ-003,2025-07-29 14:00:00,48.1,50.9
500KV-BYQ-001,2025-07-29 15:00:00,56.9,59.4
500KV-BYQ-002,2025-07-29 15:00:00,48.9,51.2
500KV-BYQ-003,2025-07-29 15:00:00,52.0,53.7
500KV-BYQ-001,2025-07-29 16:00:00,63.9,65.5
500KV-BYQ-002,2025-07-29 16:00:00,52.3,54.3
500KV-BYQ-003,2025-07-29 16:00:00,69.1,70.7
500KV-BYQ-001,2025-07-29 17:00:00,52.1,54.0
500KV-BYQ-002,2025-07-29 17:00:00,64.5,66.7
500KV-BYQ-003,2025-07-29 17:00:00,50.8,51.9
500KV-BYQ-001,2025-07-29 18:00:00,62.0,63.1
500KV-BYQ-002,2025-07-29 18:00:00,62.3,63.5
500KV-BYQ-003,2025-07-29 18:00:00,62.7,65.0
500KV-BYQ-001,2025-07-29 19:00:00,55.8,57.2
500KV-BYQ-002,2025-07-29 19:00:00,59.0,61.3
500KV-BYQ-003,2025-07-29 19:00:00,49.9,52.3
500KV-BYQ-001,2025-07-29 20:00:00,55.2,57.2
500KV-BYQ-002,2025-07-29 20:00:00,63.3,64.5
500KV-BYQ-003,2025-07-29 20:00:00,57.9,60.5
500KV-BYQ-001,2025-07-29 21:00:00,58.3,61.2
500KV-BYQ-002,2025-07-29 21:00:00,49.0,51.7
500KV-BYQ-003,2025-07-29 21:00:00,60.2,61.4
500KV-BYQ-001,2025-07-29 22:00:00,64.6,67.4
500KV-BYQ-002,2025-07-29 22:00:00,53.8,56.2
500KV-BYQ-003,2025-07-29 22:00:00,48.2,50.3
500KV-BYQ-001,2025-07-29 23:00:00,48.3,51.2
500KV-BYQ-002,2025-07-29 23:00:00,50.3,52.8
500KV-BYQ-003,2025-07-29 23:00:00,63.0,65.9
500KV-BYQ-001,2025-07-30 00:00:00,65.6,67.0
500KV-BYQ-002,2025-07-30 00:00:00,64.7,66.0
500KV-BYQ-003,2025-07-30 00:00:00,47.1,49.6
500KV-BYQ-001,2025-07-30 01:00:00,47.4,49.2
500KV-BYQ-002,2025-07-30 01:00:00,52.8,55.5
500KV-BYQ-003,2025-07-30 01:00:00,54.2,56.8
500KV-BYQ-001,2025-07-30 02:00:00,56.1,57.1
500KV-BYQ-002,2025-07-30 02:00:00,43.4,45.6
500KV-BYQ-003,2025-07-30 02:00:00,60.2,62.1
500KV-BYQ-001,2025-07-30 03:00:00,49.6,52.1
500KV-BYQ-002,2025-07-30 03:00:00,51.5,54.2
500KV-BYQ-003,2025-07-30 03:00:00,50.7,52.5
500KV-BYQ-001,2025-07-30 04:00:00,46.0,47.7
500KV-BYQ-002,2025-07-30 04:00:00,60.6,63.2
500KV-BYQ-003,2025-07-30 04:00:00,54.0,56.7
500KV-BYQ-001,2025-07-30 05:00:00,42.9,44.0
500KV-BYQ-002,2025-07-30 05:00:00,58.1,59.5
500KV-BYQ-003,2025-07-30 05:00:00,63.5,65.2
500KV-BYQ-001,2025-07-30 06:00:00,52.0,54.2
500KV-BYQ-002,2025-07-30 06:00:00,60.4,62.5
500KV-BYQ-003,2025-07-30 06:00:00,60.8,63.0
500KV-BYQ-001,2025-07-30 07:00:00,51.7,53.5
500KV-BYQ-002,2025-07-30 07:00:00,44.3,46.7
500KV-BYQ-003,2025-07-30 07:00:00,48.5,51.2
500KV-BYQ-001,2025-07-30 08:00:00,63.4,65.6
500KV-BYQ-002,2025-07-30 08:00:00,63.9,66.4
500KV-BYQ-003,2025-07-30 08:00:00,64.9,67.7
500KV-BYQ-001,2025-07-30 09:00:00,56.8,59.2
500KV-BYQ-002,2025-07-30 09:00:00,49.2,50.8
500KV-BYQ-003,2025-07-30 09:00:00,55.3,57.5
500KV-BYQ-001,2025-07-30 10:00:00,63.2,65.2
500KV-BYQ-002,2025-07-30 10:00:00,47.5,49.6
500KV-BYQ-003,2025-07-30 10:00:00,59.0,60.7
500KV-BYQ-001,2025-07-30 11:00:00,48.2,49.5
500KV-BYQ-002,2025-07-30 11:00:00,53.1,54.8
500KV-BYQ-003,2025-07-30 11:00:00,47.1,48.1
500KV-BYQ-001,2025-07-30 12:00:00,56.1,57.7
500KV-BYQ-002,2025-07-30 12:00:00,51.3,52.6
500KV-BYQ-003,2025-07-30 12:00:00,59.5,60.7
500KV-BYQ-001,2025-07-30 13:00:00,52.1,53.8
500KV-BYQ-002,2025-07-30 13:00:00,64.3,67.1
500KV-BYQ-003,2025-07-30 13:00:00,47.8,49.2
500KV-BYQ-001,2025-07-30 14:00:00,56.2,58.3
500KV-BYQ-002,2025-07-30 14:00:00,55.8,57.8
500KV-BYQ-003,2025-07-30 14:00:00,56.5,58.7
500KV-BYQ-001,2025-07-30 15:00:00,48.7,50.4
500KV-BYQ-002,2025-07-30 15:00:00,63.4,64.5
500KV-BYQ-003,2025-07-30 15:00:00,60.9,63.8
500KV-BYQ-001,2025-07-30 16:00:00,48.4,51.4
500KV-BYQ-002,2025-07-30 16:00:00,69.9,72.5
500KV-BYQ-003,2025-07-30 16:00:00,46.8,48.3
500KV-BYQ-001,2025-07-30 17:00:00,50.9,52.8
500KV-BYQ-002,2025-07-30 17:00:00,46.8,48.6
500KV-BYQ-003,2025-07-30 17:00:00,58.5,59.6
500KV-BYQ-001,2025-07-30 18:00:00,64.3,65.7
500KV-BYQ-002,2025-07-30 18:00:00,54.7,56.5
500KV-BYQ-003,2025-07-30 18:00:00,49.5,51.4
500KV-BYQ-001,2025-07-30 19:00:00,51.6,53.6
500KV-BYQ-002,2025-07-30 19:00:00,55.3,57.2
500KV-BYQ-003,2025-07-30 19:00:00,63.6,66.3
500KV-BYQ-001,2025-07-30 20:00:00,59.7,60.9
500KV-BYQ-002,2025-07-30 20:00:00,61.4,64.2
500KV-BYQ-003,2025-07-30 20:00:00,46.7,49.6
500KV-BYQ-001,2025-07-30 21:00:00,47.6,49.7
500KV-BYQ-002,2025-07-30 21:00:00,46.9,48.5
500KV-BYQ-003,2025-07-30 21:00:00,61.2,64.1
500KV-BYQ-001,2025-07-30 22:00:00,69.7,71.9
500KV-BYQ-002,2025-07-30 22:00:00,53.5,55.0
500KV-BYQ-003,2025-07-30 22:00:00,67.2,68.4
500KV-BYQ-001,2025-07-30 23:00:00,51.2,53.6
500KV-BYQ-002,2025-07-30 23:00:00,52.6,55.1
500KV-BYQ-003,2025-07-30 23:00:00,48.0,50.3
500KV-BYQ-001,2025-07-31 00:00:00,62.2,63.5
500KV-BYQ-002,2025-07-31 00:00:00,50.3,52.3
500KV-BYQ-003,2025-07-31 00:00:00,62.8,63.8
500KV-BYQ-001,2025-07-31 01:00:00,52.7,54.2
500KV-BYQ-002,2025-07-31 01:00:00,47.0,48.4
500KV-BYQ-003,2025-07-31 01:00:00,47.8,50.4
500KV-BYQ-001,2025-07-31 02:00:00,48.8,51.6
500KV-BYQ-002,2025-07-31 02:00:00,51.2,53.5
500KV-BYQ-003,2025-07-31 02:00:00,49.2,51.9
500KV-BYQ-001,2025-07-31 03:00:00,53.9,56.4
500KV-BYQ-002,2025-07-31 03:00:00,52.7,54.9
500KV-BYQ-003,2025-07-31 03:00:00,60.5,63.5
500KV-BYQ-001,2025-07-31 04:00:00,61.0,62.4
500KV-BYQ-002,2025-07-31 04:00:00,52.4,55.3
500KV-BYQ-003,2025-07-31 04:00:00,66.3,67.4
500KV-BYQ-001,2025-07-31 05:00:00,59.9,62.1
500KV-BYQ-002,2025-07-31 05:00:00,61.1,63.7
500KV-BYQ-003,2025-07-31 05:00:00,52.7,54.3
500KV-BYQ-001,2025-07-31 06:00:00,55.6,56.7
500KV-BYQ-002,2025-07-31 06:00:00,58.2,60.9
500KV-BYQ-003,2025-07-31 06:00:00,53.3,54.5
500KV-BYQ-001,2025-07-31 07:00:00,62.8,64.5
500KV-BYQ-002,2025-07-31 07:00:00,66.4,67.4
500KV-BYQ-003,2025-07-31 07:00:00,63.3,64.6
500KV-BYQ-001,2025-07-31 08:00:00,72.9,73
500KV-BYQ-002,2025-07-31 08:00:00,69.0,71.4
500KV-BYQ-003,2025-07-31 08:00:00,47.1,48.8
500KV-BYQ-001,2025-07-31 09:00:00,68.3,69.4
500KV-BYQ-002,2025-07-31 09:00:00,67.6,69.7
500KV-BYQ-003,2025-07-31 09:00:00,49.7,52.0
500KV-BYQ-001,2025-07-31 10:00:00,66.4,68.7
500KV-BYQ-002,2025-07-31 10:00:00,55.5,56.8
500KV-BYQ-003,2025-07-31 10:00:00,64.9,65.9
500KV-BYQ-001,2025-07-31 11:00:00,53.7,55.4
500KV-BYQ-002,2025-07-31 11:00:00,67.8,70.7
500KV-BYQ-003,2025-07-31 11:00:00,66.2,69.1
500KV-BYQ-001,2025-07-31 12:00:00,54.0,56.1
500KV-BYQ-002,2025-07-31 12:00:00,61.9,63.9
500KV-BYQ-003,2025-07-31 12:00:00,54.8,56.4
500KV-BYQ-001,2025-07-31 13:00:00,58.7,60.1
500KV-BYQ-002,2025-07-31 13:00:00,66.0,67.6
500KV-BYQ-003,2025-07-31 13:00:00,62.1,64.6
500KV-BYQ-001,2025-07-31 14:00:00,49.4,52.0
500KV-BYQ-002,2025-07-31 14:00:00,64.9,67.5
500KV-BYQ-003,2025-07-31 14:00:00,56.2,58.9
500KV-BYQ-001,2025-07-31 15:00:00,64.6,66.7
500KV-BYQ-002,2025-07-31 15:00:00,50.6,52.4
500KV-BYQ-003,2025-07-31 15:00:00,59.7,62.1
500KV-BYQ-001,2025-07-31 16:00:00,57.0,58.5
500KV-BYQ-002,2025-07-31 16:00:00,67.7,70.0
500KV-BYQ-003,2025-07-31 16:00:00,59.3,60.8
500KV-BYQ-001,2025-07-31 17:00:00,54.1,56.6
500KV-BYQ-002,2025-07-31 17:00:00,50.1,52.4
500KV-BYQ-003,2025-07-31 17:00:00,50.3,51.9
500KV-BYQ-001,2025-07-31 18:00:00,61.3,64.0
500KV-BYQ-002,2025-07-31 18:00:00,48.2,51.2
500KV-BYQ-003,2025-07-31 18:00:00,57.1,58.8
500KV-BYQ-001,2025-07-31 19:00:00,56.3,57.4
500KV-BYQ-002,2025-07-31 19:00:00,67.8,70.6
500KV-BYQ-003,2025-07-31 19:00:00,51.2,53.9
500KV-BYQ-001,2025-07-31 20:00:00,67.3,68.5
500KV-BYQ-002,2025-07-31 20:00:00,51.9,53.1
500KV-BYQ-003,2025-07-31 20:00:00,51.6,53.2
500KV-BYQ-001,2025-07-31 21:00:00,61.8,64.3
500KV-BYQ-002,2025-07-31 21:00:00,58.5,60.0
500KV-BYQ-003,2025-07-31 21:00:00,60.4,62.5
500KV-BYQ-001,2025-07-31 22:00:00,60.2,62.5
500KV-BYQ-002,2025-07-31 22:00:00,48.4,50.9
500KV-BYQ-003,2025-07-31 22:00:00,59.8,62.6
500KV-BYQ-001,2025-07-31 23:00:00,49.6,51.6
500KV-BYQ-002,2025-07-31 23:00:00,44.2,46.1
500KV-BYQ-003,2025-07-31 23:00:00,55.2,57.2
500KV-BYQ-001,2025-08-01 00:00:00,49.7,51.0
500KV-BYQ-002,2025-08-01 00:00:00,58.3,59.5
500KV-BYQ-003,2025-08-01 00:00:00,63.3,66.2
500KV-BYQ-001,2025-08-01 01:00:00,59.6,62.5
500KV-BYQ-002,2025-08-01 01:00:00,46.3,48.0
500KV-BYQ-003,2025-08-01 01:00:00,56.1,58.5
500KV-BYQ-001,2025-08-01 02:00:00,62.8,64.6
500KV-BYQ-002,2025-08-01 02:00:00,45.9,48.5
500KV-BYQ-003,2025-08-01 02:00:00,64.3,66.9
500KV-BYQ-001,2025-08-01 03:00:00,58.8,61.1
500KV-BYQ-002,2025-08-01 03:00:00,54.4,55.4
500KV-BYQ-003,2025-08-01 03:00:00,47.2,50.1
500KV-BYQ-001,2025-08-01 04:00:00,49.3,51.9
500KV-BYQ-002,2025-08-01 04:00:00,61.0,62.9
500KV-BYQ-003,2025-08-01 04:00:00,56.7,57.8
500KV-BYQ-001,2025-08-01 05:00:00,64.1,66.3
500KV-BYQ-002,2025-08-01 05:00:00,66.8,69.0
500KV-BYQ-003,2025-08-01 05:00:00,62.6,63.7
500KV-BYQ-001,2025-08-01 06:00:00,50.2,51.7
500KV-BYQ-002,2025-08-01 06:00:00,50.9,53.5
500KV-BYQ-003,2025-08-01 06:00:00,54.8,56.7
500KV-BYQ-001,2025-08-01 07:00:00,59.8,61.3
500KV-BYQ-002,2025-08-01 07:00:00,56.5,58.6
500KV-BYQ-003,2025-08-01 07:00:00,50.4,52.9
500KV-BYQ-001,2025-08-01 08:00:00,63.2,65.2
500KV-BYQ-002,2025-08-01 08:00:00,65.3,67.7
500KV-BYQ-003,2025-08-01 08:00:00,67.6,70.3
500KV-BYQ-001,2025-08-01 09:00:00,67.3,69.4
500KV-BYQ-002,2025-08-01 09:00:00,57.2,58.3
500KV-BYQ-003,2025-08-01 09:00:00,59.2,61.4
500KV-BYQ-001,2025-08-01 10:00:00,59.9,62.1
500KV-BYQ-002,2025-08-01 10:00:00,70.8,73
500KV-BYQ-003,2025-08-01 10:00:00,64.1,66.6
500KV-BYQ-001,2025-08-01 11:00:00,62.0,63.7
500KV-BYQ-002,2025-08-01 11:00:00,59.7,62.5
500KV-BYQ-003,2025-08-01 11:00:00,50.2,52.7
500KV-BYQ-001,2025-08-01 12:00:00,59.3,60.7
500KV-BYQ-002,2025-08-01 12:00:00,65.8,68.7
500KV-BYQ-003,2025-08-01 12:00:00,60.5,61.9
500KV-BYQ-001,2025-08-01 13:00:00,52.5,54.5
500KV-BYQ-002,2025-08-01 13:00:00,67.4,69.3
500KV-BYQ-003,2025-08-01 13:00:00,67.3,69.2
500KV-BYQ-001,2025-08-01 14:00:00,51.6,53.7
500KV-BYQ-002,2025-08-01 14:00:00,52.0,53.2
500KV-BYQ-003,2025-08-01 14:00:00,66.9,69.6
500KV-BYQ-001,2025-08-01 15:00:00,53.3,55.6
500KV-BYQ-002,2025-08-01 15:00:00,60.0,62.0
500KV-BYQ-003,2025-08-01 15:00:00,64.2,65.8
500KV-BYQ-001,2025-08-01 16:00:00,61.6,63.9
500KV-BYQ-002,2025-08-01 16:00:00,54.8,57.7
500KV-BYQ-003,2025-08-01 16:00:00,64.5,66.7
500KV-BYQ-001,2025-08-01 17:00:00,56.0,58.0
500KV-BYQ-002,2025-08-01 17:00:00,67.0,68.0
500KV-BYQ-003,2025-08-01 17:00:00,53.1,55.7
500KV-BYQ-001,2025-08-01 18:00:00,54.3,57.2
500KV-BYQ-002,2025-08-01 18:00:00,57.2,59.0
500KV-BYQ-003,2025-08-01 18:00:00,64.1,66.6
500KV-BYQ-001,2025-08-01 19:00:00,46.8,48.9
500KV-BYQ-002,2025-08-01 19:00:00,55.9,58.7
500KV-BYQ-003,2025-08-01 19:00:00,48.4,50.5
500KV-BYQ-001,2025-08-01 20:00:00,59.4,62.1
500KV-BYQ-002,2025-08-01 20:00:00,49.2,52.1
500KV-BYQ-003,2025-08-01 20:00:00,66.1,68.3
500KV-BYQ-001,2025-08-01 21:00:00,68.5,71.0
500KV-BYQ-002,2025-08-01 21:00:00,58.7,61.6
500KV-BYQ-003,2025-08-01 21:00:00,56.2,58.9
500KV-BYQ-001,2025-08-01 22:00:00,65.4,67.1
500KV-BYQ-002,2025-08-01 22:00:00,64.5,66.4
500KV-BYQ-003,2025-08-01 22:00:00,56.1,58.3
500KV-BYQ-001,2025-08-01 23:00:00,64.8,66.5
500KV-BYQ-002,2025-08-01 23:00:00,62.8,65.2
500KV-BYQ-003,2025-08-01 23:00:00,64.0,65.2
500KV-BYQ-001,2025-08-02 00:00:00,53.3,55.3
500KV-BYQ-002,2025-08-02 00:00:00,51.1,52.6
500KV-BYQ-003,2025-08-02 00:00:00,57.9,59.5
500KV-BYQ-001,2025-08-02 01:00:00,56.9,59.9
500KV-BYQ-002,2025-08-02 01:00:00,48.8,51.6
500KV-BYQ-003,2025-08-02 01:00:00,63.0,65.0
500KV-BYQ-001,2025-08-02 02:00:00,61.2,63.5
500KV-BYQ-002,2025-08-02 02:00:00,50.8,53.6
500KV-BYQ-003,2025-08-02 02:00:00,59.8,61.6
500KV-BYQ-001,2025-08-02 03:00:00,63.2,66.1
500KV-BYQ-002,2025-08-02 03:00:00,63.9,65.7
500KV-BYQ-003,2025-08-02 03:00:00,47.4,50.2
500KV-BYQ-001,2025-08-02 04:00:00,55.0,56.0
500KV-BYQ-002,2025-08-02 04:00:00,53.3,55.8
500KV-BYQ-003,2025-08-02 04:00:00,56.1,59.1
500KV-BYQ-001,2025-08-02 05:00:00,49.1,52.0
500KV-BYQ-002,2025-08-02 05:00:00,49.4,50.5
500KV-BYQ-003,2025-08-02 05:00:00,50.0,52.7
500KV-BYQ-001,2025-08-02 06:00:00,44.8,47.0
500KV-BYQ-002,2025-08-02 06:00:00,52.9,54.7
500KV-BYQ-003,2025-08-02 06:00:00,57.7,58.8
500KV-BYQ-001,2025-08-02 07:00:00,48.7,50.7
500KV-BYQ-002,2025-08-02 07:00:00,50.3,52.3
500KV-BYQ-003,2025-08-02 07:00:00,65.0,67.2
500KV-BYQ-001,2025-08-02 08:00:00,50.0,51.2
500KV-BYQ-002,2025-08-02 08:00:00,57.2,59.3
500KV-BYQ-003,2025-08-02 08:00:00,69.4,71.2
500KV-BYQ-001,2025-08-02 09:00:00,56.0,58.7
500KV-BYQ-002,2025-08-02 09:00:00,46.4,49.2
500KV-BYQ-003,2025-08-02 09:00:00,68.6,70.1
500KV-BYQ-001,2025-08-02 10:00:00,64.3,65.5
500KV-BYQ-002,2025-08-02 10:00:00,71.8,73
500KV-BYQ-003,2025-08-02 10:00:00,65.1,67.1
500KV-BYQ-001,2025-08-02 11:00:00,70.9,72.2
500KV-BYQ-002,2025-08-02 11:00:00,51.1,54.0
500KV-BYQ-003,2025-08-02 11:00:00,51.6,52.7
500KV-BYQ-001,2025-08-02 12:00:00,66.1,67.6
500KV-BYQ-002,2025-08-02 12:00:00,62.6,64.4
500KV-BYQ-003,2025-08-02 12:00:00,58.2,61.1
500KV-BYQ-001,2025-08-02 13:00:00,67.4,69.6
500KV-BYQ-002,2025-08-02 13:00:00,69.4,71.3
500KV-BYQ-003,2025-08-02 13:00:00,57.4,60.2
500KV-BYQ-001,2025-08-02 14:00:00,65.4,68.1
500KV-BYQ-002,2025-08-02 14:00:00,55.1,57.7
500KV-BYQ-003,2025-08-02 14:00:00,49.7,51.7
500KV-BYQ-001,2025-08-02 15:00:00,69.1,70.2
500KV-BYQ-002,2025-08-02 15:00:00,59.6,61.3
500KV-BYQ-003,2025-08-02 15:00:00,54.5,57.1
500KV-BYQ-001,2025-08-02 16:00:00,55.3,57.5
500KV-BYQ-002,2025-08-02 16:00:00,62.4,64.2
500KV-BYQ-003,2025-08-02 16:00:00,52.9,55.5
500KV-BYQ-001,2025-08-02 17:00:00,50.7,52.6
500KV-BYQ-002,2025-08-02 17:00:00,72.1,73
500KV-BYQ-003,2025-08-02 17:00:00,50.9,52.0
500KV-BYQ-001,2025-08-02 18:00:00,63.9,66.3
500KV-BYQ-002,2025-08-02 18:00:00,50.5,53.3
500KV-BYQ-003,2025-08-02 18:00:00,61.0,63.8
500KV-BYQ-001,2025-08-02 19:00:00,65.0,67.0
500KV-BYQ-002,2025-08-02 19:00:00,57.9,60.5
500KV-BYQ-003,2025-08-02 19:00:00,52.6,53.6
500KV-BYQ-001,2025-08-02 20:00:00,66.8,69.4
500KV-BYQ-002,2025-08-02 20:00:00,67.2,69.8
500KV-BYQ-003,2025-08-02 20:00:00,67.7,70.6
500KV-BYQ-001,2025-08-02 21:00:00,52.3,54.5
500KV-BYQ-002,2025-08-02 21:00:00,66.7,68.8
500KV-BYQ-003,2025-08-02 21:00:00,56.2,59.0
500KV-BYQ-001,2025-08-02 22:00:00,64.5,66.4
500KV-BYQ-002,2025-08-02 22:00:00,66.1,67.9
500KV-BYQ-003,2025-08-02 22:00:00,53.3,54.3
500KV-BYQ-001,2025-08-02 23:00:00,54.8,56.3
500KV-BYQ-002,2025-08-02 23:00:00,63.6,65.2
500KV-BYQ-003,2025-08-02 23:00:00,48.7,51.7
500KV-BYQ-001,2025-08-03 00:00:00,53.7,56.4
500KV-BYQ-002,2025-08-03 00:00:00,66.2,67.9
500KV-BYQ-003,2025-08-03 00:00:00,60.3,62.0
500KV-BYQ-001,2025-08-03 01:00:00,59.2,61.3
500KV-BYQ-002,2025-08-03 01:00:00,52.7,55.5
500KV-BYQ-003,2025-08-03 01:00:00,49.6,51.2
500KV-BYQ-001,2025-08-03 02:00:00,50.5,53.2
500KV-BYQ-002,2025-08-03 02:00:00,48.7,50.8
500KV-BYQ-003,2025-08-03 02:00:00,48.0,50.2
500KV-BYQ-001,2025-08-03 03:00:00,57.8,60.3
500KV-BYQ-002,2025-08-03 03:00:00,65.1,66.7
500KV-BYQ-003,2025-08-03 03:00:00,58.0,60.4
500KV-BYQ-001,2025-08-03 04:00:00,45.1,46.8
500KV-BYQ-002,2025-08-03 04:00:00,64.1,66.4
500KV-BYQ-003,2025-08-03 04:00:00,59.8,61.4
500KV-BYQ-001,2025-08-03 05:00:00,46.8,48.4
500KV-BYQ-002,2025-08-03 05:00:00,44.1,45.5
500KV-BYQ-003,2025-08-03 05:00:00,51.0,52.2
500KV-BYQ-001,2025-08-03 06:00:00,44.4,46.7
500KV-BYQ-002,2025-08-03 06:00:00,55.1,56.8
500KV-BYQ-003,2025-08-03 06:00:00,54.7,56.8
500KV-BYQ-001,2025-08-03 07:00:00,61.2,62.8
500KV-BYQ-002,2025-08-03 07:00:00,57.4,58.8
500KV-BYQ-003,2025-08-03 07:00:00,61.8,62.9
500KV-BYQ-001,2025-08-03 08:00:00,51.9,53.7
500KV-BYQ-002,2025-08-03 08:00:00,66.4,68.1
500KV-BYQ-003,2025-08-03 08:00:00,69.3,71.9
500KV-BYQ-001,2025-08-03 09:00:00,64.8,67.4
500KV-BYQ-002,2025-08-03 09:00:00,66.4,67.5
500KV-BYQ-003,2025-08-03 09:00:00,49.9,52.4
500KV-BYQ-001,2025-08-03 10:00:00,60.6,63.3
500KV-BYQ-002,2025-08-03 10:00:00,50.2,53.1
500KV-BYQ-003,2025-08-03 10:00:00,65.7,67.3
500KV-BYQ-001,2025-08-03 11:00:00,46.0,47.1
500KV-BYQ-002,2025-08-03 11:00:00,55.2,57.4
500KV-BYQ-003,2025-08-03 11:00:00,64.2,67.1
500KV-BYQ-001,2025-08-03 12:00:00,65.1,66.4
500KV-BYQ-002,2025-08-03 12:00:00,51.5,54.2
500KV-BYQ-003,2025-08-03 12:00:00,69.4,72.1
500KV-BYQ-001,2025-08-03 13:00:00,64.3,66.7
500KV-BYQ-002,2025-08-03 13:00:00,50.8,51.9
500KV-BYQ-003,2025-08-03 13:00:00,60.1,62.7
500KV-BYQ-001,2025-08-03 14:00:00,69.9,72.4
500KV-BYQ-002,2025-08-03 14:00:00,66.2,67.7
500KV-BYQ-003,2025-08-03 14:00:00,63.6,64.7
500KV-BYQ-001,2025-08-03 15:00:00,57.7,59.9
500KV-BYQ-002,2025-08-03 15:00:00,51.4,52.9
500KV-BYQ-003,2025-08-03 15:00:00,49.0,50.3
500KV-BYQ-001,2025-08-03 16:00:00,65.5,67.4
500KV-BYQ-002,2025-08-03 16:00:00,69.5,70.5
500KV-BYQ-003,2025-08-03 16:00:00,67.7,70.5
500KV-BYQ-001,2025-08-03 17:00:00,52.1,54.4
500KV-BYQ-002,2025-08-03 17:00:00,60.1,61.5
500KV-BYQ-003,2025-08-03 17:00:00,63.0,65.4
500KV-BYQ-001,2025-08-03 18:00:00,68.9,70.4
500KV-BYQ-002,2025-08-03 18:00:00,69.2,72.2
500KV-BYQ-003,2025-08-03 18:00:00,50.1,52.7
500KV-BYQ-001,2025-08-03 19:00:00,61.6,63.5
500KV-BYQ-002,2025-08-03 19:00:00,47.5,49.0
500KV-BYQ-003,2025-08-03 19:00:00,62.0,64.7
500KV-BYQ-001,2025-08-03 20:00:00,54.4,57.3
500KV-BYQ-002,2025-08-03 20:00:00,68.0,69.6
500KV-BYQ-003,2025-08-03 20:00:00,63.0,65.8
500KV-BYQ-001,2025-08-03 21:00:00,52.4,54.8
500KV-BYQ-002,2025-08-03 21:00:00,53.7,55.2
500KV-BYQ-003,2025-08-03 21:00:00,53.2,54.3
500KV-BYQ-001,2025-08-03 22:00:00,66.1,67.3
500KV-BYQ-002,2025-08-03 22:00:00,54.1,56.4
500KV-BYQ-003,2025-08-03 22:00:00,69.4,70.5
500KV-BYQ-001,2025-08-03 23:00:00,45.9,47.4
500KV-BYQ-002,2025-08-03 23:00:00,59.1,60.8
500KV-BYQ-003,2025-08-03 23:00:00,48.9,51.0
500KV-BYQ-001,2025-08-04 00:00:00,48.3,50.7
500KV-BYQ-002,2025-08-04 00:00:00,54.0,55.1
500KV-BYQ-003,2025-08-04 00:00:00,49.4,50.8
500KV-BYQ-001,2025-08-04 01:00:00,61.8,63.1
500KV-BYQ-002,2025-08-04 01:00:00,43.3,45.7
500KV-BYQ-003,2025-08-04 01:00:00,62.2,64.0
500KV-BYQ-001,2025-08-04 02:00:00,61.7,64.3
500KV-BYQ-002,2025-08-04 02:00:00,49.3,52.3
500KV-BYQ-003,2025-08-04 02:00:00,56.2,58.1
500KV-BYQ-001,2025-08-04 03:00:00,53.5,55.4
500KV-BYQ-002,2025-08-04 03:00:00,61.6,63.8
500KV-BYQ-003,2025-08-04 03:00:00,61.2,62.4
500KV-BYQ-001,2025-08-04 04:00:00,65.4,68.3
500KV-BYQ-002,2025-08-04 04:00:00,47.5,49.1
500KV-BYQ-003,2025-08-04 04:00:00,47.8,50.0
500KV-BYQ-001,2025-08-04 05:00:00,58.7,61.4
500KV-BYQ-002,2025-08-04 05:00:00,63.7,66.5
500KV-BYQ-003,2025-08-04 05:00:00,63.2,65.1
500KV-BYQ-001,2025-08-04 06:00:00,51.0,53.3
500KV-BYQ-002,2025-08-04 06:00:00,52.7,55.5
500KV-BYQ-003,2025-08-04 06:00:00,60.0,62.9
500KV-BYQ-001,2025-08-04 07:00:00,48.0,49.5
500KV-BYQ-002,2025-08-04 07:00:00,55.3,56.7
500KV-BYQ-003,2025-08-04 07:00:00,65.8,67.6
500KV-BYQ-001,2025-08-04 08:00:00,62.9,65.8
500KV-BYQ-002,2025-08-04 08:00:00,49.7,51.4
500KV-BYQ-003,2025-08-04 08:00:00,47.5,49.7
500KV-BYQ-001,2025-08-04 09:00:00,56.8,59.7
500KV-BYQ-002,2025-08-04 09:00:00,66.1,67.1
500KV-BYQ-003,2025-08-04 09:00:00,61.1,62.9
500KV-BYQ-001,2025-08-04 10:00:00,52.5,54.7
500KV-BYQ-002,2025-08-04 10:00:00,62.3,65.3
500KV-BYQ-003,2025-08-04 10:00:00,67.4,69.3
500KV-BYQ-001,2025-08-04 11:00:00,57.5,60.4
500KV-BYQ-002,2025-08-04 11:00:00,48.7,51.2
500KV-BYQ-003,2025-08-04 11:00:00,47.1,49.4
500KV-BYQ-001,2025-08-04 12:00:00,53.7,55.9
500KV-BYQ-002,2025-08-04 12:00:00,68.6,70.2
500KV-BYQ-003,2025-08-04 12:00:00,69.8,71.4
500KV-BYQ-001,2025-08-04 13:00:00,66.4,68.6
500KV-BYQ-002,2025-08-04 13:00:00,60.0,61.3
500KV-BYQ-003,2025-08-04 13:00:00,47.1,49.9
500KV-BYQ-001,2025-08-04 14:00:00,51.3,52.5
500KV-BYQ-002,2025-08-04 14:00:00,64.4,66.0
500KV-BYQ-003,2025-08-04 14:00:00,52.2,55.0
500KV-BYQ-001,2025-08-04 15:00:00,51.0,53.6
500KV-BYQ-002,2025-08-04 15:00:00,50.4,51.6
500KV-BYQ-003,2025-08-04 15:00:00,63.1,64.5
500KV-BYQ-001,2025-08-04 16:00:00,63.7,65.9
500KV-BYQ-002,2025-08-04 16:00:00,66.8,69.3
500KV-BYQ-003,2025-08-04 16:00:00,62.0,63.1
500KV-BYQ-001,2025-08-04 17:00:00,55.0,56.2
500KV-BYQ-002,2025-08-04 17:00:00,49.1,50.5
500KV-BYQ-003,2025-08-04 17:00:00,51.7,53.1
500KV-BYQ-001,2025-08-04 18:00:00,60.4,63.1
500KV-BYQ-002,2025-08-04 18:00:00,65.9,67.5
500KV-BYQ-003,2025-08-04 18:00:00,64.4,66.8
500KV-BYQ-001,2025-08-04 19:00:00,61.3,62.8
500KV-BYQ-002,2025-08-04 19:00:00,48.2,49.8
500KV-BYQ-003,2025-08-04 19:00:00,62.1,63.6
500KV-BYQ-001,2025-08-04 20:00:00,47.5,50.4
500KV-BYQ-002,2025-08-04 20:00:00,54.0,55.1
500KV-BYQ-003,2025-08-04 20:00:00,63.0,66.0
500KV-BYQ-001,2025-08-04 21:00:00,60.7,61.7
500KV-BYQ-002,2025-08-04 21:00:00,47.5,49.8
500KV-BYQ-003,2025-08-04 21:00:00,58.4,59.9
500KV-BYQ-001,2025-08-04 22:00:00,49.8,52.5
500KV-BYQ-002,2025-08-04 22:00:00,56.0,57.4
500KV-BYQ-003,2025-08-04 22:00:00,60.9,62.0
500KV-BYQ-001,2025-08-04 23:00:00,48.1,50.8
500KV-BYQ-002,2025-08-04 23:00:00,45.0,46.7
500KV-BYQ-003,2025-08-04 23:00:00,54.8,56.1
500KV-BYQ-001,2025-08-05 00:00:00,45.7,48.7
500KV-BYQ-002,2025-08-05 00:00:00,58.3,59.8
500KV-BYQ-003,2025-08-05 00:00:00,67.6,70.1
500KV-BYQ-001,2025-08-05 01:00:00,45.7,47.5
500KV-BYQ-002,2025-08-05 01:00:00,44.4,46.8
500KV-BYQ-003,2025-08-05 01:00:00,61.7,64.0
500KV-BYQ-001,2025-08-05 02:00:00,49.5,52.5
500KV-BYQ-002,2025-08-05 02:00:00,44.8,47.6
500KV-BYQ-003,2025-08-05 02:00:00,52.7,54.1
500KV-BYQ-001,2025-08-05 03:00:00,64.6,67.6
500KV-BYQ-002,2025-08-05 03:00:00,54.5,56.6
500KV-BYQ-003,2025-08-05 03:00:00,53.2,56.1
500KV-BYQ-001,2025-08-05 04:00:00,60.1,62.7
500KV-BYQ-002,2025-08-05 04:00:00,66.3,69.0
500KV-BYQ-003,2025-08-05 04:00:00,50.6,52.2
500KV-BYQ-001,2025-08-05 05:00:00,56.0,57.1
500KV-BYQ-002,2025-08-05 05:00:00,57.3,59.8
500KV-BYQ-003,2025-08-05 05:00:00,50.9,53.1
500KV-BYQ-001,2025-08-05 06:00:00,56.3,58.2
500KV-BYQ-002,2025-08-05 06:00:00,45.6,48.0
500KV-BYQ-003,2025-08-05 06:00:00,59.4,61.3
500KV-BYQ-001,2025-08-05 07:00:00,57.0,58.6
500KV-BYQ-002,2025-08-05 07:00:00,55.4,56.9
500KV-BYQ-003,2025-08-05 07:00:00,44.7,47.0
500KV-BYQ-001,2025-08-05 08:00:00,65.9,67.5
500KV-BYQ-002,2025-08-05 08:00:00,52.3,53.8
500KV-BYQ-003,2025-08-05 08:00:00,52.1,54.2
500KV-BYQ-001,2025-08-05 09:00:00,64.3,67.2
500KV-BYQ-002,2025-08-05 09:00:00,58.2,61.1
500KV-BYQ-003,2025-08-05 09:00:00,49.4,50.6
500KV-BYQ-001,2025-08-05 10:00:00,51.4,53.0
500KV-BYQ-002,2025-08-05 10:00:00,49.4,51.2
500KV-BYQ-003,2025-08-05 10:00:00,69.2,71.3
500KV-BYQ-001,2025-08-05 11:00:00,50.4,52.6
500KV-BYQ-002,2025-08-05 11:00:00,60.4,62.2
500KV-BYQ-003,2025-08-05 11:00:00,60.3,62.9
500KV-BYQ-001,2025-08-05 12:00:00,46.3,48.3
500KV-BYQ-002,2025-08-05 12:00:00,60.8,62.9
500KV-BYQ-003,2025-08-05 12:00:00,59.6,61.5
500KV-BYQ-001,2025-08-05 13:00:00,64.9,67.5
500KV-BYQ-002,2025-08-05 13:00:00,63.5,64.7
500KV-BYQ-003,2025-08-05 13:00:00,61.2,64.0
500KV-BYQ-001,2025-08-05 14:00:00,69.9,72.7
500KV-BYQ-002,2025-08-05 14:00:00,53.4,55.2
500KV-BYQ-003,2025-08-05 14:00:00,49.5,51.7
500KV-BYQ-001,2025-08-05 15:00:00,49.5,51.5
500KV-BYQ-002,2025-08-05 15:00:00,63.4,65.0
500KV-BYQ-003,2025-08-05 15:00:00,51.8,54.1
500KV-BYQ-001,2025-08-05 16:00:00,69.3,71.9
500KV-BYQ-002,2025-08-05 16:00:00,59.4,62.0
500KV-BYQ-003,2025-08-05 16:00:00,54.0,56.6
500KV-BYQ-001,2025-08-05 17:00:00,61.1,63.9
500KV-BYQ-002,2025-08-05 17:00:00,55.0,57.0
500KV-BYQ-003,2025-08-05 17:00:00,66.8,69.7
500KV-BYQ-001,2025-08-05 18:00:00,57.4,59.7
500KV-BYQ-002,2025-08-05 18:00:00,65.0,66.9
500KV-BYQ-003,2025-08-05 18:00:00,48.0,50.8
500KV-BYQ-001,2025-08-05 19:00:00,57.4,59.4
500KV-BYQ-002,2025-08-05 19:00:00,57.8,60.8
500KV-BYQ-003,2025-08-05 19:00:00,48.6,50.2
500KV-BYQ-001,2025-08-05 20:00:00,58.9,60.7
500KV-BYQ-002,2025-08-05 20:00:00,59.0,60.2
500KV-BYQ-003,2025-08-05 20:00:00,50.1,51.7
500KV-BYQ-001,2025-08-05 21:00:00,47.1,49.3
500KV-BYQ-002,2025-08-05 21:00:00,57.5,59.0
500KV-BYQ-003,2025-08-05 21:00:00,60.0,62.3
500KV-BYQ-001,2025-08-05 22:00:00,66.6,68.5
500KV-BYQ-002,2025-08-05 22:00:00,61.4,62.8
500KV-BYQ-003,2025-08-05 22:00:00,64.1,66.5
500KV-BYQ-001,2025-08-05 23:00:00,58.1,59.8
500KV-BYQ-002,2025-08-05 23:00:00,50.7,52.4
500KV-BYQ-003,2025-08-05 23:00:00,47.9,49.9
500KV-BYQ-001,2025-08-06 00:00:00,58.2,59.3
500KV-BYQ-002,2025-08-06 00:00:00,62.0,64.3
500KV-BYQ-003,2025-08-06 00:00:00,52.0,54.2
500KV-BYQ-001,2025-08-06 01:00:00,44.7,46.3
500KV-BYQ-002,2025-08-06 01:00:00,46.9,49.6
500KV-BYQ-003,2025-08-06 01:00:00,60.1,61.8
500KV-BYQ-001,2025-08-06 02:00:00,53.1,54.2
500KV-BYQ-002,2025-08-06 02:00:00,56.4,57.6
500KV-BYQ-003,2025-08-06 02:00:00,48.2,50.6
500KV-BYQ-001,2025-08-06 03:00:00,55.2,56.6
500KV-BYQ-002,2025-08-06 03:00:00,49.9,51.9
500KV-BYQ-003,2025-08-06 03:00:00,61.4,64.2
500KV-BYQ-001,2025-08-06 04:00:00,46.6,48.1
500KV-BYQ-002,2025-08-06 04:00:00,54.4,56.8
500KV-BYQ-003,2025-08-06 04:00:00,58.9,60.6
500KV-BYQ-001,2025-08-06 05:00:00,47.6,49.9
500KV-BYQ-002,2025-08-06 05:00:00,51.9,54.4
500KV-BYQ-003,2025-08-06 05:00:00,61.8,64.3
500KV-BYQ-001,2025-08-06 06:00:00,61.7,63.9
500KV-BYQ-002,2025-08-06 06:00:00,52.0,53.6
500KV-BYQ-003,2025-08-06 06:00:00,47.2,49.6
500KV-BYQ-001,2025-08-06 07:00:00,43.3,46.1
500KV-BYQ-002,2025-08-06 07:00:00,51.0,52.0
500KV-BYQ-003,2025-08-06 07:00:00,63.6,65.8
500KV-BYQ-001,2025-08-06 08:00:00,64.0,66.9
500KV-BYQ-002,2025-08-06 08:00:00,57.9,60.3
500KV-BYQ-003,2025-08-06 08:00:00,61.3,63.8
500KV-BYQ-001,2025-08-06 09:00:00,48.4,50.2
500KV-BYQ-002,2025-08-06 09:00:00,58.1,60.4
500KV-BYQ-003,2025-08-06 09:00:00,52.1,53.2
500KV-BYQ-001,2025-08-06 10:00:00,53.1,54.9
500KV-BYQ-002,2025-08-06 10:00:00,50.2,51.8
500KV-BYQ-003,2025-08-06 10:00:00,54.3,56.8
500KV-BYQ-001,2025-08-06 11:00:00,45.9,47.3
500KV-BYQ-002,2025-08-06 11:00:00,54.6,56.0
500KV-BYQ-003,2025-08-06 11:00:00,64.7,67.6
500KV-BYQ-001,2025-08-06 12:00:00,68.7,70.0
500KV-BYQ-002,2025-08-06 12:00:00,68.4,71.1
500KV-BYQ-003,2025-08-06 12:00:00,59.1,61.0
500KV-BYQ-001,2025-08-06 13:00:00,70.6,72.7
500KV-BYQ-002,2025-08-06 13:00:00,65.3,67.0
500KV-BYQ-003,2025-08-06 13:00:00,58.8,61.8
500KV-BYQ-001,2025-08-06 14:00:00,57.6,60.0
500KV-BYQ-002,2025-08-06 14:00:00,49.3,52.2
500KV-BYQ-003,2025-08-06 14:00:00,69.3,71.9
500KV-BYQ-001,2025-08-06 15:00:00,63.4,65.2
500KV-BYQ-002,2025-08-06 15:00:00,70.2,71.5
500KV-BYQ-003,2025-08-06 15:00:00,70.6,72.8
500KV-BYQ-001,2025-08-06 16:00:00,62.8,64.0
500KV-BYQ-002,2025-08-06 16:00:00,53.0,55.2
500KV-BYQ-003,2025-08-06 16:00:00,61.6,63.9
500KV-BYQ-001,2025-08-06 17:00:00,72.3,73
500KV-BYQ-002,2025-08-06 17:00:00,50.7,53.3
500KV-BYQ-003,2025-08-06 17:00:00,57.6,60.4
500KV-BYQ-001,2025-08-06 18:00:00,64.9,66.8
500KV-BYQ-002,2025-08-06 18:00:00,63.4,65.8
500KV-BYQ-003,2025-08-06 18:00:00,56.4,58.6
500KV-BYQ-001,2025-08-06 19:00:00,46.3,48.6
500KV-BYQ-002,2025-08-06 19:00:00,63.3,65.3
500KV-BYQ-003,2025-08-06 19:00:00,64.3,66.5
500KV-BYQ-001,2025-08-06 20:00:00,58.7,60.3
500KV-BYQ-002,2025-08-06 20:00:00,45.4,47.6
500KV-BYQ-003,2025-08-06 20:00:00,49.6,51.0
500KV-BYQ-001,2025-08-06 21:00:00,59.9,62.1
500KV-BYQ-002,2025-08-06 21:00:00,52.8,55.0
500KV-BYQ-003,2025-08-06 21:00:00,59.7,62.0
500KV-BYQ-001,2025-08-06 22:00:00,47.1,48.6
500KV-BYQ-002,2025-08-06 22:00:00,55.6,57.2
500KV-BYQ-003,2025-08-06 22:00:00,53.8,56.6
500KV-BYQ-001,2025-08-06 23:00:00,56.3,58.3
500KV-BYQ-002,2025-08-06 23:00:00,46.2,47.8
500KV-BYQ-003,2025-08-06 23:00:00,58.4,59.9
500KV-BYQ-001,2025-08-07 00:00:00,51.4,53.8
500KV-BYQ-002,2025-08-07 00:00:00,48.4,50.5
500KV-BYQ-003,2025-08-07 00:00:00,43.8,46.0
500KV-BYQ-001,2025-08-07 01:00:00,65.1,68.1
500KV-BYQ-002,2025-08-07 01:00:00,49.4,52.4
500KV-BYQ-003,2025-08-07 01:00:00,45.6,47.3
500KV-BYQ-001,2025-08-07 02:00:00,62.1,64.4
500KV-BYQ-002,2025-08-07 02:00:00,52.4,55.1
500KV-BYQ-003,2025-08-07 02:00:00,58.2,60.8
500KV-BYQ-001,2025-08-07 03:00:00,51.3,53.3
500KV-BYQ-002,2025-08-07 03:00:00,55.6,57.3
500KV-BYQ-003,2025-08-07 03:00:00,46.8,48.9
500KV-BYQ-001,2025-08-07 04:00:00,49.6,52.2
500KV-BYQ-002,2025-08-07 04:00:00,61.8,64.6
500KV-BYQ-003,2025-08-07 04:00:00,57.6,59.8
500KV-BYQ-001,2025-08-07 05:00:00,44.3,46.4
500KV-BYQ-002,2025-08-07 05:00:00,47.9,50.6
500KV-BYQ-003,2025-08-07 05:00:00,44.9,47.9
500KV-BYQ-001,2025-08-07 06:00:00,58.5,61.1
500KV-BYQ-002,2025-08-07 06:00:00,61.0,63.2
500KV-BYQ-003,2025-08-07 06:00:00,62.2,64.5
500KV-BYQ-001,2025-08-07 07:00:00,62.1,64.9
500KV-BYQ-002,2025-08-07 07:00:00,63.9,65.5
500KV-BYQ-003,2025-08-07 07:00:00,63.2,65.8
500KV-BYQ-001,2025-08-07 08:00:00,46.9,49.5
500KV-BYQ-002,2025-08-07 08:00:00,54.2,56.4
500KV-BYQ-003,2025-08-07 08:00:00,66.4,67.4
500KV-BYQ-001,2025-08-07 09:00:00,63.7,65.3
500KV-BYQ-002,2025-08-07 09:00:00,46.4,48.5
500KV-BYQ-003,2025-08-07 09:00:00,52.6,55.5
500KV-BYQ-001,2025-08-07 10:00:00,55.6,57.7
500KV-BYQ-002,2025-08-07 10:00:00,49.2,51.9
500KV-BYQ-003,2025-08-07 10:00:00,61.8,64.1
500KV-BYQ-001,2025-08-07 11:00:00,60.4,62.3
500KV-BYQ-002,2025-08-07 11:00:00,62.7,64.6
500KV-BYQ-003,2025-08-07 11:00:00,68.6,69.9
500KV-BYQ-001,2025-08-07 12:00:00,63.1,65.1
500KV-BYQ-002,2025-08-07 12:00:00,63.5,64.8
500KV-BYQ-003,2025-08-07 12:00:00,58.8,60.1
500KV-BYQ-001,2025-08-07 13:00:00,62.3,63.8
500KV-BYQ-002,2025-08-07 13:00:00,57.6,60.1
500KV-BYQ-003,2025-08-07 13:00:00,60.0,62.0
500KV-BYQ-001,2025-08-07 14:00:00,69.1,70.9
500KV-BYQ-002,2025-08-07 14:00:00,65.5,67.8
500KV-BYQ-003,2025-08-07 14:00:00,61.1,62.8
500KV-BYQ-001,2025-08-07 15:00:00,63.9,65.1
500KV-BYQ-002,2025-08-07 15:00:00,67.4,68.9
500KV-BYQ-003,2025-08-07 15:00:00,61.9,64.5
500KV-BYQ-001,2025-08-07 16:00:00,72.0,73
500KV-BYQ-002,2025-08-07 16:00:00,58.0,59.6
500KV-BYQ-003,2025-08-07 16:00:00,57.5,59.2
500KV-BYQ-001,2025-08-07 17:00:00,65.7,66.8
500KV-BYQ-002,2025-08-07 17:00:00,62.1,63.7
500KV-BYQ-003,2025-08-07 17:00:00,72.2,73
500KV-BYQ-001,2025-08-07 18:00:00,59.8,62.0
500KV-BYQ-002,2025-08-07 18:00:00,56.3,58.4
500KV-BYQ-003,2025-08-07 18:00:00,69.1,71.6
500KV-BYQ-001,2025-08-07 19:00:00,67.1,68.8
500KV-BYQ-002,2025-08-07 19:00:00,58.3,59.6
500KV-BYQ-003,2025-08-07 19:00:00,56.6,59.4
500KV-BYQ-001,2025-08-07 20:00:00,50.6,53.1
500KV-BYQ-002,2025-08-07 20:00:00,57.6,58.7
500KV-BYQ-003,2025-08-07 20:00:00,65.0,66.3
500KV-BYQ-001,2025-08-07 21:00:00,55.2,57.6
500KV-BYQ-002,2025-08-07 21:00:00,64.0,66.0
500KV-BYQ-003,2025-08-07 21:00:00,68.3,70.8
500KV-BYQ-001,2025-08-07 22:00:00,45.7,48.0
500KV-BYQ-002,2025-08-07 22:00:00,48.2,49.9
500KV-BYQ-003,2025-08-07 22:00:00,57.9,60.7
500KV-BYQ-001,2025-08-07 23:00:00,50.3,53.1
500KV-BYQ-002,2025-08-07 23:00:00,65.8,67.5
500KV-BYQ-003,2025-08-07 23:00:00,54.8,56.1
500KV-BYQ-001,2025-08-08 00:00:00,46.9,48.3
500KV-BYQ-002,2025-08-08 00:00:00,43.2,44.3
500KV-BYQ-003,2025-08-08 00:00:00,62.2,64.8
500KV-BYQ-001,2025-08-08 01:00:00,56.1,58.0
500KV-BYQ-002,2025-08-08 01:00:00,50.7,51.8
500KV-BYQ-003,2025-08-08 01:00:00,53.1,54.1
500KV-BYQ-001,2025-08-08 02:00:00,47.3,48.4
500KV-BYQ-002,2025-08-08 02:00:00,59.4,60.6
500KV-BYQ-003,2025-08-08 02:00:00,54.6,57.2
500KV-BYQ-001,2025-08-08 03:00:00,50.3,51.7
500KV-BYQ-002,2025-08-08 03:00:00,49.6,51.4
500KV-BYQ-003,2025-08-08 03:00:00,61.3,63.7
500KV-BYQ-001,2025-08-08 04:00:00,48.8,51.0
500KV-BYQ-002,2025-08-08 04:00:00,47.3,50.1
500KV-BYQ-003,2025-08-08 04:00:00,49.5,51.3
500KV-BYQ-001,2025-08-08 05:00:00,55.9,57.5
500KV-BYQ-002,2025-08-08 05:00:00,53.6,55.2
500KV-BYQ-003,2025-08-08 05:00:00,59.3,61.3
500KV-BYQ-001,2025-08-08 06:00:00,46.0,47.6
500KV-BYQ-002,2025-08-08 06:00:00,51.0,53.0
500KV-BYQ-003,2025-08-08 06:00:00,59.7,62.0
500KV-BYQ-001,2025-08-08 07:00:00,46.9,49.0
500KV-BYQ-002,2025-08-08 07:00:00,53.3,56.2
500KV-BYQ-003,2025-08-08 07:00:00,46.9,49.4
500KV-BYQ-001,2025-08-08 08:00:00,57.2,60.1
500KV-BYQ-002,2025-08-08 08:00:00,62.0,64.8
500KV-BYQ-003,2025-08-08 08:00:00,60.3,63.3
500KV-BYQ-001,2025-08-08 09:00:00,58.9,60.7
500KV-BYQ-002,2025-08-08 09:00:00,50.9,52.0
500KV-BYQ-003,2025-08-08 09:00:00,47.3,49.5
500KV-BYQ-001,2025-08-08 10:00:00,56.4,57.5
500KV-BYQ-002,2025-08-08 10:00:00,69.2,70.6
500KV-BYQ-003,2025-08-08 10:00:00,54.6,55.8
500KV-BYQ-001,2025-08-08 11:00:00,68.1,69.5
500KV-BYQ-002,2025-08-08 11:00:00,54.5,55.6
500KV-BYQ-003,2025-08-08 11:00:00,54.1,55.9
500KV-BYQ-001,2025-08-08 12:00:00,48.1,49.2
500KV-BYQ-002,2025-08-08 12:00:00,57.9,59.6
500KV-BYQ-003,2025-08-08 12:00:00,49.7,52.6
500KV-BYQ-001,2025-08-08 13:00:00,60.8,62.1
500KV-BYQ-002,2025-08-08 13:00:00,69.6,71.9
500KV-BYQ-003,2025-08-08 13:00:00,50.4,52.7
500KV-BYQ-001,2025-08-08 14:00:00,66.0,67.7
500KV-BYQ-002,2025-08-08 14:00:00,56.7,58.9
500KV-BYQ-003,2025-08-08 14:00:00,67.2,69.8
500KV-BYQ-001,2025-08-08 15:00:00,67.9,69.5
500KV-BYQ-002,2025-08-08 15:00:00,55.1,56.3
500KV-BYQ-003,2025-08-08 15:00:00,48.1,50.2
500KV-BYQ-001,2025-08-08 16:00:00,63.7,64.8
500KV-BYQ-002,2025-08-08 16:00:00,67.3,69.1
500KV-BYQ-003,2025-08-08 16:00:00,72.2,73
500KV-BYQ-001,2025-08-08 17:00:00,66.0,67.6
500KV-BYQ-002,2025-08-08 17:00:00,48.5,50.3
500KV-BYQ-003,2025-08-08 17:00:00,59.9,61.9
500KV-BYQ-001,2025-08-08 18:00:00,47.7,49.6
500KV-BYQ-002,2025-08-08 18:00:00,56.2,57.3
500KV-BYQ-003,2025-08-08 18:00:00,68.6,71.1
500KV-BYQ-001,2025-08-08 19:00:00,58.0,60.1
500KV-BYQ-002,2025-08-08 19:00:00,65.4,68.1
500KV-BYQ-003,2025-08-08 19:00:00,55.1,57.5
500KV-BYQ-001,2025-08-08 20:00:00,63.0,65.4
500KV-BYQ-002,2025-08-08 20:00:00,53.7,55.5
500KV-BYQ-003,2025-08-08 20:00:00,53.1,56.0
500KV-BYQ-001,2025-08-08 21:00:00,49.1,50.5
500KV-BYQ-002,2025-08-08 21:00:00,48.0,50.3
500KV-BYQ-003,2025-08-08 21:00:00,51.3,52.4
500KV-BYQ-001,2025-08-08 22:00:00,67.8,70.3
500KV-BYQ-002,2025-08-08 22:00:00,48.5,50.7
500KV-BYQ-003,2025-08-08 22:00:00,63.0,65.2
500KV-BYQ-001,2025-08-08 23:00:00,59.2,61.9
500KV-BYQ-002,2025-08-08 23:00:00,52.5,55.4
500KV-BYQ-003,2025-08-08 23:00:00,59.2,61.6
500KV-BYQ-001,2025-08-09 00:00:00,54.8,56.4
500KV-BYQ-002,2025-08-09 00:00:00,47.5,49.0
500KV-BYQ-003,2025-08-09 00:00:00,45.4,47.0
500KV-BYQ-001,2025-08-09 01:00:00,56.1,59.0
500KV-BYQ-002,2025-08-09 01:00:00,59.4,61.1
500KV-BYQ-003,2025-08-09 01:00:00,57.9,60.7
500KV-BYQ-001,2025-08-09 02:00:00,52.3,53.7
500KV-BYQ-002,2025-08-09 02:00:00,56.7,58.2
500KV-BYQ-003,2025-08-09 02:00:00,62.2,63.5
500KV-BYQ-001,2025-08-09 03:00:00,63.0,65.7
500KV-BYQ-002,2025-08-09 03:00:00,53.2,54.8
500KV-BYQ-003,2025-08-09 03:00:00,63.0,65.8
500KV-BYQ-001,2025-08-09 04:00:00,56.5,59.0
500KV-BYQ-002,2025-08-09 04:00:00,65.0,66.3
500KV-BYQ-003,2025-08-09 04:00:00,49.4,51.7
500KV-BYQ-001,2025-08-09 05:00:00,45.8,47.2
500KV-BYQ-002,2025-08-09 05:00:00,53.1,55.1
500KV-BYQ-003,2025-08-09 05:00:00,52.1,53.7
500KV-BYQ-001,2025-08-09 06:00:00,60.6,63.5
500KV-BYQ-002,2025-08-09 06:00:00,46.6,48.2
500KV-BYQ-003,2025-08-09 06:00:00,49.0,50.4
500KV-BYQ-001,2025-08-09 07:00:00,54.0,56.4
500KV-BYQ-002,2025-08-09 07:00:00,65.0,67.7
500KV-BYQ-003,2025-08-09 07:00:00,44.7,47.7
500KV-BYQ-001,2025-08-09 08:00:00,59.3,61.3
500KV-BYQ-002,2025-08-09 08:00:00,48.2,51.0
500KV-BYQ-003,2025-08-09 08:00:00,66.8,68.9
500KV-BYQ-001,2025-08-09 09:00:00,62.5,64.2
500KV-BYQ-002,2025-08-09 09:00:00,55.2,56.3
500KV-BYQ-003,2025-08-09 09:00:00,49.0,51.7
500KV-BYQ-001,2025-08-09 10:00:00,51.7,53.4
500KV-BYQ-002,2025-08-09 10:00:00,66.6,69.1
500KV-BYQ-003,2025-08-09 10:00:00,61.0,62.4
500KV-BYQ-001,2025-08-09 11:00:00,68.7,70.7
500KV-BYQ-002,2025-08-09 11:00:00,52.8,55.7
500KV-BYQ-003,2025-08-09 11:00:00,58.9,60.7
500KV-BYQ-001,2025-08-09 12:00:00,62.2,64.2
500KV-BYQ-002,2025-08-09 12:00:00,55.0,57.0
500KV-BYQ-003,2025-08-09 12:00:00,69.4,71.0
500KV-BYQ-001,2025-08-09 13:00:00,63.9,65.3
500KV-BYQ-002,2025-08-09 13:00:00,54.2,55.3
500KV-BYQ-003,2025-08-09 13:00:00,57.8,60.2
500KV-BYQ-001,2025-08-09 14:00:00,72.4,73
500KV-BYQ-002,2025-08-09 14:00:00,48.9,51.0
500KV-BYQ-003,2025-08-09 14:00:00,55.2,57.4
500KV-BYQ-001,2025-08-09 15:00:00,47.5,48.7
500KV-BYQ-002,2025-08-09 15:00:00,47.5,48.8
500KV-BYQ-003,2025-08-09 15:00:00,60.4,63.2
500KV-BYQ-001,2025-08-09 16:00:00,54.0,55.7
500KV-BYQ-002,2025-08-09 16:00:00,48.0,50.2
500KV-BYQ-003,2025-08-09 16:00:00,51.0,52.9
500KV-BYQ-001,2025-08-09 17:00:00,47.1,50.0
500KV-BYQ-002,2025-08-09 17:00:00,61.1,63.5
500KV-BYQ-003,2025-08-09 17:00:00,64.4,66.9
500KV-BYQ-001,2025-08-09 18:00:00,53.2,55.7
500KV-BYQ-002,2025-08-09 18:00:00,56.9,59.6
500KV-BYQ-003,2025-08-09 18:00:00,68.2,69.3
500KV-BYQ-001,2025-08-09 19:00:00,50.2,52.1
500KV-BYQ-002,2025-08-09 19:00:00,56.3,58.8
500KV-BYQ-003,2025-08-09 19:00:00,46.5,48.1
500KV-BYQ-001,2025-08-09 20:00:00,57.5,59.6
500KV-BYQ-002,2025-08-09 20:00:00,46.8,49.3
500KV-BYQ-003,2025-08-09 20:00:00,65.1,67.9
500KV-BYQ-001,2025-08-09 21:00:00,60.6,63.0
500KV-BYQ-002,2025-08-09 21:00:00,52.4,55.3
500KV-BYQ-003,2025-08-09 21:00:00,65.9,67.7
500KV-BYQ-001,2025-08-09 22:00:00,60.6,62.8
500KV-BYQ-002,2025-08-09 22:00:00,66.5,69.3
500KV-BYQ-003,2025-08-09 22:00:00,59.7,62.4
500KV-BYQ-001,2025-08-09 23:00:00,52.4,54.5
500KV-BYQ-002,2025-08-09 23:00:00,64.7,66.8
500KV-BYQ-003,2025-08-09 23:00:00,56.0,58.9
500KV-BYQ-001,2025-08-10 00:00:00,63.0,64.8
500KV-BYQ-002,2025-08-10 00:00:00,45.3,46.8
500KV-BYQ-003,2025-08-10 00:00:00,52.4,53.6
500KV-BYQ-001,2025-08-10 01:00:00,51.5,53.2
500KV-BYQ-002,2025-08-10 01:00:00,57.6,59.7
500KV-BYQ-003,2025-08-10 01:00:00,64.5,66.3
500KV-BYQ-001,2025-08-10 02:00:00,51.9,53.2
500KV-BYQ-002,2025-08-10 02:00:00,52.0,55.0
500KV-BYQ-003,2025-08-10 02:00:00,45.5,46.8
500KV-BYQ-001,2025-08-10 03:00:00,59.9,61.8
500KV-BYQ-002,2025-08-10 03:00:00,62.3,63.9
500KV-BYQ-003,2025-08-10 03:00:00,58.0,59.1
500KV-BYQ-001,2025-08-10 04:00:00,46.2,47.8
500KV-BYQ-002,2025-08-10 04:00:00,58.0,60.4
500KV-BYQ-003,2025-08-10 04:00:00,47.7,49.8
500KV-BYQ-001,2025-08-10 05:00:00,54.9,55.9
500KV-BYQ-002,2025-08-10 05:00:00,61.4,63.0
500KV-BYQ-003,2025-08-10 05:00:00,59.1,61.4
500KV-BYQ-001,2025-08-10 06:00:00,43.6,46.2
500KV-BYQ-002,2025-08-10 06:00:00,50.0,52.1
500KV-BYQ-003,2025-08-10 06:00:00,46.2,47.2
500KV-BYQ-001,2025-08-10 07:00:00,57.1,59.0
500KV-BYQ-002,2025-08-10 07:00:00,60.3,63.0
500KV-BYQ-003,2025-08-10 07:00:00,53.3,55.7
500KV-BYQ-001,2025-08-10 08:00:00,64.5,65.6
500KV-BYQ-002,2025-08-10 08:00:00,61.9,63.4
500KV-BYQ-003,2025-08-10 08:00:00,56.1,57.4
500KV-BYQ-001,2025-08-10 09:00:00,68.1,70.7
500KV-BYQ-002,2025-08-10 09:00:00,51.7,54.5
500KV-BYQ-003,2025-08-10 09:00:00,60.5,62.1
500KV-BYQ-001,2025-08-10 10:00:00,64.6,66.1
500KV-BYQ-002,2025-08-10 10:00:00,47.4,49.8
500KV-BYQ-003,2025-08-10 10:00:00,62.7,64.7
500KV-BYQ-001,2025-08-10 11:00:00,55.4,58.0
500KV-BYQ-002,2025-08-10 11:00:00,65.4,67.6
500KV-BYQ-003,2025-08-10 11:00:00,68.8,71.0
500KV-BYQ-001,2025-08-10 12:00:00,60.5,62.3
500KV-BYQ-002,2025-08-10 12:00:00,65.1,66.2
500KV-BYQ-003,2025-08-10 12:00:00,57.5,58.6
500KV-BYQ-001,2025-08-10 13:00:00,66.8,69.1
500KV-BYQ-002,2025-08-10 13:00:00,66.7,69.0
500KV-BYQ-003,2025-08-10 13:00:00,70.9,72.0
500KV-BYQ-001,2025-08-10 14:00:00,57.8,60.7
500KV-BYQ-002,2025-08-10 14:00:00,58.1,60.5
500KV-BYQ-003,2025-08-10 14:00:00,59.6,60.8
500KV-BYQ-001,2025-08-10 15:00:00,55.2,57.4
500KV-BYQ-002,2025-08-10 15:00:00,53.8,55.3
500KV-BYQ-003,2025-08-10 15:00:00,70.0,71.8
500KV-BYQ-001,2025-08-10 16:00:00,60.9,62.1
500KV-BYQ-002,2025-08-10 16:00:00,60.7,63.6
500KV-BYQ-003,2025-08-10 16:00:00,47.9,49.4
500KV-BYQ-001,2025-08-10 17:00:00,66.4,68.7
500KV-BYQ-002,2025-08-10 17:00:00,68.6,71.3
500KV-BYQ-003,2025-08-10 17:00:00,53.1,55.9
500KV-BYQ-001,2025-08-10 18:00:00,61.2,62.8
500KV-BYQ-002,2025-08-10 18:00:00,60.0,61.9
500KV-BYQ-003,2025-08-10 18:00:00,51.5,54.2
500KV-BYQ-001,2025-08-10 19:00:00,61.5,64.3
500KV-BYQ-002,2025-08-10 19:00:00,69.9,71.0
500KV-BYQ-003,2025-08-10 19:00:00,58.5,61.4
500KV-BYQ-001,2025-08-10 20:00:00,62.8,65.4
500KV-BYQ-002,2025-08-10 20:00:00,68.6,71.2
500KV-BYQ-003,2025-08-10 20:00:00,53.8,56.2
500KV-BYQ-001,2025-08-10 21:00:00,59.6,61.7
500KV-BYQ-002,2025-08-10 21:00:00,70.5,72.0
500KV-BYQ-003,2025-08-10 21:00:00,47.3,48.8
500KV-BYQ-001,2025-08-10 22:00:00,52.5,54.7
500KV-BYQ-002,2025-08-10 22:00:00,62.0,63.3
500KV-BYQ-003,2025-08-10 22:00:00,59.8,62.5
500KV-BYQ-001,2025-08-10 23:00:00,60.0,62.9
500KV-BYQ-002,2025-08-10 23:00:00,57.6,60.3
500KV-BYQ-003,2025-08-10 23:00:00,64.1,66.1
500KV-BYQ-001,2025-08-11 00:00:00,63.0,64.5
500KV-BYQ-002,2025-08-11 00:00:00,62.7,65.5
500KV-BYQ-003,2025-08-11 00:00:00,62.1,64.9
500KV-BYQ-001,2025-08-11 01:00:00,53.7,56.0
500KV-BYQ-002,2025-08-11 01:00:00,46.2,48.0
500KV-BYQ-003,2025-08-11 01:00:00,49.0,51.4
500KV-BYQ-001,2025-08-11 02:00:00,56.6,57.9
500KV-BYQ-002,2025-08-11 02:00:00,52.5,55.1
500KV-BYQ-003,2025-08-11 02:00:00,58.0,60.9
500KV-BYQ-001,2025-08-11 03:00:00,66.3,68.4
500KV-BYQ-002,2025-08-11 03:00:00,55.4,56.9
500KV-BYQ-003,2025-08-11 03:00:00,63.2,65.7
500KV-BYQ-001,2025-08-11 04:00:00,64.4,66.0
500KV-BYQ-002,2025-08-11 04:00:00,60.8,63.5
500KV-BYQ-003,2025-08-11 04:00:00,63.9,65.1
500KV-BYQ-001,2025-08-11 05:00:00,57.3,60.0
500KV-BYQ-002,2025-08-11 05:00:00,57.1,58.2
500KV-BYQ-003,2025-08-11 05:00:00,49.3,50.3
500KV-BYQ-001,2025-08-11 06:00:00,42.5,44.4
500KV-BYQ-002,2025-08-11 06:00:00,46.0,48.1
500KV-BYQ-003,2025-08-11 06:00:00,56.6,58.4
500KV-BYQ-001,2025-08-11 07:00:00,43.8,45.8
500KV-BYQ-002,2025-08-11 07:00:00,64.9,67.3
500KV-BYQ-003,2025-08-11 07:00:00,49.5,51.0
500KV-BYQ-001,2025-08-11 08:00:00,48.0,49.7
500KV-BYQ-002,2025-08-11 08:00:00,63.4,65.4
500KV-BYQ-003,2025-08-11 08:00:00,59.3,62.1
500KV-BYQ-001,2025-08-11 09:00:00,63.0,65.2
500KV-BYQ-002,2025-08-11 09:00:00,55.1,56.5
500KV-BYQ-003,2025-08-11 09:00:00,70.1,72.2
500KV-BYQ-001,2025-08-11 10:00:00,46.2,48.6
500KV-BYQ-002,2025-08-11 10:00:00,60.4,62.4
500KV-BYQ-003,2025-08-11 10:00:00,72.0,73
500KV-BYQ-001,2025-08-11 11:00:00,51.0,52.3
500KV-BYQ-002,2025-08-11 11:00:00,53.4,54.8
500KV-BYQ-003,2025-08-11 11:00:00,68.9,70.9
500KV-BYQ-001,2025-08-11 12:00:00,51.9,54.6
500KV-BYQ-002,2025-08-11 12:00:00,67.9,70.6
500KV-BYQ-003,2025-08-11 12:00:00,67.0,68.2
500KV-BYQ-001,2025-08-11 13:00:00,66.8,69.5
500KV-BYQ-002,2025-08-11 13:00:00,70.1,72.6
500KV-BYQ-003,2025-08-11 13:00:00,46.5,49.4
500KV-BYQ-001,2025-08-11 14:00:00,51.9,54.6
500KV-BYQ-002,2025-08-11 14:00:00,46.6,48.3
500KV-BYQ-003,2025-08-11 14:00:00,57.9,60.8
500KV-BYQ-001,2025-08-11 15:00:00,62.9,64.9
500KV-BYQ-002,2025-08-11 15:00:00,60.5,63.0
500KV-BYQ-003,2025-08-11 15:00:00,65.3,66.4
500KV-BYQ-001,2025-08-11 16:00:00,50.5,52.3
500KV-BYQ-002,2025-08-11 16:00:00,64.4,66.0
500KV-BYQ-003,2025-08-11 16:00:00,48.3,51.1
500KV-BYQ-001,2025-08-11 17:00:00,52.6,53.9
500KV-BYQ-002,2025-08-11 17:00:00,69.0,71.1
500KV-BYQ-003,2025-08-11 17:00:00,50.2,52.0
500KV-BYQ-001,2025-08-11 18:00:00,66.3,68.3
500KV-BYQ-002,2025-08-11 18:00:00,66.5,68.4
500KV-BYQ-003,2025-08-11 18:00:00,47.3,48.5
500KV-BYQ-001,2025-08-11 19:00:00,53.9,56.6
500KV-BYQ-002,2025-08-11 19:00:00,59.9,61.5
500KV-BYQ-003,2025-08-11 19:00:00,62.4,63.6
500KV-BYQ-001,2025-08-11 20:00:00,61.1,63.6
500KV-BYQ-002,2025-08-11 20:00:00,52.8,55.1
500KV-BYQ-003,2025-08-11 20:00:00,50.2,52.4
500KV-BYQ-001,2025-08-11 21:00:00,50.2,52.8
500KV-BYQ-002,2025-08-11 21:00:00,49.1,52.0
500KV-BYQ-003,2025-08-11 21:00:00,67.5,68.8
500KV-BYQ-001,2025-08-11 22:00:00,70.4,71.6
500KV-BYQ-002,2025-08-11 22:00:00,67.3,70.1
500KV-BYQ-003,2025-08-11 22:00:00,63.7,64.8
500KV-BYQ-001,2025-08-11 23:00:00,47.9,49.9
500KV-BYQ-002,2025-08-11 23:00:00,49.1,51.4
500KV-BYQ-003,2025-08-11 23:00:00,57.3,59.0
500KV-BYQ-001,2025-08-12 00:00:00,51.2,52.8
500KV-BYQ-002,2025-08-12 00:00:00,60.6,62.3
500KV-BYQ-003,2025-08-12 00:00:00,57.7,60.3
500KV-BYQ-001,2025-08-12 01:00:00,49.6,50.8
500KV-BYQ-002,2025-08-12 01:00:00,57.2,59.9
500KV-BYQ-003,2025-08-12 01:00:00,64.2,66.2
500KV-BYQ-001,2025-08-12 02:00:00,54.9,57.6
500KV-BYQ-002,2025-08-12 02:00:00,62.1,63.4
500KV-BYQ-003,2025-08-12 02:00:00,56.3,57.7
500KV-BYQ-001,2025-08-12 03:00:00,45.9,47.3
500KV-BYQ-002,2025-08-12 03:00:00,46.6,48.0
500KV-BYQ-003,2025-08-12 03:00:00,47.8,49.0
500KV-BYQ-001,2025-08-12 04:00:00,49.8,52.0
500KV-BYQ-002,2025-08-12 04:00:00,63.1,65.0
500KV-BYQ-003,2025-08-12 04:00:00,57.6,58.6
500KV-BYQ-001,2025-08-12 05:00:00,59.5,62.3
500KV-BYQ-002,2025-08-12 05:00:00,61.5,63.8
500KV-BYQ-003,2025-08-12 05:00:00,61.1,64.1
500KV-BYQ-001,2025-08-12 06:00:00,58.6,61.1
500KV-BYQ-002,2025-08-12 06:00:00,59.6,61.1
500KV-BYQ-003,2025-08-12 06:00:00,60.6,63.0
500KV-BYQ-001,2025-08-12 07:00:00,46.2,48.8
500KV-BYQ-002,2025-08-12 07:00:00,47.7,49.1
500KV-BYQ-003,2025-08-12 07:00:00,58.4,59.9
500KV-BYQ-001,2025-08-12 08:00:00,59.6,61.1
500KV-BYQ-002,2025-08-12 08:00:00,57.1,59.6
500KV-BYQ-003,2025-08-12 08:00:00,52.8,54.5
500KV-BYQ-001,2025-08-12 09:00:00,57.9,60.5
500KV-BYQ-002,2025-08-12 09:00:00,64.9,67.0
500KV-BYQ-003,2025-08-12 09:00:00,61.0,62.4
500KV-BYQ-001,2025-08-12 10:00:00,55.0,57.4
500KV-BYQ-002,2025-08-12 10:00:00,65.1,68.0
500KV-BYQ-003,2025-08-12 10:00:00,68.2,69.7
500KV-BYQ-001,2025-08-12 11:00:00,62.0,63.8
500KV-BYQ-002,2025-08-12 11:00:00,63.5,65.6
500KV-BYQ-003,2025-08-12 11:00:00,68.1,71.0
500KV-BYQ-001,2025-08-12 12:00:00,49.4,50.5
500KV-BYQ-002,2025-08-12 12:00:00,57.3,58.9
500KV-BYQ-003,2025-08-12 12:00:00,66.1,68.5
500KV-BYQ-001,2025-08-12 13:00:00,58.3,59.6
500KV-BYQ-002,2025-08-12 13:00:00,52.0,53.5
500KV-BYQ-003,2025-08-12 13:00:00,52.7,55.6
500KV-BYQ-001,2025-08-12 14:00:00,61.1,62.2
500KV-BYQ-002,2025-08-12 14:00:00,60.8,63.8
500KV-BYQ-003,2025-08-12 14:00:00,48.0,50.7
500KV-BYQ-001,2025-08-12 15:00:00,55.1,56.5
500KV-BYQ-002,2025-08-12 15:00:00,47.3,49.4
500KV-BYQ-003,2025-08-12 15:00:00,61.9,64.8
500KV-BYQ-001,2025-08-12 16:00:00,68.6,71.2
500KV-BYQ-002,2025-08-12 16:00:00,65.1,67.7
500KV-BYQ-003,2025-08-12 16:00:00,60.6,61.8
500KV-BYQ-001,2025-08-12 17:00:00,71.0,73
500KV-BYQ-002,2025-08-12 17:00:00,64.3,67.2
500KV-BYQ-003,2025-08-12 17:00:00,53.0,55.5
500KV-BYQ-001,2025-08-12 18:00:00,64.9,66.5
500KV-BYQ-002,2025-08-12 18:00:00,63.2,65.4
500KV-BYQ-003,2025-08-12 18:00:00,60.7,63.4
500KV-BYQ-001,2025-08-12 19:00:00,64.5,67.3
500KV-BYQ-002,2025-08-12 19:00:00,52.6,54.7
500KV-BYQ-003,2025-08-12 19:00:00,56.3,57.7
500KV-BYQ-001,2025-08-12 20:00:00,49.7,52.4
500KV-BYQ-002,2025-08-12 20:00:00,51.4,52.8
500KV-BYQ-003,2025-08-12 20:00:00,68.2,71.0
500KV-BYQ-001,2025-08-12 21:00:00,49.3,50.4
500KV-BYQ-002,2025-08-12 21:00:00,70.3,72.1
500KV-BYQ-003,2025-08-12 21:00:00,46.9,47.9
500KV-BYQ-001,2025-08-12 22:00:00,48.3,50.9
500KV-BYQ-002,2025-08-12 22:00:00,50.4,51.9
500KV-BYQ-003,2025-08-12 22:00:00,62.7,65.0
500KV-BYQ-001,2025-08-12 23:00:00,63.5,64.5
500KV-BYQ-002,2025-08-12 23:00:00,59.1,61.7
500KV-BYQ-003,2025-08-12 23:00:00,55.0,56.5
500KV-BYQ-001,2025-08-13 00:00:00,48.7,51.1
500KV-BYQ-002,2025-08-13 00:00:00,67.3,69.9
500KV-BYQ-003,2025-08-13 00:00:00,47.7,48.7
500KV-BYQ-001,2025-08-13 01:00:00,52.0,53.2
500KV-BYQ-002,2025-08-13 01:00:00,54.0,56.9
500KV-BYQ-003,2025-08-13 01:00:00,63.4,64.9
500KV-BYQ-001,2025-08-13 02:00:00,54.6,56.0
500KV-BYQ-002,2025-08-13 02:00:00,49.2,51.5
500KV-BYQ-003,2025-08-13 02:00:00,56.4,59.0
500KV-BYQ-001,2025-08-13 03:00:00,58.8,60.4
500KV-BYQ-002,2025-08-13 03:00:00,43.2,44.6
500KV-BYQ-003,2025-08-13 03:00:00,62.5,65.4
500KV-BYQ-001,2025-08-13 04:00:00,47.3,49.5
500KV-BYQ-002,2025-08-13 04:00:00,43.9,46.1
500KV-BYQ-003,2025-08-13 04:00:00,60.6,62.6
500KV-BYQ-001,2025-08-13 05:00:00,45.2,46.8
500KV-BYQ-002,2025-08-13 05:00:00,47.2,49.5
500KV-BYQ-003,2025-08-13 05:00:00,49.2,50.3
500KV-BYQ-001,2025-08-13 06:00:00,59.9,62.8
500KV-BYQ-002,2025-08-13 06:00:00,58.1,60.9
500KV-BYQ-003,2025-08-13 06:00:00,51.3,53.7
500KV-BYQ-001,2025-08-13 07:00:00,56.0,58.6
500KV-BYQ-002,2025-08-13 07:00:00,54.5,56.2
500KV-BYQ-003,2025-08-13 07:00:00,48.6,49.7
500KV-BYQ-001,2025-08-13 08:00:00,62.7,65.0
500KV-BYQ-002,2025-08-13 08:00:00,54.3,56.3
500KV-BYQ-003,2025-08-13 08:00:00,65.0,67.2
500KV-BYQ-001,2025-08-13 09:00:00,52.4,53.7
500KV-BYQ-002,2025-08-13 09:00:00,48.9,50.9
500KV-BYQ-003,2025-08-13 09:00:00,65.4,66.9
500KV-BYQ-001,2025-08-13 10:00:00,69.7,72.0
500KV-BYQ-002,2025-08-13 10:00:00,50.2,51.3
500KV-BYQ-003,2025-08-13 10:00:00,67.3,69.7
500KV-BYQ-001,2025-08-13 11:00:00,62.3,64.5
500KV-BYQ-002,2025-08-13 11:00:00,62.5,63.6
500KV-BYQ-003,2025-08-13 11:00:00,49.9,51.8
500KV-BYQ-001,2025-08-13 12:00:00,68.4,70.0
500KV-BYQ-002,2025-08-13 12:00:00,68.1,69.4
500KV-BYQ-003,2025-08-13 12:00:00,53.6,55.7
500KV-BYQ-001,2025-08-13 13:00:00,52.6,54.5
500KV-BYQ-002,2025-08-13 13:00:00,46.0,47.3
500KV-BYQ-003,2025-08-13 13:00:00,51.3,53.4
500KV-BYQ-001,2025-08-13 14:00:00,60.5,62.3
500KV-BYQ-002,2025-08-13 14:00:00,53.8,56.2
500KV-BYQ-003,2025-08-13 14:00:00,49.4,50.8
500KV-BYQ-001,2025-08-13 15:00:00,57.0,59.6
500KV-BYQ-002,2025-08-13 15:00:00,52.7,54.5
500KV-BYQ-003,2025-08-13 15:00:00,55.3,56.5
500KV-BYQ-001,2025-08-13 16:00:00,57.7,58.7
500KV-BYQ-002,2025-08-13 16:00:00,69.9,72.5
500KV-BYQ-003,2025-08-13 16:00:00,55.1,57.6
500KV-BYQ-001,2025-08-13 17:00:00,52.7,53.8
500KV-BYQ-002,2025-08-13 17:00:00,71.2,72.2
500KV-BYQ-003,2025-08-13 17:00:00,63.1,65.4
500KV-BYQ-001,2025-08-13 18:00:00,68.5,71.1
500KV-BYQ-002,2025-08-13 18:00:00,52.5,55.4
500KV-BYQ-003,2025-08-13 18:00:00,57.5,60.4
500KV-BYQ-001,2025-08-13 19:00:00,48.2,50.8
500KV-BYQ-002,2025-08-13 19:00:00,52.2,55.1
500KV-BYQ-003,2025-08-13 19:00:00,61.0,62.9
500KV-BYQ-001,2025-08-13 20:00:00,62.4,64.4
500KV-BYQ-002,2025-08-13 20:00:00,56.0,58.9
500KV-BYQ-003,2025-08-13 20:00:00,59.4,62.1
500KV-BYQ-001,2025-08-13 21:00:00,60.3,61.9
500KV-BYQ-002,2025-08-13 21:00:00,55.7,57.7
500KV-BYQ-003,2025-08-13 21:00:00,53.9,55.1
500KV-BYQ-001,2025-08-13 22:00:00,55.4,56.4
500KV-BYQ-002,2025-08-13 22:00:00,58.4,60.1
500KV-BYQ-003,2025-08-13 22:00:00,53.5,56.3
500KV-BYQ-001,2025-08-13 23:00:00,57.8,58.8
500KV-BYQ-002,2025-08-13 23:00:00,59.8,62.1
500KV-BYQ-003,2025-08-13 23:00:00,61.4,63.5
500KV-BYQ-001,2025-08-14 00:00:00,42.3,44.7
500KV-BYQ-002,2025-08-14 00:00:00,63.5,66.0
500KV-BYQ-003,2025-08-14 00:00:00,63.6,65.3
500KV-BYQ-001,2025-08-14 01:00:00,53.3,54.9
500KV-BYQ-002,2025-08-14 01:00:00,64.1,67.0
500KV-BYQ-003,2025-08-14 01:00:00,47.2,49.1
500KV-BYQ-001,2025-08-14 02:00:00,61.2,64.2
500KV-BYQ-002,2025-08-14 02:00:00,51.9,53.3
500KV-BYQ-003,2025-08-14 02:00:00,66.2,67.6
500KV-BYQ-001,2025-08-14 03:00:00,60.2,61.4
500KV-BYQ-002,2025-08-14 03:00:00,45.6,47.8
500KV-BYQ-003,2025-08-14 03:00:00,52.4,53.9
500KV-BYQ-001,2025-08-14 04:00:00,63.7,64.8
500KV-BYQ-002,2025-08-14 04:00:00,52.9,55.3
500KV-BYQ-003,2025-08-14 04:00:00,60.4,63.1
500KV-BYQ-001,2025-08-14 05:00:00,59.0,60.5
500KV-BYQ-002,2025-08-14 05:00:00,65.2,68.2
500KV-BYQ-003,2025-08-14 05:00:00,45.3,47.9
500KV-BYQ-001,2025-08-14 06:00:00,60.5,62.5
500KV-BYQ-002,2025-08-14 06:00:00,50.0,51.5
500KV-BYQ-003,2025-08-14 06:00:00,45.5,48.3
500KV-BYQ-001,2025-08-14 07:00:00,63.0,65.7
500KV-BYQ-002,2025-08-14 07:00:00,64.6,66.2
500KV-BYQ-003,2025-08-14 07:00:00,61.8,64.2
500KV-BYQ-001,2025-08-14 08:00:00,52.2,54.8
500KV-BYQ-002,2025-08-14 08:00:00,62.5,65.1
500KV-BYQ-003,2025-08-14 08:00:00,61.3,63.1
500KV-BYQ-001,2025-08-14 09:00:00,69.1,71.7
500KV-BYQ-002,2025-08-14 09:00:00,56.5,57.8
500KV-BYQ-003,2025-08-14 09:00:00,62.8,64.0
500KV-BYQ-001,2025-08-14 10:00:00,55.3,56.4
500KV-BYQ-002,2025-08-14 10:00:00,70.3,71.9
500KV-BYQ-003,2025-08-14 10:00:00,60.6,63.6
500KV-BYQ-001,2025-08-14 11:00:00,62.1,63.8
500KV-BYQ-002,2025-08-14 11:00:00,61.8,63.1
500KV-BYQ-003,2025-08-14 11:00:00,63.8,66.7
500KV-BYQ-001,2025-08-14 12:00:00,53.6,55.7
500KV-BYQ-002,2025-08-14 12:00:00,66.7,69.2
500KV-BYQ-003,2025-08-14 12:00:00,46.8,48.0
500KV-BYQ-001,2025-08-14 13:00:00,49.4,52.2
500KV-BYQ-002,2025-08-14 13:00:00,51.7,54.3
500KV-BYQ-003,2025-08-14 13:00:00,60.8,63.1
500KV-BYQ-001,2025-08-14 14:00:00,53.1,55.1
500KV-BYQ-002,2025-08-14 14:00:00,61.1,62.5
500KV-BYQ-003,2025-08-14 14:00:00,49.9,51.6
500KV-BYQ-001,2025-08-14 15:00:00,49.3,52.2
500KV-BYQ-002,2025-08-14 15:00:00,46.8,48.2
500KV-BYQ-003,2025-08-14 15:00:00,56.3,57.5
500KV-BYQ-001,2025-08-14 16:00:00,68.3,70.0
500KV-BYQ-002,2025-08-14 16:00:00,58.6,60.5
500KV-BYQ-003,2025-08-14 16:00:00,57.0,58.1
500KV-BYQ-001,2025-08-14 17:00:00,57.4,59.4
500KV-BYQ-002,2025-08-14 17:00:00,55.2,57.8
500KV-BYQ-003,2025-08-14 17:00:00,66.3,69.2
500KV-BYQ-001,2025-08-14 18:00:00,64.3,66.2
500KV-BYQ-002,2025-08-14 18:00:00,63.3,65.2
500KV-BYQ-003,2025-08-14 18:00:00,57.1,60.1
500KV-BYQ-001,2025-08-14 19:00:00,53.5,56.5
500KV-BYQ-002,2025-08-14 19:00:00,60.6,61.7
500KV-BYQ-003,2025-08-14 19:00:00,68.2,71.1
500KV-BYQ-001,2025-08-14 20:00:00,47.4,50.3
500KV-BYQ-002,2025-08-14 20:00:00,45.5,46.8
500KV-BYQ-003,2025-08-14 20:00:00,51.1,53.9
500KV-BYQ-001,2025-08-14 21:00:00,54.8,57.6
500KV-BYQ-002,2025-08-14 21:00:00,61.5,64.0
500KV-BYQ-003,2025-08-14 21:00:00,69.0,70.6
500KV-BYQ-001,2025-08-14 22:00:00,67.0,69.3
500KV-BYQ-002,2025-08-14 22:00:00,65.4,67.8
500KV-BYQ-003,2025-08-14 22:00:00,65.8,68.8
500KV-BYQ-001,2025-08-14 23:00:00,50.3,52.7
500KV-BYQ-002,2025-08-14 23:00:00,47.0,48.5
500KV-BYQ-003,2025-08-14 23:00:00,49.0,50.4
500KV-BYQ-001,2025-08-15 00:00:00,51.2,53.3
500KV-BYQ-002,2025-08-15 00:00:00,60.7,63.2
500KV-BYQ-003,2025-08-15 00:00:00,51.7,53.8
500KV-BYQ-001,2025-08-15 01:00:00,58.6,60.1
500KV-BYQ-002,2025-08-15 01:00:00,51.9,54.8
500KV-BYQ-003,2025-08-15 01:00:00,51.9,54.0
500KV-BYQ-001,2025-08-15 02:00:00,59.7,61.0
500KV-BYQ-002,2025-08-15 02:00:00,42.9,44.7
500KV-BYQ-003,2025-08-15 02:00:00,51.5,52.6
500KV-BYQ-001,2025-08-15 03:00:00,66.5,68.8
500KV-BYQ-002,2025-08-15 03:00:00,48.3,50.9
500KV-BYQ-003,2025-08-15 03:00:00,54.8,56.2
500KV-BYQ-001,2025-08-15 04:00:00,56.2,57.5
500KV-BYQ-002,2025-08-15 04:00:00,60.8,62.7
500KV-BYQ-003,2025-08-15 04:00:00,48.8,51.3
500KV-BYQ-001,2025-08-15 05:00:00,61.9,64.5
500KV-BYQ-002,2025-08-15 05:00:00,53.8,56.7
500KV-BYQ-003,2025-08-15 05:00:00,64.9,66.3
500KV-BYQ-001,2025-08-15 06:00:00,48.6,50.7
500KV-BYQ-002,2025-08-15 06:00:00,50.1,52.7
500KV-BYQ-003,2025-08-15 06:00:00,59.5,62.2
500KV-BYQ-001,2025-08-15 07:00:00,64.6,67.4
500KV-BYQ-002,2025-08-15 07:00:00,59.9,62.7
500KV-BYQ-003,2025-08-15 07:00:00,56.4,58.0
500KV-BYQ-001,2025-08-15 08:00:00,71.6,72.7
500KV-BYQ-002,2025-08-15 08:00:00,59.9,60.9
500KV-BYQ-003,2025-08-15 08:00:00,71.1,72.8
500KV-BYQ-001,2025-08-15 09:00:00,63.5,65.2
500KV-BYQ-002,2025-08-15 09:00:00,50.6,52.6
500KV-BYQ-003,2025-08-15 09:00:00,62.9,64.0
500KV-BYQ-001,2025-08-15 10:00:00,58.3,61.0
500KV-BYQ-002,2025-08-15 10:00:00,53.5,54.7
500KV-BYQ-003,2025-08-15 10:00:00,50.3,51.6
500KV-BYQ-001,2025-08-15 11:00:00,57.3,58.5
500KV-BYQ-002,2025-08-15 11:00:00,54.3,56.8
500KV-BYQ-003,2025-08-15 11:00:00,59.6,61.7
500KV-BYQ-001,2025-08-15 12:00:00,57.4,60.3
500KV-BYQ-002,2025-08-15 12:00:00,68.5,70.0
500KV-BYQ-003,2025-08-15 12:00:00,56.0,57.2
500KV-BYQ-001,2025-08-15 13:00:00,55.3,57.6
500KV-BYQ-002,2025-08-15 13:00:00,64.4,65.4
500KV-BYQ-003,2025-08-15 13:00:00,66.3,68.3
500KV-BYQ-001,2025-08-15 14:00:00,60.4,61.5
500KV-BYQ-002,2025-08-15 14:00:00,70.8,72.2
500KV-BYQ-003,2025-08-15 14:00:00,55.1,56.9
500KV-BYQ-001,2025-08-15 15:00:00,59.6,60.9
500KV-BYQ-002,2025-08-15 15:00:00,53.7,55.6
500KV-BYQ-003,2025-08-15 15:00:00,55.3,58.1
500KV-BYQ-001,2025-08-15 16:00:00,50.3,52.5
500KV-BYQ-002,2025-08-15 16:00:00,48.7,50.1
500KV-BYQ-003,2025-08-15 16:00:00,53.5,56.2
500KV-BYQ-001,2025-08-15 17:00:00,61.6,64.1
500KV-BYQ-002,2025-08-15 17:00:00,65.4,67.6
500KV-BYQ-003,2025-08-15 17:00:00,53.7,55.9
500KV-BYQ-001,2025-08-15 18:00:00,59.9,62.9
500KV-BYQ-002,2025-08-15 18:00:00,70.1,71.3
500KV-BYQ-003,2025-08-15 18:00:00,54.9,57.0
500KV-BYQ-001,2025-08-15 19:00:00,59.1,61.4
500KV-BYQ-002,2025-08-15 19:00:00,66.9,68.1
500KV-BYQ-003,2025-08-15 19:00:00,68.8,69.8
500KV-BYQ-001,2025-08-15 20:00:00,59.5,62.2
500KV-BYQ-002,2025-08-15 20:00:00,63.1,65.7
500KV-BYQ-003,2025-08-15 20:00:00,60.7,62.9
500KV-BYQ-001,2025-08-15 21:00:00,50.2,53.1
500KV-BYQ-002,2025-08-15 21:00:00,62.2,63.4
500KV-BYQ-003,2025-08-15 21:00:00,66.1,67.5
500KV-BYQ-001,2025-08-15 22:00:00,64.8,66.7
500KV-BYQ-002,2025-08-15 22:00:00,55.8,58.7
500KV-BYQ-003,2025-08-15 22:00:00,49.2,51.0
500KV-BYQ-001,2025-08-15 23:00:00,55.7,57.9
500KV-BYQ-002,2025-08-15 23:00:00,52.6,55.6
500KV-BYQ-003,2025-08-15 23:00:00,44.9,46.9
500KV-BYQ-001,2025-08-16 00:00:00,61.9,63.2
500KV-BYQ-002,2025-08-16 00:00:00,60.9,63.8
500KV-BYQ-003,2025-08-16 00:00:00,66.0,67.9
500KV-BYQ-001,2025-08-16 01:00:00,60.2,62.6
500KV-BYQ-002,2025-08-16 01:00:00,56.0,58.6
500KV-BYQ-003,2025-08-16 01:00:00,52.9,55.5
500KV-BYQ-001,2025-08-16 02:00:00,42.1,43.7
500KV-BYQ-002,2025-08-16 02:00:00,59.1,60.5
500KV-BYQ-003,2025-08-16 02:00:00,50.3,51.5
500KV-BYQ-001,2025-08-16 03:00:00,49.8,51.1
500KV-BYQ-002,2025-08-16 03:00:00,57.4,59.8
500KV-BYQ-003,2025-08-16 03:00:00,47.1,48.5
500KV-BYQ-001,2025-08-16 04:00:00,45.4,47.7
500KV-BYQ-002,2025-08-16 04:00:00,54.3,55.5
500KV-BYQ-003,2025-08-16 04:00:00,49.3,51.4
500KV-BYQ-001,2025-08-16 05:00:00,50.7,51.7
500KV-BYQ-002,2025-08-16 05:00:00,46.2,48.4
500KV-BYQ-003,2025-08-16 05:00:00,63.5,66.0
500KV-BYQ-001,2025-08-16 06:00:00,43.3,44.7
500KV-BYQ-002,2025-08-16 06:00:00,53.3,55.8
500KV-BYQ-003,2025-08-16 06:00:00,51.0,52.0
500KV-BYQ-001,2025-08-16 07:00:00,54.9,56.3
500KV-BYQ-002,2025-08-16 07:00:00,61.0,62.0
500KV-BYQ-003,2025-08-16 07:00:00,48.9,51.2
500KV-BYQ-001,2025-08-16 08:00:00,53.4,54.7
500KV-BYQ-002,2025-08-16 08:00:00,53.3,55.5
500KV-BYQ-003,2025-08-16 08:00:00,64.4,66.5
500KV-BYQ-001,2025-08-16 09:00:00,61.2,63.2
500KV-BYQ-002,2025-08-16 09:00:00,64.5,67.4
500KV-BYQ-003,2025-08-16 09:00:00,60.7,61.7
500KV-BYQ-001,2025-08-16 10:00:00,71.3,73
500KV-BYQ-002,2025-08-16 10:00:00,52.4,54.0
500KV-BYQ-003,2025-08-16 10:00:00,57.5,60.4
500KV-BYQ-001,2025-08-16 11:00:00,57.7,59.3
500KV-BYQ-002,2025-08-16 11:00:00,55.1,56.1
500KV-BYQ-003,2025-08-16 11:00:00,59.2,61.7
500KV-BYQ-001,2025-08-16 12:00:00,54.8,55.9
500KV-BYQ-002,2025-08-16 12:00:00,54.8,57.0
500KV-BYQ-003,2025-08-16 12:00:00,70.2,71.7
500KV-BYQ-001,2025-08-16 13:00:00,69.4,70.6
500KV-BYQ-002,2025-08-16 13:00:00,57.9,59.9
500KV-BYQ-003,2025-08-16 13:00:00,49.9,51.6
500KV-BYQ-001,2025-08-16 14:00:00,56.4,59.0
500KV-BYQ-002,2025-08-16 14:00:00,57.8,59.1
500KV-BYQ-003,2025-08-16 14:00:00,54.3,56.2
500KV-BYQ-001,2025-08-16 15:00:00,47.7,49.5
500KV-BYQ-002,2025-08-16 15:00:00,53.7,56.5
500KV-BYQ-003,2025-08-16 15:00:00,65.1,67.2
500KV-BYQ-001,2025-08-16 16:00:00,49.8,52.6
500KV-BYQ-002,2025-08-16 16:00:00,65.9,68.4
500KV-BYQ-003,2025-08-16 16:00:00,56.0,57.6
500KV-BYQ-001,2025-08-16 17:00:00,67.8,70.6
500KV-BYQ-002,2025-08-16 17:00:00,53.0,55.7
500KV-BYQ-003,2025-08-16 17:00:00,52.4,55.1
500KV-BYQ-001,2025-08-16 18:00:00,53.0,54.8
500KV-BYQ-002,2025-08-16 18:00:00,69.3,72.2
500KV-BYQ-003,2025-08-16 18:00:00,60.8,63.6
500KV-BYQ-001,2025-08-16 19:00:00,66.4,68.4
500KV-BYQ-002,2025-08-16 19:00:00,63.2,65.8
500KV-BYQ-003,2025-08-16 19:00:00,64.3,66.6
500KV-BYQ-001,2025-08-16 20:00:00,67.3,69.3
500KV-BYQ-002,2025-08-16 20:00:00,53.3,55.9
500KV-BYQ-003,2025-08-16 20:00:00,53.4,56.2
500KV-BYQ-001,2025-08-16 21:00:00,64.7,67.6
500KV-BYQ-002,2025-08-16 21:00:00,50.0,51.7
500KV-BYQ-003,2025-08-16 21:00:00,48.9,51.8
500KV-BYQ-001,2025-08-16 22:00:00,49.4,50.8
500KV-BYQ-002,2025-08-16 22:00:00,70.2,72.8
500KV-BYQ-003,2025-08-16 22:00:00,50.9,53.1
500KV-BYQ-001,2025-08-16 23:00:00,45.8,46.8
500KV-BYQ-002,2025-08-16 23:00:00,50.9,53.2
500KV-BYQ-003,2025-08-16 23:00:00,46.1,48.0
500KV-BYQ-001,2025-08-17 00:00:00,61.1,63.0
500KV-BYQ-002,2025-08-17 00:00:00,60.1,61.9
500KV-BYQ-003,2025-08-17 00:00:00,58.7,59.7
500KV-BYQ-001,2025-08-17 01:00:00,62.1,63.6
500KV-BYQ-002,2025-08-17 01:00:00,53.5,55.3
500KV-BYQ-003,2025-08-17 01:00:00,59.5,61.1
500KV-BYQ-001,2025-08-17 02:00:00,49.1,51.7
500KV-BYQ-002,2025-08-17 02:00:00,43.8,46.5
500KV-BYQ-003,2025-08-17 02:00:00,55.4,57.1
500KV-BYQ-001,2025-08-17 03:00:00,66.5,69.4
500KV-BYQ-002,2025-08-17 03:00:00,61.4,64.1
500KV-BYQ-003,2025-08-17 03:00:00,44.8,46.4
500KV-BYQ-001,2025-08-17 04:00:00,47.1,48.4
500KV-BYQ-002,2025-08-17 04:00:00,62.5,63.9
500KV-BYQ-003,2025-08-17 04:00:00,45.3,46.4
500KV-BYQ-001,2025-08-17 05:00:00,45.1,47.0
500KV-BYQ-002,2025-08-17 05:00:00,64.1,66.7
500KV-BYQ-003,2025-08-17 05:00:00,47.5,49.0
500KV-BYQ-001,2025-08-17 06:00:00,62.8,64.1
500KV-BYQ-002,2025-08-17 06:00:00,55.9,58.3
500KV-BYQ-003,2025-08-17 06:00:00,65.7,68.3
500KV-BYQ-001,2025-08-17 07:00:00,47.8,49.0
500KV-BYQ-002,2025-08-17 07:00:00,49.9,51.3
500KV-BYQ-003,2025-08-17 07:00:00,53.8,56.2
500KV-BYQ-001,2025-08-17 08:00:00,68.7,70.9
500KV-BYQ-002,2025-08-17 08:00:00,63.2,65.2
500KV-BYQ-003,2025-08-17 08:00:00,69.4,72.3
500KV-BYQ-001,2025-08-17 09:00:00,50.3,51.6
500KV-BYQ-002,2025-08-17 09:00:00,63.3,65.8
500KV-BYQ-003,2025-08-17 09:00:00,62.9,65.7
500KV-BYQ-001,2025-08-17 10:00:00,62.5,64.1
500KV-BYQ-002,2025-08-17 10:00:00,65.6,67.3
500KV-BYQ-003,2025-08-17 10:00:00,50.9,52.1
500KV-BYQ-001,2025-08-17 11:00:00,69.5,71.7
500KV-BYQ-002,2025-08-17 11:00:00,52.3,54.1
500KV-BYQ-003,2025-08-17 11:00:00,65.7,68.3
500KV-BYQ-001,2025-08-17 12:00:00,62.9,64.2
500KV-BYQ-002,2025-08-17 12:00:00,47.2,49.4
500KV-BYQ-003,2025-08-17 12:00:00,50.1,52.7
500KV-BYQ-001,2025-08-17 13:00:00,58.9,60.9
500KV-BYQ-002,2025-08-17 13:00:00,63.4,66.3
500KV-BYQ-003,2025-08-17 13:00:00,48.0,50.5
500KV-BYQ-001,2025-08-17 14:00:00,60.4,61.7
500KV-BYQ-002,2025-08-17 14:00:00,50.6,52.5
500KV-BYQ-003,2025-08-17 14:00:00,57.8,59.0
500KV-BYQ-001,2025-08-17 15:00:00,64.9,66.9
500KV-BYQ-002,2025-08-17 15:00:00,59.4,61.2
500KV-BYQ-003,2025-08-17 15:00:00,63.3,64.8
500KV-BYQ-001,2025-08-17 16:00:00,63.3,66.1
500KV-BYQ-002,2025-08-17 16:00:00,49.1,50.8
500KV-BYQ-003,2025-08-17 16:00:00,68.6,71.3
500KV-BYQ-001,2025-08-17 17:00:00,58.7,60.2
500KV-BYQ-002,2025-08-17 17:00:00,54.4,57.4
500KV-BYQ-003,2025-08-17 17:00:00,62.9,64.7
500KV-BYQ-001,2025-08-17 18:00:00,52.9,54.2
500KV-BYQ-002,2025-08-17 18:00:00,48.4,50.3
500KV-BYQ-003,2025-08-17 18:00:00,59.0,61.3
500KV-BYQ-001,2025-08-17 19:00:00,63.0,64.8
500KV-BYQ-002,2025-08-17 19:00:00,62.7,65.6
500KV-BYQ-003,2025-08-17 19:00:00,70.6,71.8
500KV-BYQ-001,2025-08-17 20:00:00,66.4,69.3
500KV-BYQ-002,2025-08-17 20:00:00,56.7,59.3
500KV-BYQ-003,2025-08-17 20:00:00,54.3,55.6
500KV-BYQ-001,2025-08-17 21:00:00,57.4,60.2
500KV-BYQ-002,2025-08-17 21:00:00,63.6,66.5
500KV-BYQ-003,2025-08-17 21:00:00,47.1,48.5
500KV-BYQ-001,2025-08-17 22:00:00,62.9,64.6
500KV-BYQ-002,2025-08-17 22:00:00,50.2,51.4
500KV-BYQ-003,2025-08-17 22:00:00,56.4,59.0
500KV-BYQ-001,2025-08-17 23:00:00,61.6,62.6
500KV-BYQ-002,2025-08-17 23:00:00,63.0,64.0
500KV-BYQ-003,2025-08-17 23:00:00,58.9,61.2
500KV-BYQ-001,2025-08-18 00:00:00,47.3,49.2
500KV-BYQ-002,2025-08-18 00:00:00,49.8,52.8
500KV-BYQ-003,2025-08-18 00:00:00,49.2,50.4
500KV-BYQ-001,2025-08-18 01:00:00,43.4,46.3
500KV-BYQ-002,2025-08-18 01:00:00,42.5,45.4
500KV-BYQ-003,2025-08-18 01:00:00,43.3,45.5
500KV-BYQ-001,2025-08-18 02:00:00,44.0,45.2
500KV-BYQ-002,2025-08-18 02:00:00,57.7,60.0
500KV-BYQ-003,2025-08-18 02:00:00,54.9,57.8
500KV-BYQ-001,2025-08-18 03:00:00,63.2,65.2
500KV-BYQ-002,2025-08-18 03:00:00,51.9,53.7
500KV-BYQ-003,2025-08-18 03:00:00,63.6,65.8
500KV-BYQ-001,2025-08-18 04:00:00,47.2,48.4
500KV-BYQ-002,2025-08-18 04:00:00,43.5,45.4
500KV-BYQ-003,2025-08-18 04:00:00,61.8,64.5
500KV-BYQ-001,2025-08-18 05:00:00,62.2,64.1
500KV-BYQ-002,2025-08-18 05:00:00,50.0,52.1
500KV-BYQ-003,2025-08-18 05:00:00,48.1,49.8
500KV-BYQ-001,2025-08-18 06:00:00,62.4,64.7
500KV-BYQ-002,2025-08-18 06:00:00,47.5,50.1
500KV-BYQ-003,2025-08-18 06:00:00,63.9,65.9
500KV-BYQ-001,2025-08-18 07:00:00,46.4,47.8
500KV-BYQ-002,2025-08-18 07:00:00,57.1,59.2
500KV-BYQ-003,2025-08-18 07:00:00,58.1,60.9
500KV-BYQ-001,2025-08-18 08:00:00,58.5,61.3
500KV-BYQ-002,2025-08-18 08:00:00,49.9,52.2
500KV-BYQ-003,2025-08-18 08:00:00,63.0,64.1
500KV-BYQ-001,2025-08-18 09:00:00,48.2,50.4
500KV-BYQ-002,2025-08-18 09:00:00,48.7,50.3
500KV-BYQ-003,2025-08-18 09:00:00,63.1,65.8
500KV-BYQ-001,2025-08-18 10:00:00,59.8,61.4
500KV-BYQ-002,2025-08-18 10:00:00,56.1,58.3
500KV-BYQ-003,2025-08-18 10:00:00,54.1,55.4
500KV-BYQ-001,2025-08-18 11:00:00,57.4,60.1
500KV-BYQ-002,2025-08-18 11:00:00,63.6,65.1
500KV-BYQ-003,2025-08-18 11:00:00,53.4,55.2
500KV-BYQ-001,2025-08-18 12:00:00,59.1,60.3
500KV-BYQ-002,2025-08-18 12:00:00,49.1,52.0
500KV-BYQ-003,2025-08-18 12:00:00,57.3,58.6
500KV-BYQ-001,2025-08-18 13:00:00,67.1,68.6
500KV-BYQ-002,2025-08-18 13:00:00,50.4,52.6
500KV-BYQ-003,2025-08-18 13:00:00,67.1,68.2
500KV-BYQ-001,2025-08-18 14:00:00,56.5,58.3
500KV-BYQ-002,2025-08-18 14:00:00,67.0,69.1
500KV-BYQ-003,2025-08-18 14:00:00,68.8,71.7
500KV-BYQ-001,2025-08-18 15:00:00,68.0,70.6
500KV-BYQ-002,2025-08-18 15:00:00,63.6,65.7
500KV-BYQ-003,2025-08-18 15:00:00,62.4,63.6
500KV-BYQ-001,2025-08-18 16:00:00,66.2,69.0
500KV-BYQ-002,2025-08-18 16:00:00,55.2,58.1
500KV-BYQ-003,2025-08-18 16:00:00,57.4,59.4
500KV-BYQ-001,2025-08-18 17:00:00,67.3,70.1
500KV-BYQ-002,2025-08-18 17:00:00,48.6,49.8
500KV-BYQ-003,2025-08-18 17:00:00,54.1,56.5
500KV-BYQ-001,2025-08-18 18:00:00,54.3,56.9
500KV-BYQ-002,2025-08-18 18:00:00,64.0,66.6
500KV-BYQ-003,2025-08-18 18:00:00,65.3,67.6
500KV-BYQ-001,2025-08-18 19:00:00,58.5,60.9
500KV-BYQ-002,2025-08-18 19:00:00,70.4,71.5
500KV-BYQ-003,2025-08-18 19:00:00,63.5,64.8
500KV-BYQ-001,2025-08-18 20:00:00,56.5,58.8
500KV-BYQ-002,2025-08-18 20:00:00,46.1,47.3
500KV-BYQ-003,2025-08-18 20:00:00,55.5,58.3
500KV-BYQ-001,2025-08-18 21:00:00,51.9,53.6
500KV-BYQ-002,2025-08-18 21:00:00,63.5,65.6
500KV-BYQ-003,2025-08-18 21:00:00,67.1,68.4
500KV-BYQ-001,2025-08-18 22:00:00,65.6,68.5
500KV-BYQ-002,2025-08-18 22:00:00,49.9,52.4
500KV-BYQ-003,2025-08-18 22:00:00,60.4,63.4
500KV-BYQ-001,2025-08-18 23:00:00,62.4,65.2
500KV-BYQ-002,2025-08-18 23:00:00,64.6,67.0
500KV-BYQ-003,2025-08-18 23:00:00,45.1,46.1
500KV-BYQ-001,2025-08-19 00:00:00,57.9,60.4
500KV-BYQ-002,2025-08-19 00:00:00,65.3,67.6
500KV-BYQ-003,2025-08-19 00:00:00,64.2,65.4
500KV-BYQ-001,2025-08-19 01:00:00,59.2,61.6
500KV-BYQ-002,2025-08-19 01:00:00,51.8,53.2
500KV-BYQ-003,2025-08-19 01:00:00,43.7,46.3
500KV-BYQ-001,2025-08-19 02:00:00,61.7,63.0
500KV-BYQ-002,2025-08-19 02:00:00,46.3,48.4
500KV-BYQ-003,2025-08-19 02:00:00,46.5,48.7
500KV-BYQ-001,2025-08-19 03:00:00,61.5,62.7
500KV-BYQ-002,2025-08-19 03:00:00,52.3,53.3
500KV-BYQ-003,2025-08-19 03:00:00,56.1,57.6
500KV-BYQ-001,2025-08-19 04:00:00,63.9,66.2
500KV-BYQ-002,2025-08-19 04:00:00,58.9,60.8
500KV-BYQ-003,2025-08-19 04:00:00,57.6,58.7
500KV-BYQ-001,2025-08-19 05:00:00,54.7,56.7
500KV-BYQ-002,2025-08-19 05:00:00,59.4,60.8
500KV-BYQ-003,2025-08-19 05:00:00,56.5,58.6
500KV-BYQ-001,2025-08-19 06:00:00,57.0,58.1
500KV-BYQ-002,2025-08-19 06:00:00,60.4,62.6
500KV-BYQ-003,2025-08-19 06:00:00,43.2,45.6
500KV-BYQ-001,2025-08-19 07:00:00,64.5,65.6
500KV-BYQ-002,2025-08-19 07:00:00,53.7,55.1
500KV-BYQ-003,2025-08-19 07:00:00,60.8,63.1
500KV-BYQ-001,2025-08-19 08:00:00,59.8,62.1
500KV-BYQ-002,2025-08-19 08:00:00,52.5,53.6
500KV-BYQ-003,2025-08-19 08:00:00,68.8,69.9
500KV-BYQ-001,2025-08-19 09:00:00,57.9,59.2
500KV-BYQ-002,2025-08-19 09:00:00,62.4,64.6
500KV-BYQ-003,2025-08-19 09:00:00,49.0,50.2
500KV-BYQ-001,2025-08-19 10:00:00,67.5,70.4
500KV-BYQ-002,2025-08-19 10:00:00,50.5,52.6
500KV-BYQ-003,2025-08-19 10:00:00,64.4,66.2
500KV-BYQ-001,2025-08-19 11:00:00,56.0,57.5
500KV-BYQ-002,2025-08-19 11:00:00,55.1,58.1
500KV-BYQ-003,2025-08-19 11:00:00,51.5,52.6
500KV-BYQ-001,2025-08-19 12:00:00,56.4,58.8
500KV-BYQ-002,2025-08-19 12:00:00,58.0,60.8
500KV-BYQ-003,2025-08-19 12:00:00,59.3,61.0
500KV-BYQ-001,2025-08-19 13:00:00,71.6,73
500KV-BYQ-002,2025-08-19 13:00:00,55.0,56.1
500KV-BYQ-003,2025-08-19 13:00:00,61.5,63.3
500KV-BYQ-001,2025-08-19 14:00:00,71.2,73
500KV-BYQ-002,2025-08-19 14:00:00,51.8,54.7
500KV-BYQ-003,2025-08-19 14:00:00,55.7,58.2
500KV-BYQ-001,2025-08-19 15:00:00,49.7,52.3
500KV-BYQ-002,2025-08-19 15:00:00,65.7,67.7
500KV-BYQ-003,2025-08-19 15:00:00,63.9,65.2
500KV-BYQ-001,2025-08-19 16:00:00,51.4,52.4
500KV-BYQ-002,2025-08-19 16:00:00,57.9,58.9
500KV-BYQ-003,2025-08-19 16:00:00,65.6,68.1
500KV-BYQ-001,2025-08-19 17:00:00,68.7,70.8
500KV-BYQ-002,2025-08-19 17:00:00,62.2,63.4
500KV-BYQ-003,2025-08-19 17:00:00,52.3,54.4
500KV-BYQ-001,2025-08-19 18:00:00,49.7,51.0
500KV-BYQ-002,2025-08-19 18:00:00,63.0,65.2
500KV-BYQ-003,2025-08-19 18:00:00,64.2,67.1
500KV-BYQ-001,2025-08-19 19:00:00,55.2,56.2
500KV-BYQ-002,2025-08-19 19:00:00,52.5,55.2
500KV-BYQ-003,2025-08-19 19:00:00,65.1,66.8
500KV-BYQ-001,2025-08-19 20:00:00,47.3,48.7
500KV-BYQ-002,2025-08-19 20:00:00,53.9,55.3
500KV-BYQ-003,2025-08-19 20:00:00,47.2,49.9
500KV-BYQ-001,2025-08-19 21:00:00,59.6,61.6
500KV-BYQ-002,2025-08-19 21:00:00,46.7,49.6
500KV-BYQ-003,2025-08-19 21:00:00,60.7,63.4
500KV-BYQ-001,2025-08-19 22:00:00,53.2,55.8
500KV-BYQ-002,2025-08-19 22:00:00,60.8,63.6
500KV-BYQ-003,2025-08-19 22:00:00,64.0,65.2
500KV-BYQ-001,2025-08-19 23:00:00,56.6,58.6
500KV-BYQ-002,2025-08-19 23:00:00,64.5,65.7
500KV-BYQ-003,2025-08-19 23:00:00,45.4,48.3
500KV-BYQ-001,2025-08-20 00:00:00,53.0,55.3
500KV-BYQ-002,2025-08-20 00:00:00,58.9,61.4
500KV-BYQ-003,2025-08-20 00:00:00,50.3,52.6
500KV-BYQ-001,2025-08-20 01:00:00,55.0,57.2
500KV-BYQ-002,2025-08-20 01:00:00,51.3,52.4
500KV-BYQ-003,2025-08-20 01:00:00,56.7,59.0
500KV-BYQ-001,2025-08-20 02:00:00,42.7,44.5
500KV-BYQ-002,2025-08-20 02:00:00,52.9,54.9
500KV-BYQ-003,2025-08-20 02:00:00,53.2,54.9
500KV-BYQ-001,2025-08-20 03:00:00,51.6,53.5
500KV-BYQ-002,2025-08-20 03:00:00,63.7,66.1
500KV-BYQ-003,2025-08-20 03:00:00,52.2,53.2
500KV-BYQ-001,2025-08-20 04:00:00,53.1,54.6
500KV-BYQ-002,2025-08-20 04:00:00,57.2,60.1
500KV-BYQ-003,2025-08-20 04:00:00,63.3,64.4
500KV-BYQ-001,2025-08-20 05:00:00,60.4,62.1
500KV-BYQ-002,2025-08-20 05:00:00,64.1,67.1
500KV-BYQ-003,2025-08-20 05:00:00,44.2,46.1
500KV-BYQ-001,2025-08-20 06:00:00,54.1,56.8
500KV-BYQ-002,2025-08-20 06:00:00,43.4,45.4
500KV-BYQ-003,2025-08-20 06:00:00,57.8,60.6
500KV-BYQ-001,2025-08-20 07:00:00,55.1,57.7
500KV-BYQ-002,2025-08-20 07:00:00,54.4,56.6
500KV-BYQ-003,2025-08-20 07:00:00,54.9,56.8
500KV-BYQ-001,2025-08-20 08:00:00,55.9,58.4
500KV-BYQ-002,2025-08-20 08:00:00,58.6,61.3
500KV-BYQ-003,2025-08-20 08:00:00,63.5,65.9
500KV-BYQ-001,2025-08-20 09:00:00,66.6,68.5
500KV-BYQ-002,2025-08-20 09:00:00,58.5,60.6
500KV-BYQ-003,2025-08-20 09:00:00,62.2,64.0
500KV-BYQ-001,2025-08-20 10:00:00,68.1,70.9
500KV-BYQ-002,2025-08-20 10:00:00,56.3,59.2
500KV-BYQ-003,2025-08-20 10:00:00,68.1,69.7
500KV-BYQ-001,2025-08-20 11:00:00,52.8,55.5
500KV-BYQ-002,2025-08-20 11:00:00,68.5,70.2
500KV-BYQ-003,2025-08-20 11:00:00,67.0,69.6
500KV-BYQ-001,2025-08-20 12:00:00,67.7,70.4
500KV-BYQ-002,2025-08-20 12:00:00,49.1,51.4
500KV-BYQ-003,2025-08-20 12:00:00,67.0,68.7
500KV-BYQ-001,2025-08-20 13:00:00,59.2,60.6
500KV-BYQ-002,2025-08-20 13:00:00,66.5,68.8
500KV-BYQ-003,2025-08-20 13:00:00,71.0,73
500KV-BYQ-001,2025-08-20 14:00:00,51.6,54.3
500KV-BYQ-002,2025-08-20 14:00:00,48.1,50.4
500KV-BYQ-003,2025-08-20 14:00:00,50.8,53.5
500KV-BYQ-001,2025-08-20 15:00:00,51.1,53.7
500KV-BYQ-002,2025-08-20 15:00:00,70.0,72.2
500KV-BYQ-003,2025-08-20 15:00:00,68.5,69.6
500KV-BYQ-001,2025-08-20 16:00:00,56.4,57.8
500KV-BYQ-002,2025-08-20 16:00:00,60.7,62.6
500KV-BYQ-003,2025-08-20 16:00:00,64.0,66.3
500KV-BYQ-001,2025-08-20 17:00:00,48.9,51.5
500KV-BYQ-002,2025-08-20 17:00:00,62.7,65.2
500KV-BYQ-003,2025-08-20 17:00:00,69.1,70.7
500KV-BYQ-001,2025-08-20 18:00:00,62.7,64.4
500KV-BYQ-002,2025-08-20 18:00:00,51.7,53.6
500KV-BYQ-003,2025-08-20 18:00:00,58.2,61.1
500KV-BYQ-001,2025-08-20 19:00:00,54.1,56.5
500KV-BYQ-002,2025-08-20 19:00:00,53.0,54.3
500KV-BYQ-003,2025-08-20 19:00:00,67.7,70.0
500KV-BYQ-001,2025-08-20 20:00:00,68.7,70.6
500KV-BYQ-002,2025-08-20 20:00:00,57.4,59.3
500KV-BYQ-003,2025-08-20 20:00:00,60.8,62.6
500KV-BYQ-001,2025-08-20 21:00:00,48.4,50.7
500KV-BYQ-002,2025-08-20 21:00:00,51.6,54.2
500KV-BYQ-003,2025-08-20 21:00:00,67.5,68.9
500KV-BYQ-001,2025-08-20 22:00:00,62.3,63.9
500KV-BYQ-002,2025-08-20 22:00:00,62.3,64.8
500KV-BYQ-003,2025-08-20 22:00:00,56.0,58.9
500KV-BYQ-001,2025-08-20 23:00:00,66.2,68.7
500KV-BYQ-002,2025-08-20 23:00:00,59.6,61.6
500KV-BYQ-003,2025-08-20 23:00:00,44.7,45.8
500KV-BYQ-001,2025-08-21 00:00:00,47.5,48.6
500KV-BYQ-002,2025-08-21 00:00:00,48.6,50.6
500KV-BYQ-003,2025-08-21 00:00:00,49.2,50.5
500KV-BYQ-001,2025-08-21 01:00:00,67.5,68.6
500KV-BYQ-002,2025-08-21 01:00:00,53.6,56.6
500KV-BYQ-003,2025-08-21 01:00:00,62.0,63.6
500KV-BYQ-001,2025-08-21 02:00:00,57.1,59.6
500KV-BYQ-002,2025-08-21 02:00:00,50.4,52.9
500KV-BYQ-003,2025-08-21 02:00:00,58.0,60.3
500KV-BYQ-001,2025-08-21 03:00:00,53.2,54.7
500KV-BYQ-002,2025-08-21 03:00:00,47.5,50.5
500KV-BYQ-003,2025-08-21 03:00:00,44.6,45.9
500KV-BYQ-001,2025-08-21 04:00:00,55.6,57.3
500KV-BYQ-002,2025-08-21 04:00:00,53.8,56.7
500KV-BYQ-003,2025-08-21 04:00:00,53.4,54.9
500KV-BYQ-001,2025-08-21 05:00:00,63.8,65.4
500KV-BYQ-002,2025-08-21 05:00:00,53.8,55.1
500KV-BYQ-003,2025-08-21 05:00:00,62.5,65.3
500KV-BYQ-001,2025-08-21 06:00:00,55.2,56.5
500KV-BYQ-002,2025-08-21 06:00:00,57.4,59.9
500KV-BYQ-003,2025-08-21 06:00:00,58.9,61.7
500KV-BYQ-001,2025-08-21 07:00:00,60.8,62.0
500KV-BYQ-002,2025-08-21 07:00:00,60.6,63.1
500KV-BYQ-003,2025-08-21 07:00:00,63.9,66.3
500KV-BYQ-001,2025-08-21 08:00:00,57.9,59.9
500KV-BYQ-002,2025-08-21 08:00:00,65.7,66.7
500KV-BYQ-003,2025-08-21 08:00:00,57.0,58.1
500KV-BYQ-001,2025-08-21 09:00:00,71.6,73
500KV-BYQ-002,2025-08-21 09:00:00,51.2,52.3
500KV-BYQ-003,2025-08-21 09:00:00,66.9,69.6
500KV-BYQ-001,2025-08-21 10:00:00,54.8,56.6
500KV-BYQ-002,2025-08-21 10:00:00,64.0,65.4
500KV-BYQ-003,2025-08-21 10:00:00,68.3,69.7
500KV-BYQ-001,2025-08-21 11:00:00,53.3,54.9
500KV-BYQ-002,2025-08-21 11:00:00,48.2,51.2
500KV-BYQ-003,2025-08-21 11:00:00,57.1,59.8
500KV-BYQ-001,2025-08-21 12:00:00,55.4,56.9
500KV-BYQ-002,2025-08-21 12:00:00,63.6,64.8
500KV-BYQ-003,2025-08-21 12:00:00,66.3,69.2
500KV-BYQ-001,2025-08-21 13:00:00,49.0,52.0
500KV-BYQ-002,2025-08-21 13:00:00,49.5,50.5
500KV-BYQ-003,2025-08-21 13:00:00,51.3,52.8
500KV-BYQ-001,2025-08-21 14:00:00,65.0,66.8
500KV-BYQ-002,2025-08-21 14:00:00,68.5,70.6
500KV-BYQ-003,2025-08-21 14:00:00,57.3,60.0
500KV-BYQ-001,2025-08-21 15:00:00,49.8,50.9
500KV-BYQ-002,2025-08-21 15:00:00,67.7,69.0
500KV-BYQ-003,2025-08-21 15:00:00,61.7,63.1
500KV-BYQ-001,2025-08-21 16:00:00,50.8,53.7
500KV-BYQ-002,2025-08-21 16:00:00,52.4,54.1
500KV-BYQ-003,2025-08-21 16:00:00,50.4,53.2
500KV-BYQ-001,2025-08-21 17:00:00,63.5,66.5
500KV-BYQ-002,2025-08-21 17:00:00,66.6,69.6
500KV-BYQ-003,2025-08-21 17:00:00,65.6,68.0
500KV-BYQ-001,2025-08-21 18:00:00,52.4,53.7
500KV-BYQ-002,2025-08-21 18:00:00,53.4,54.5
500KV-BYQ-003,2025-08-21 18:00:00,47.4,49.5
500KV-BYQ-001,2025-08-21 19:00:00,51.6,53.5
500KV-BYQ-002,2025-08-21 19:00:00,65.1,67.7
500KV-BYQ-003,2025-08-21 19:00:00,49.1,51.7
500KV-BYQ-001,2025-08-21 20:00:00,50.2,51.3
500KV-BYQ-002,2025-08-21 20:00:00,60.0,61.1
500KV-BYQ-003,2025-08-21 20:00:00,61.5,63.1
500KV-BYQ-001,2025-08-21 21:00:00,47.3,48.8
500KV-BYQ-002,2025-08-21 21:00:00,61.1,63.2
500KV-BYQ-003,2025-08-21 21:00:00,61.6,64.6
500KV-BYQ-001,2025-08-21 22:00:00,58.6,60.2
500KV-BYQ-002,2025-08-21 22:00:00,48.6,49.9
500KV-BYQ-003,2025-08-21 22:00:00,57.9,59.9
500KV-BYQ-001,2025-08-21 23:00:00,44.2,46.0
500KV-BYQ-002,2025-08-21 23:00:00,50.0,51.5
500KV-BYQ-003,2025-08-21 23:00:00,58.3,60.5
500KV-BYQ-001,2025-08-22 00:00:00,53.6,55.8
500KV-BYQ-002,2025-08-22 00:00:00,58.8,59.9
500KV-BYQ-003,2025-08-22 00:00:00,61.3,63.1
500KV-BYQ-001,2025-08-22 01:00:00,63.5,64.7
500KV-BYQ-002,2025-08-22 01:00:00,56.1,58.4
500KV-BYQ-003,2025-08-22 01:00:00,51.1,53.7
500KV-BYQ-001,2025-08-22 02:00:00,50.8,52.0
500KV-BYQ-002,2025-08-22 02:00:00,67.0,68.7
500KV-BYQ-003,2025-08-22 02:00:00,64.8,67.1
500KV-BYQ-001,2025-08-22 03:00:00,46.6,48.2
500KV-BYQ-002,2025-08-22 03:00:00,58.3,61.2
500KV-BYQ-003,2025-08-22 03:00:00,62.5,63.8
500KV-BYQ-001,2025-08-22 04:00:00,52.8,55.7
500KV-BYQ-002,2025-08-22 04:00:00,52.2,53.3
500KV-BYQ-003,2025-08-22 04:00:00,50.8,53.2
500KV-BYQ-001,2025-08-22 05:00:00,60.4,62.2
500KV-BYQ-002,2025-08-22 05:00:00,46.9,49.1
500KV-BYQ-003,2025-08-22 05:00:00,55.5,57.3
500KV-BYQ-001,2025-08-22 06:00:00,56.7,58.6
500KV-BYQ-002,2025-08-22 06:00:00,62.2,63.5
500KV-BYQ-003,2025-08-22 06:00:00,56.8,58.5
500KV-BYQ-001,2025-08-22 07:00:00,49.2,52.1
500KV-BYQ-002,2025-08-22 07:00:00,51.3,52.7
500KV-BYQ-003,2025-08-22 07:00:00,56.6,58.7
500KV-BYQ-001,2025-08-22 08:00:00,47.7,49.1
500KV-BYQ-002,2025-08-22 08:00:00,56.2,58.2
500KV-BYQ-003,2025-08-22 08:00:00,70.5,72.4
500KV-BYQ-001,2025-08-22 09:00:00,53.7,55.7
500KV-BYQ-002,2025-08-22 09:00:00,69.1,71.7
500KV-BYQ-003,2025-08-22 09:00:00,51.1,53.3
500KV-BYQ-001,2025-08-22 10:00:00,47.0,49.2
500KV-BYQ-002,2025-08-22 10:00:00,52.7,54.2
500KV-BYQ-003,2025-08-22 10:00:00,60.2,63.2
500KV-BYQ-001,2025-08-22 11:00:00,56.4,58.0
500KV-BYQ-002,2025-08-22 11:00:00,51.1,53.5
500KV-BYQ-003,2025-08-22 11:00:00,68.1,69.8
500KV-BYQ-001,2025-08-22 12:00:00,64.1,66.6
500KV-BYQ-002,2025-08-22 12:00:00,63.6,66.5
500KV-BYQ-003,2025-08-22 12:00:00,46.8,48.5
500KV-BYQ-001,2025-08-22 13:00:00,56.4,58.6
500KV-BYQ-002,2025-08-22 13:00:00,62.5,63.7
500KV-BYQ-003,2025-08-22 13:00:00,49.1,51.3
500KV-BYQ-001,2025-08-22 14:00:00,59.6,61.9
500KV-BYQ-002,2025-08-22 14:00:00,53.5,55.4
500KV-BYQ-003,2025-08-22 14:00:00,49.0,50.9
500KV-BYQ-001,2025-08-22 15:00:00,61.5,64.0
500KV-BYQ-002,2025-08-22 15:00:00,70.6,72.0
500KV-BYQ-003,2025-08-22 15:00:00,57.4,59.0
500KV-BYQ-001,2025-08-22 16:00:00,64.3,66.3
500KV-BYQ-002,2025-08-22 16:00:00,63.2,65.1
500KV-BYQ-003,2025-08-22 16:00:00,68.1,69.6
500KV-BYQ-001,2025-08-22 17:00:00,58.8,60.3
500KV-BYQ-002,2025-08-22 17:00:00,69.1,71.9
500KV-BYQ-003,2025-08-22 17:00:00,61.9,63.4
500KV-BYQ-001,2025-08-22 18:00:00,64.1,66.1
500KV-BYQ-002,2025-08-22 18:00:00,51.0,53.1
500KV-BYQ-003,2025-08-22 18:00:00,47.7,48.8
500KV-BYQ-001,2025-08-22 19:00:00,63.1,65.5
500KV-BYQ-002,2025-08-22 19:00:00,56.9,58.3
500KV-BYQ-003,2025-08-22 19:00:00,46.6,48.1
500KV-BYQ-001,2025-08-22 20:00:00,57.0,59.8
500KV-BYQ-002,2025-08-22 20:00:00,61.6,64.1
500KV-BYQ-003,2025-08-22 20:00:00,52.2,53.5
500KV-BYQ-001,2025-08-22 21:00:00,51.7,53.3
500KV-BYQ-002,2025-08-22 21:00:00,58.3,61.2
500KV-BYQ-003,2025-08-22 21:00:00,64.2,67.1
500KV-BYQ-001,2025-08-22 22:00:00,60.7,63.0
500KV-BYQ-002,2025-08-22 22:00:00,59.3,61.9
500KV-BYQ-003,2025-08-22 22:00:00,64.4,65.6
500KV-BYQ-001,2025-08-22 23:00:00,50.1,51.7
500KV-BYQ-002,2025-08-22 23:00:00,58.4,60.2
500KV-BYQ-003,2025-08-22 23:00:00,51.7,54.0
500KV-BYQ-001,2025-08-23 00:00:00,60.6,61.9
500KV-BYQ-002,2025-08-23 00:00:00,52.7,54.5
500KV-BYQ-003,2025-08-23 00:00:00,53.7,56.5
500KV-BYQ-001,2025-08-23 01:00:00,48.4,50.9
500KV-BYQ-002,2025-08-23 01:00:00,52.3,53.6
500KV-BYQ-003,2025-08-23 01:00:00,44.5,46.3
500KV-BYQ-001,2025-08-23 02:00:00,63.3,64.4
500KV-BYQ-002,2025-08-23 02:00:00,61.8,64.7
500KV-BYQ-003,2025-08-23 02:00:00,50.2,53.0
500KV-BYQ-001,2025-08-23 03:00:00,65.0,66.1
500KV-BYQ-002,2025-08-23 03:00:00,49.4,51.2
500KV-BYQ-003,2025-08-23 03:00:00,48.9,50.0
500KV-BYQ-001,2025-08-23 04:00:00,47.1,48.9
500KV-BYQ-002,2025-08-23 04:00:00,49.8,51.3
500KV-BYQ-003,2025-08-23 04:00:00,56.2,58.3
500KV-BYQ-001,2025-08-23 05:00:00,60.5,63.1
500KV-BYQ-002,2025-08-23 05:00:00,65.5,67.5
500KV-BYQ-003,2025-08-23 05:00:00,58.3,61.1
500KV-BYQ-001,2025-08-23 06:00:00,56.7,59.1
500KV-BYQ-002,2025-08-23 06:00:00,49.3,50.4
500KV-BYQ-003,2025-08-23 06:00:00,47.7,49.7
500KV-BYQ-001,2025-08-23 07:00:00,61.6,63.0
500KV-BYQ-002,2025-08-23 07:00:00,65.5,67.0
500KV-BYQ-003,2025-08-23 07:00:00,48.6,50.8
500KV-BYQ-001,2025-08-23 08:00:00,61.0,62.5
500KV-BYQ-002,2025-08-23 08:00:00,59.6,61.8
500KV-BYQ-003,2025-08-23 08:00:00,67.2,69.6
500KV-BYQ-001,2025-08-23 09:00:00,56.3,59.0
500KV-BYQ-002,2025-08-23 09:00:00,50.3,51.8
500KV-BYQ-003,2025-08-23 09:00:00,57.7,59.7
500KV-BYQ-001,2025-08-23 10:00:00,53.1,54.4
500KV-BYQ-002,2025-08-23 10:00:00,57.5,59.6
500KV-BYQ-003,2025-08-23 10:00:00,54.6,56.2
500KV-BYQ-001,2025-08-23 11:00:00,52.2,55.2
500KV-BYQ-002,2025-08-23 11:00:00,65.3,67.8
500KV-BYQ-003,2025-08-23 11:00:00,70.0,71.1
500KV-BYQ-001,2025-08-23 12:00:00,69.4,71.6
500KV-BYQ-002,2025-08-23 12:00:00,49.2,50.6
500KV-BYQ-003,2025-08-23 12:00:00,69.4,71.5
500KV-BYQ-001,2025-08-23 13:00:00,59.5,61.8
500KV-BYQ-002,2025-08-23 13:00:00,61.6,64.5
500KV-BYQ-003,2025-08-23 13:00:00,64.5,65.9
500KV-BYQ-001,2025-08-23 14:00:00,52.5,54.3
500KV-BYQ-002,2025-08-23 14:00:00,65.4,68.3
500KV-BYQ-003,2025-08-23 14:00:00,69.2,71.5
500KV-BYQ-001,2025-08-23 15:00:00,67.1,68.6
500KV-BYQ-002,2025-08-23 15:00:00,62.7,65.0
500KV-BYQ-003,2025-08-23 15:00:00,51.4,53.8
500KV-BYQ-001,2025-08-23 16:00:00,66.1,68.6
500KV-BYQ-002,2025-08-23 16:00:00,56.9,58.2
500KV-BYQ-003,2025-08-23 16:00:00,53.7,55.6
500KV-BYQ-001,2025-08-23 17:00:00,67.1,68.5
500KV-BYQ-002,2025-08-23 17:00:00,64.6,66.9
500KV-BYQ-003,2025-08-23 17:00:00,56.2,58.7
500KV-BYQ-001,2025-08-23 18:00:00,47.6,49.0
500KV-BYQ-002,2025-08-23 18:00:00,54.1,55.2
500KV-BYQ-003,2025-08-23 18:00:00,59.3,60.8
500KV-BYQ-001,2025-08-23 19:00:00,46.7,48.9
500KV-BYQ-002,2025-08-23 19:00:00,64.3,66.6
500KV-BYQ-003,2025-08-23 19:00:00,67.4,69.5
500KV-BYQ-001,2025-08-23 20:00:00,60.6,61.7
500KV-BYQ-002,2025-08-23 20:00:00,69.5,72.3
500KV-BYQ-003,2025-08-23 20:00:00,51.5,53.4
500KV-BYQ-001,2025-08-23 21:00:00,54.1,56.8
500KV-BYQ-002,2025-08-23 21:00:00,49.0,50.4
500KV-BYQ-003,2025-08-23 21:00:00,55.9,57.1
500KV-BYQ-001,2025-08-23 22:00:00,51.2,53.3
500KV-BYQ-002,2025-08-23 22:00:00,64.2,66.4
500KV-BYQ-003,2025-08-23 22:00:00,67.4,69.4
500KV-BYQ-001,2025-08-23 23:00:00,48.1,50.3
500KV-BYQ-002,2025-08-23 23:00:00,59.4,62.3
500KV-BYQ-003,2025-08-23 23:00:00,49.0,51.1
500KV-BYQ-001,2025-08-24 00:00:00,47.7,49.9
500KV-BYQ-002,2025-08-24 00:00:00,62.0,63.8
500KV-BYQ-003,2025-08-24 00:00:00,49.1,51.8
500KV-BYQ-001,2025-08-24 01:00:00,57.1,59.9
500KV-BYQ-002,2025-08-24 01:00:00,56.1,57.4
500KV-BYQ-003,2025-08-24 01:00:00,61.1,63.2
500KV-BYQ-001,2025-08-24 02:00:00,45.0,46.5
500KV-BYQ-002,2025-08-24 02:00:00,56.3,58.2
500KV-BYQ-003,2025-08-24 02:00:00,54.1,55.3
500KV-BYQ-001,2025-08-24 03:00:00,59.6,60.7
500KV-BYQ-002,2025-08-24 03:00:00,45.4,47.1
500KV-BYQ-003,2025-08-24 03:00:00,47.6,49.4
500KV-BYQ-001,2025-08-24 04:00:00,53.3,54.6
500KV-BYQ-002,2025-08-24 04:00:00,62.7,65.6
500KV-BYQ-003,2025-08-24 04:00:00,64.0,66.8
500KV-BYQ-001,2025-08-24 05:00:00,46.8,49.4
500KV-BYQ-002,2025-08-24 05:00:00,55.9,58.6
500KV-BYQ-003,2025-08-24 05:00:00,50.3,51.6
500KV-BYQ-001,2025-08-24 06:00:00,43.1,44.4
500KV-BYQ-002,2025-08-24 06:00:00,47.8,49.5
500KV-BYQ-003,2025-08-24 06:00:00,45.3,47.8
500KV-BYQ-001,2025-08-24 07:00:00,45.5,48.2
500KV-BYQ-002,2025-08-24 07:00:00,65.7,68.0
500KV-BYQ-003,2025-08-24 07:00:00,51.1,53.5
500KV-BYQ-001,2025-08-24 08:00:00,51.0,52.7
500KV-BYQ-002,2025-08-24 08:00:00,64.9,67.1
500KV-BYQ-003,2025-08-24 08:00:00,57.7,59.0
500KV-BYQ-001,2025-08-24 09:00:00,58.8,60.1
500KV-BYQ-002,2025-08-24 09:00:00,62.0,63.5
500KV-BYQ-003,2025-08-24 09:00:00,72.0,73
500KV-BYQ-001,2025-08-24 10:00:00,71.1,73.0
500KV-BYQ-002,2025-08-24 10:00:00,69.5,71.3
500KV-BYQ-003,2025-08-24 10:00:00,66.6,68.4
500KV-BYQ-001,2025-08-24 11:00:00,56.6,57.9
500KV-BYQ-002,2025-08-24 11:00:00,65.3,68.0
500KV-BYQ-003,2025-08-24 11:00:00,48.8,50.6
500KV-BYQ-001,2025-08-24 12:00:00,54.1,55.3
500KV-BYQ-002,2025-08-24 12:00:00,67.8,69.2
500KV-BYQ-003,2025-08-24 12:00:00,63.3,65.4
500KV-BYQ-001,2025-08-24 13:00:00,47.7,50.3
500KV-BYQ-002,2025-08-24 13:00:00,63.3,66.3
500KV-BYQ-003,2025-08-24 13:00:00,69.5,71.2
500KV-BYQ-001,2025-08-24 14:00:00,57.6,60.3
500KV-BYQ-002,2025-08-24 14:00:00,49.6,51.0
500KV-BYQ-003,2025-08-24 14:00:00,62.4,63.4
500KV-BYQ-001,2025-08-24 15:00:00,65.9,68.1
500KV-BYQ-002,2025-08-24 15:00:00,61.8,64.0
500KV-BYQ-003,2025-08-24 15:00:00,49.1,51.4
500KV-BYQ-001,2025-08-24 16:00:00,62.1,64.1
500KV-BYQ-002,2025-08-24 16:00:00,65.8,67.2
500KV-BYQ-003,2025-08-24 16:00:00,54.1,56.9
500KV-BYQ-001,2025-08-24 17:00:00,71.5,73
500KV-BYQ-002,2025-08-24 17:00:00,71.6,73
500KV-BYQ-003,2025-08-24 17:00:00,59.4,60.8
500KV-BYQ-001,2025-08-24 18:00:00,67.4,69.6
500KV-BYQ-002,2025-08-24 18:00:00,59.8,61.9
500KV-BYQ-003,2025-08-24 18:00:00,67.6,68.9
500KV-BYQ-001,2025-08-24 19:00:00,55.1,57.4
500KV-BYQ-002,2025-08-24 19:00:00,63.7,66.6
500KV-BYQ-003,2025-08-24 19:00:00,50.4,51.7
500KV-BYQ-001,2025-08-24 20:00:00,68.6,70.7
500KV-BYQ-002,2025-08-24 20:00:00,67.6,69.7
500KV-BYQ-003,2025-08-24 20:00:00,64.5,65.9
500KV-BYQ-001,2025-08-24 21:00:00,59.4,61.0
500KV-BYQ-002,2025-08-24 21:00:00,47.7,49.7
500KV-BYQ-003,2025-08-24 21:00:00,45.5,46.6
500KV-BYQ-001,2025-08-24 22:00:00,62.7,65.0
500KV-BYQ-002,2025-08-24 22:00:00,47.1,49.7
500KV-BYQ-003,2025-08-24 22:00:00,50.4,52.5
500KV-BYQ-001,2025-08-24 23:00:00,55.7,57.7
500KV-BYQ-002,2025-08-24 23:00:00,53.2,54.5
500KV-BYQ-003,2025-08-24 23:00:00,47.4,49.5
500KV-BYQ-001,2025-08-25 00:00:00,61.8,64.7
500KV-BYQ-002,2025-08-25 00:00:00,59.6,62.0
500KV-BYQ-003,2025-08-25 00:00:00,62.6,63.7
500KV-BYQ-001,2025-08-25 01:00:00,59.0,60.9
500KV-BYQ-002,2025-08-25 01:00:00,62.5,65.5
500KV-BYQ-003,2025-08-25 01:00:00,45.8,47.2
500KV-BYQ-001,2025-08-25 02:00:00,53.1,55.8
500KV-BYQ-002,2025-08-25 02:00:00,59.5,62.5
500KV-BYQ-003,2025-08-25 02:00:00,48.7,51.3
500KV-BYQ-001,2025-08-25 03:00:00,56.6,58.6
500KV-BYQ-002,2025-08-25 03:00:00,60.3,63.0
500KV-BYQ-003,2025-08-25 03:00:00,46.7,48.6
500KV-BYQ-001,2025-08-25 04:00:00,63.1,65.3
500KV-BYQ-002,2025-08-25 04:00:00,64.0,66.9
500KV-BYQ-003,2025-08-25 04:00:00,49.5,51.8
500KV-BYQ-001,2025-08-25 05:00:00,61.9,63.9
500KV-BYQ-002,2025-08-25 05:00:00,54.1,56.1
500KV-BYQ-003,2025-08-25 05:00:00,67.3,70.3
500KV-BYQ-001,2025-08-25 06:00:00,45.9,47.0
500KV-BYQ-002,2025-08-25 06:00:00,49.8,51.5
500KV-BYQ-003,2025-08-25 06:00:00,44.1,45.4
500KV-BYQ-001,2025-08-25 07:00:00,55.2,57.1
500KV-BYQ-002,2025-08-25 07:00:00,48.5,50.6
500KV-BYQ-003,2025-08-25 07:00:00,48.6,50.7
500KV-BYQ-001,2025-08-25 08:00:00,63.0,65.9
500KV-BYQ-002,2025-08-25 08:00:00,68.0,69.8
500KV-BYQ-003,2025-08-25 08:00:00,57.2,59.6
500KV-BYQ-001,2025-08-25 09:00:00,59.5,61.5
500KV-BYQ-002,2025-08-25 09:00:00,64.0,66.3
500KV-BYQ-003,2025-08-25 09:00:00,49.8,51.5
500KV-BYQ-001,2025-08-25 10:00:00,51.2,53.8
500KV-BYQ-002,2025-08-25 10:00:00,53.5,55.5
500KV-BYQ-003,2025-08-25 10:00:00,71.5,73
500KV-BYQ-001,2025-08-25 11:00:00,49.1,51.1
500KV-BYQ-002,2025-08-25 11:00:00,65.2,67.5
500KV-BYQ-003,2025-08-25 11:00:00,66.2,67.9
500KV-BYQ-001,2025-08-25 12:00:00,60.0,61.6
500KV-BYQ-002,2025-08-25 12:00:00,53.1,54.7
500KV-BYQ-003,2025-08-25 12:00:00,50.5,52.1
500KV-BYQ-001,2025-08-25 13:00:00,54.8,57.7
500KV-BYQ-002,2025-08-25 13:00:00,63.9,66.1
500KV-BYQ-003,2025-08-25 13:00:00,65.8,67.9
500KV-BYQ-001,2025-08-25 14:00:00,66.1,67.5
500KV-BYQ-002,2025-08-25 14:00:00,65.5,66.9
500KV-BYQ-003,2025-08-25 14:00:00,58.1,59.9
500KV-BYQ-001,2025-08-25 15:00:00,52.4,54.0
500KV-BYQ-002,2025-08-25 15:00:00,47.2,49.2
500KV-BYQ-003,2025-08-25 15:00:00,54.2,55.2
500KV-BYQ-001,2025-08-25 16:00:00,48.1,49.4
500KV-BYQ-002,2025-08-25 16:00:00,51.4,53.6
500KV-BYQ-003,2025-08-25 16:00:00,52.7,54.4
500KV-BYQ-001,2025-08-25 17:00:00,57.9,60.2
500KV-BYQ-002,2025-08-25 17:00:00,60.1,61.3
500KV-BYQ-003,2025-08-25 17:00:00,49.7,52.4
500KV-BYQ-001,2025-08-25 18:00:00,55.5,56.7
500KV-BYQ-002,2025-08-25 18:00:00,48.8,50.9
500KV-BYQ-003,2025-08-25 18:00:00,53.6,55.6
500KV-BYQ-001,2025-08-25 19:00:00,57.0,58.7
500KV-BYQ-002,2025-08-25 19:00:00,60.9,63.2
500KV-BYQ-003,2025-08-25 19:00:00,68.3,70.7
500KV-BYQ-001,2025-08-25 20:00:00,58.3,60.9
500KV-BYQ-002,2025-08-25 20:00:00,70.5,71.9
500KV-BYQ-003,2025-08-25 20:00:00,56.6,58.1
500KV-BYQ-001,2025-08-25 21:00:00,51.9,54.0
500KV-BYQ-002,2025-08-25 21:00:00,50.2,52.1
500KV-BYQ-003,2025-08-25 21:00:00,61.5,63.6
500KV-BYQ-001,2025-08-25 22:00:00,61.2,64.0
500KV-BYQ-002,2025-08-25 22:00:00,50.5,52.9
500KV-BYQ-003,2025-08-25 22:00:00,59.7,61.8
500KV-BYQ-001,2025-08-25 23:00:00,56.8,58.0
500KV-BYQ-002,2025-08-25 23:00:00,47.9,50.8
500KV-BYQ-003,2025-08-25 23:00:00,46.4,47.8
500KV-BYQ-001,2025-08-26 00:00:00,47.5,49.3
500KV-BYQ-002,2025-08-26 00:00:00,43.2,45.3
500KV-BYQ-003,2025-08-26 00:00:00,56.2,57.7
500KV-BYQ-001,2025-08-26 01:00:00,55.5,56.5
500KV-BYQ-002,2025-08-26 01:00:00,58.6,61.1
500KV-BYQ-003,2025-08-26 01:00:00,43.3,46.1
500KV-BYQ-001,2025-08-26 02:00:00,50.1,51.2
500KV-BYQ-002,2025-08-26 02:00:00,56.1,58.6
500KV-BYQ-003,2025-08-26 02:00:00,57.5,58.9
500KV-BYQ-001,2025-08-26 03:00:00,53.0,54.3
500KV-BYQ-002,2025-08-26 03:00:00,63.6,65.3
500KV-BYQ-003,2025-08-26 03:00:00,51.1,52.4
500KV-BYQ-001,2025-08-26 04:00:00,44.6,46.6
500KV-BYQ-002,2025-08-26 04:00:00,50.0,51.5
500KV-BYQ-003,2025-08-26 04:00:00,48.6,51.5
500KV-BYQ-001,2025-08-26 05:00:00,53.3,54.3
500KV-BYQ-002,2025-08-26 05:00:00,66.0,68.7
500KV-BYQ-003,2025-08-26 05:00:00,62.1,64.8
500KV-BYQ-001,2025-08-26 06:00:00,42.9,45.9
500KV-BYQ-002,2025-08-26 06:00:00,61.7,63.0
500KV-BYQ-003,2025-08-26 06:00:00,41.9,43.1
500KV-BYQ-001,2025-08-26 07:00:00,62.6,64.0
500KV-BYQ-002,2025-08-26 07:00:00,59.0,61.7
500KV-BYQ-003,2025-08-26 07:00:00,51.5,53.3
500KV-BYQ-001,2025-08-26 08:00:00,67.8,69.4
500KV-BYQ-002,2025-08-26 08:00:00,56.9,59.1
500KV-BYQ-003,2025-08-26 08:00:00,60.0,61.8
500KV-BYQ-001,2025-08-26 09:00:00,61.0,62.7
500KV-BYQ-002,2025-08-26 09:00:00,63.6,64.8
500KV-BYQ-003,2025-08-26 09:00:00,60.6,63.0
500KV-BYQ-001,2025-08-26 10:00:00,52.2,55.2
500KV-BYQ-002,2025-08-26 10:00:00,67.9,69.5
500KV-BYQ-003,2025-08-26 10:00:00,54.3,56.9
500KV-BYQ-001,2025-08-26 11:00:00,52.7,55.4
500KV-BYQ-002,2025-08-26 11:00:00,49.8,51.5
500KV-BYQ-003,2025-08-26 11:00:00,66.3,68.6
500KV-BYQ-001,2025-08-26 12:00:00,64.7,66.7
500KV-BYQ-002,2025-08-26 12:00:00,58.7,60.2
500KV-BYQ-003,2025-08-26 12:00:00,52.8,54.2
500KV-BYQ-001,2025-08-26 13:00:00,71.4,72.6
500KV-BYQ-002,2025-08-26 13:00:00,49.3,51.9
500KV-BYQ-003,2025-08-26 13:00:00,59.4,62.1
500KV-BYQ-001,2025-08-26 14:00:00,57.7,60.2
500KV-BYQ-002,2025-08-26 14:00:00,55.9,57.3
500KV-BYQ-003,2025-08-26 14:00:00,64.9,67.9
500KV-BYQ-001,2025-08-26 15:00:00,59.8,62.5
500KV-BYQ-002,2025-08-26 15:00:00,66.1,67.3
500KV-BYQ-003,2025-08-26 15:00:00,56.7,59.2
500KV-BYQ-001,2025-08-26 16:00:00,67.1,68.6
500KV-BYQ-002,2025-08-26 16:00:00,60.1,62.8
500KV-BYQ-003,2025-08-26 16:00:00,60.6,62.8
500KV-BYQ-001,2025-08-26 17:00:00,50.9,52.8
500KV-BYQ-002,2025-08-26 17:00:00,49.2,52.2
500KV-BYQ-003,2025-08-26 17:00:00,67.8,69.9
500KV-BYQ-001,2025-08-26 18:00:00,52.5,54.6
500KV-BYQ-002,2025-08-26 18:00:00,47.5,49.2
500KV-BYQ-003,2025-08-26 18:00:00,57.5,59.0
500KV-BYQ-001,2025-08-26 19:00:00,50.4,52.5
500KV-BYQ-002,2025-08-26 19:00:00,62.1,64.2
500KV-BYQ-003,2025-08-26 19:00:00,50.0,51.9
500KV-BYQ-001,2025-08-26 20:00:00,56.9,59.3
500KV-BYQ-002,2025-08-26 20:00:00,65.3,67.1
500KV-BYQ-003,2025-08-26 20:00:00,53.5,55.2
500KV-BYQ-001,2025-08-26 21:00:00,66.3,68.1
500KV-BYQ-002,2025-08-26 21:00:00,64.8,66.6
500KV-BYQ-003,2025-08-26 21:00:00,68.1,70.3
500KV-BYQ-001,2025-08-26 22:00:00,66.4,67.7
500KV-BYQ-002,2025-08-26 22:00:00,69.5,71.4
500KV-BYQ-003,2025-08-26 22:00:00,66.2,68.8
500KV-BYQ-001,2025-08-26 23:00:00,57.0,59.6
500KV-BYQ-002,2025-08-26 23:00:00,61.9,63.2
500KV-BYQ-003,2025-08-26 23:00:00,48.4,50.5
500KV-BYQ-001,2025-08-27 00:00:00,59.8,62.3
500KV-BYQ-002,2025-08-27 00:00:00,42.7,45.7
500KV-BYQ-003,2025-08-27 00:00:00,58.6,61.6
500KV-BYQ-001,2025-08-27 01:00:00,61.7,63.3
500KV-BYQ-002,2025-08-27 01:00:00,61.4,62.7
500KV-BYQ-003,2025-08-27 01:00:00,55.9,57.8
500KV-BYQ-001,2025-08-27 02:00:00,66.7,68.2
500KV-BYQ-002,2025-08-27 02:00:00,61.1,62.5
500KV-BYQ-003,2025-08-27 02:00:00,51.8,54.5
500KV-BYQ-001,2025-08-27 03:00:00,44.0,45.4
500KV-BYQ-002,2025-08-27 03:00:00,60.7,63.6
500KV-BYQ-003,2025-08-27 03:00:00,62.0,63.1
500KV-BYQ-001,2025-08-27 04:00:00,57.6,60.5
500KV-BYQ-002,2025-08-27 04:00:00,53.5,55.3
500KV-BYQ-003,2025-08-27 04:00:00,56.8,58.0
500KV-BYQ-001,2025-08-27 05:00:00,50.7,51.9
500KV-BYQ-002,2025-08-27 05:00:00,60.1,62.5
500KV-BYQ-003,2025-08-27 05:00:00,57.6,59.5
500KV-BYQ-001,2025-08-27 06:00:00,61.3,63.3
500KV-BYQ-002,2025-08-27 06:00:00,64.2,66.8
500KV-BYQ-003,2025-08-27 06:00:00,50.2,51.5
500KV-BYQ-001,2025-08-27 07:00:00,48.7,51.4
500KV-BYQ-002,2025-08-27 07:00:00,55.1,56.5
500KV-BYQ-003,2025-08-27 07:00:00,43.7,45.4
500KV-BYQ-001,2025-08-27 08:00:00,60.8,61.9
500KV-BYQ-002,2025-08-27 08:00:00,64.0,66.1
500KV-BYQ-003,2025-08-27 08:00:00,48.3,51.3
500KV-BYQ-001,2025-08-27 09:00:00,64.3,65.9
500KV-BYQ-002,2025-08-27 09:00:00,61.5,64.1
500KV-BYQ-003,2025-08-27 09:00:00,59.8,62.7
500KV-BYQ-001,2025-08-27 10:00:00,55.3,58.3
500KV-BYQ-002,2025-08-27 10:00:00,54.7,56.0
500KV-BYQ-003,2025-08-27 10:00:00,48.0,50.4
500KV-BYQ-001,2025-08-27 11:00:00,67.8,69.6
500KV-BYQ-002,2025-08-27 11:00:00,52.9,54.5
500KV-BYQ-003,2025-08-27 11:00:00,59.1,60.8
500KV-BYQ-001,2025-08-27 12:00:00,71.6,72.9
500KV-BYQ-002,2025-08-27 12:00:00,51.4,53.0
500KV-BYQ-003,2025-08-27 12:00:00,62.5,65.5
500KV-BYQ-001,2025-08-27 13:00:00,46.3,49.3
500KV-BYQ-002,2025-08-27 13:00:00,48.2,49.3
500KV-BYQ-003,2025-08-27 13:00:00,54.0,56.9
500KV-BYQ-001,2025-08-27 14:00:00,64.3,66.3
500KV-BYQ-002,2025-08-27 14:00:00,69.6,72.5
500KV-BYQ-003,2025-08-27 14:00:00,71.8,73
500KV-BYQ-001,2025-08-27 15:00:00,57.9,59.0
500KV-BYQ-002,2025-08-27 15:00:00,58.1,59.3
500KV-BYQ-003,2025-08-27 15:00:00,50.0,51.3
500KV-BYQ-001,2025-08-27 16:00:00,49.3,51.7
500KV-BYQ-002,2025-08-27 16:00:00,66.3,67.4
500KV-BYQ-003,2025-08-27 16:00:00,52.8,54.3
500KV-BYQ-001,2025-08-27 17:00:00,67.3,68.4
500KV-BYQ-002,2025-08-27 17:00:00,50.6,52.3
500KV-BYQ-003,2025-08-27 17:00:00,71.7,73
500KV-BYQ-001,2025-08-27 18:00:00,65.1,66.9
500KV-BYQ-002,2025-08-27 18:00:00,47.8,50.0
500KV-BYQ-003,2025-08-27 18:00:00,68.4,70.6
500KV-BYQ-001,2025-08-27 19:00:00,54.3,56.6
500KV-BYQ-002,2025-08-27 19:00:00,54.0,55.3
500KV-BYQ-003,2025-08-27 19:00:00,62.7,64.1
500KV-BYQ-001,2025-08-27 20:00:00,51.7,53.1
500KV-BYQ-002,2025-08-27 20:00:00,64.1,66.1
500KV-BYQ-003,2025-08-27 20:00:00,59.7,62.3
500KV-BYQ-001,2025-08-27 21:00:00,53.0,55.4
500KV-BYQ-002,2025-08-27 21:00:00,61.5,63.8
500KV-BYQ-003,2025-08-27 21:00:00,52.8,55.4
500KV-BYQ-001,2025-08-27 22:00:00,53.8,55.2
500KV-BYQ-002,2025-08-27 22:00:00,47.4,48.6
500KV-BYQ-003,2025-08-27 22:00:00,52.5,55.1
500KV-BYQ-001,2025-08-27 23:00:00,57.1,58.4
500KV-BYQ-002,2025-08-27 23:00:00,46.6,49.2
500KV-BYQ-003,2025-08-27 23:00:00,48.2,50.2
500KV-BYQ-001,2025-08-28 00:00:00,60.5,62.5
500KV-BYQ-002,2025-08-28 00:00:00,52.3,53.6
500KV-BYQ-003,2025-08-28 00:00:00,62.5,63.7
500KV-BYQ-001,2025-08-28 01:00:00,57.8,59.3
500KV-BYQ-002,2025-08-28 01:00:00,54.8,57.0
500KV-BYQ-003,2025-08-28 01:00:00,45.9,47.9
500KV-BYQ-001,2025-08-28 02:00:00,44.0,45.4
500KV-BYQ-002,2025-08-28 02:00:00,50.9,52.6
500KV-BYQ-003,2025-08-28 02:00:00,44.2,46.3
500KV-BYQ-001,2025-08-28 03:00:00,47.5,49.3
500KV-BYQ-002,2025-08-28 03:00:00,63.9,66.4
500KV-BYQ-003,2025-08-28 03:00:00,57.2,59.2
500KV-BYQ-001,2025-08-28 04:00:00,54.2,55.2
500KV-BYQ-002,2025-08-28 04:00:00,63.0,64.7
500KV-BYQ-003,2025-08-28 04:00:00,52.3,54.0
500KV-BYQ-001,2025-08-28 05:00:00,54.1,55.3
500KV-BYQ-002,2025-08-28 05:00:00,53.0,55.1
500KV-BYQ-003,2025-08-28 05:00:00,59.0,60.2
500KV-BYQ-001,2025-08-28 06:00:00,46.0,48.7
500KV-BYQ-002,2025-08-28 06:00:00,51.4,53.2
500KV-BYQ-003,2025-08-28 06:00:00,65.7,68.7
500KV-BYQ-001,2025-08-28 07:00:00,53.1,55.1
500KV-BYQ-002,2025-08-28 07:00:00,56.4,58.9
500KV-BYQ-003,2025-08-28 07:00:00,52.6,54.7
500KV-BYQ-001,2025-08-28 08:00:00,65.4,66.6
500KV-BYQ-002,2025-08-28 08:00:00,52.8,55.0
500KV-BYQ-003,2025-08-28 08:00:00,49.6,51.5
500KV-BYQ-001,2025-08-28 09:00:00,71.6,73
500KV-BYQ-002,2025-08-28 09:00:00,63.4,64.7
500KV-BYQ-003,2025-08-28 09:00:00,58.4,60.1
500KV-BYQ-001,2025-08-28 10:00:00,65.1,66.9
500KV-BYQ-002,2025-08-28 10:00:00,56.1,57.3
500KV-BYQ-003,2025-08-28 10:00:00,51.4,54.4
500KV-BYQ-001,2025-08-28 11:00:00,67.1,70.1
500KV-BYQ-002,2025-08-28 11:00:00,71.0,73
500KV-BYQ-003,2025-08-28 11:00:00,57.8,58.9
500KV-BYQ-001,2025-08-28 12:00:00,51.2,53.4
500KV-BYQ-002,2025-08-28 12:00:00,65.8,67.0
500KV-BYQ-003,2025-08-28 12:00:00,59.5,62.4
500KV-BYQ-001,2025-08-28 13:00:00,49.4,51.6
500KV-BYQ-002,2025-08-28 13:00:00,53.5,55.8
500KV-BYQ-003,2025-08-28 13:00:00,51.4,54.4
500KV-BYQ-001,2025-08-28 14:00:00,63.7,66.5
500KV-BYQ-002,2025-08-28 14:00:00,56.1,58.7
500KV-BYQ-003,2025-08-28 14:00:00,49.9,52.2
500KV-BYQ-001,2025-08-28 15:00:00,49.2,50.4
500KV-BYQ-002,2025-08-28 15:00:00,67.6,68.9
500KV-BYQ-003,2025-08-28 15:00:00,50.8,52.5
500KV-BYQ-001,2025-08-28 16:00:00,53.8,55.7
500KV-BYQ-002,2025-08-28 16:00:00,72.8,73
500KV-BYQ-003,2025-08-28 16:00:00,62.8,64.9
500KV-BYQ-001,2025-08-28 17:00:00,50.0,52.0
500KV-BYQ-002,2025-08-28 17:00:00,60.5,61.7
500KV-BYQ-003,2025-08-28 17:00:00,70.0,73.0
500KV-BYQ-001,2025-08-28 18:00:00,44.9,46.5
500KV-BYQ-002,2025-08-28 18:00:00,69.1,71.7
500KV-BYQ-003,2025-08-28 18:00:00,47.4,50.1
500KV-BYQ-001,2025-08-28 19:00:00,51.6,52.8
500KV-BYQ-002,2025-08-28 19:00:00,69.5,72.3
500KV-BYQ-003,2025-08-28 19:00:00,65.3,68.3
500KV-BYQ-001,2025-08-28 20:00:00,51.3,52.8
500KV-BYQ-002,2025-08-28 20:00:00,47.6,49.0
500KV-BYQ-003,2025-08-28 20:00:00,64.1,65.5
500KV-BYQ-001,2025-08-28 21:00:00,55.8,57.9
500KV-BYQ-002,2025-08-28 21:00:00,52.5,55.2
500KV-BYQ-003,2025-08-28 21:00:00,66.5,68.8
500KV-BYQ-001,2025-08-28 22:00:00,44.5,46.7
500KV-BYQ-002,2025-08-28 22:00:00,47.9,50.2
500KV-BYQ-003,2025-08-28 22:00:00,49.3,52.1
500KV-BYQ-001,2025-08-28 23:00:00,48.2,51.0
500KV-BYQ-002,2025-08-28 23:00:00,62.0,63.9
500KV-BYQ-003,2025-08-28 23:00:00,48.7,50.6
500KV-BYQ-001,2025-08-29 00:00:00,58.2,60.0
500KV-BYQ-002,2025-08-29 00:00:00,58.3,60.2
500KV-BYQ-003,2025-08-29 00:00:00,62.6,64.8
500KV-BYQ-001,2025-08-29 01:00:00,52.8,54.1
500KV-BYQ-002,2025-08-29 01:00:00,46.0,48.0
500KV-BYQ-003,2025-08-29 01:00:00,55.5,56.9
500KV-BYQ-001,2025-08-29 02:00:00,55.2,58.1
500KV-BYQ-002,2025-08-29 02:00:00,54.5,57.3
500KV-BYQ-003,2025-08-29 02:00:00,46.9,49.3
500KV-BYQ-001,2025-08-29 03:00:00,45.9,48.8
500KV-BYQ-002,2025-08-29 03:00:00,45.5,48.3
500KV-BYQ-003,2025-08-29 03:00:00,46.1,49.0
500KV-BYQ-001,2025-08-29 04:00:00,48.0,50.8
500KV-BYQ-002,2025-08-29 04:00:00,46.3,48.0
500KV-BYQ-003,2025-08-29 04:00:00,59.0,60.7
500KV-BYQ-001,2025-08-29 05:00:00,53.2,54.7
500KV-BYQ-002,2025-08-29 05:00:00,61.3,62.8
500KV-BYQ-003,2025-08-29 05:00:00,56.9,58.6
500KV-BYQ-001,2025-08-29 06:00:00,57.4,59.2
500KV-BYQ-002,2025-08-29 06:00:00,42.7,44.2
500KV-BYQ-003,2025-08-29 06:00:00,44.4,46.6
500KV-BYQ-001,2025-08-29 07:00:00,47.0,48.1
500KV-BYQ-002,2025-08-29 07:00:00,54.0,55.0
500KV-BYQ-003,2025-08-29 07:00:00,64.9,67.5
500KV-BYQ-001,2025-08-29 08:00:00,64.5,67.0
500KV-BYQ-002,2025-08-29 08:00:00,54.4,56.1
500KV-BYQ-003,2025-08-29 08:00:00,69.2,70.7
500KV-BYQ-001,2025-08-29 09:00:00,66.4,68.4
500KV-BYQ-002,2025-08-29 09:00:00,47.1,48.7
500KV-BYQ-003,2025-08-29 09:00:00,51.6,54.0
500KV-BYQ-001,2025-08-29 10:00:00,61.0,63.9
500KV-BYQ-002,2025-08-29 10:00:00,57.1,59.2
500KV-BYQ-003,2025-08-29 10:00:00,62.7,64.0
500KV-BYQ-001,2025-08-29 11:00:00,56.9,59.8
500KV-BYQ-002,2025-08-29 11:00:00,54.5,56.5
500KV-BYQ-003,2025-08-29 11:00:00,57.0,58.7
500KV-BYQ-001,2025-08-29 12:00:00,49.7,51.6
500KV-BYQ-002,2025-08-29 12:00:00,48.2,49.8
500KV-BYQ-003,2025-08-29 12:00:00,49.1,50.6
500KV-BYQ-001,2025-08-29 13:00:00,61.1,63.5
500KV-BYQ-002,2025-08-29 13:00:00,57.5,59.5
500KV-BYQ-003,2025-08-29 13:00:00,61.8,64.0
500KV-BYQ-001,2025-08-29 14:00:00,52.9,54.3
500KV-BYQ-002,2025-08-29 14:00:00,59.9,61.9
500KV-BYQ-003,2025-08-29 14:00:00,49.5,50.9
500KV-BYQ-001,2025-08-29 15:00:00,56.4,57.5
500KV-BYQ-002,2025-08-29 15:00:00,49.4,52.3
500KV-BYQ-003,2025-08-29 15:00:00,59.3,60.5
500KV-BYQ-001,2025-08-29 16:00:00,66.7,68.0
500KV-BYQ-002,2025-08-29 16:00:00,70.7,73.0
500KV-BYQ-003,2025-08-29 16:00:00,55.1,58.0
500KV-BYQ-001,2025-08-29 17:00:00,51.1,53.0
500KV-BYQ-002,2025-08-29 17:00:00,63.8,66.2
500KV-BYQ-003,2025-08-29 17:00:00,67.8,69.6
500KV-BYQ-001,2025-08-29 18:00:00,63.3,65.9
500KV-BYQ-002,2025-08-29 18:00:00,50.5,52.5
500KV-BYQ-003,2025-08-29 18:00:00,51.6,53.6
500KV-BYQ-001,2025-08-29 19:00:00,62.0,63.8
500KV-BYQ-002,2025-08-29 19:00:00,54.3,56.5
500KV-BYQ-003,2025-08-29 19:00:00,47.3,49.6
500KV-BYQ-001,2025-08-29 20:00:00,46.3,47.7
500KV-BYQ-002,2025-08-29 20:00:00,58.4,59.5
500KV-BYQ-003,2025-08-29 20:00:00,57.0,59.5
500KV-BYQ-001,2025-08-29 21:00:00,68.3,69.9
500KV-BYQ-002,2025-08-29 21:00:00,64.5,67.4
500KV-BYQ-003,2025-08-29 21:00:00,48.8,49.8
500KV-BYQ-001,2025-08-29 22:00:00,49.9,51.3
500KV-BYQ-002,2025-08-29 22:00:00,51.2,54.2
500KV-BYQ-003,2025-08-29 22:00:00,50.2,53.1
500KV-BYQ-001,2025-08-29 23:00:00,45.3,48.3
500KV-BYQ-002,2025-08-29 23:00:00,58.6,61.2
500KV-BYQ-003,2025-08-29 23:00:00,60.5,62.7
